// inter.h
// Smooth fonts made from Inter (SIL Open Font License) by tools/fonts/make_fonts.py.
// Each glyph is a block of 4-bit coverage values, two per byte, high half first.
#pragma once

struct Glyph {
  uint16_t off;        // start of the glyph in the font's data
  uint8_t w, h;        // size in pixels
  int8_t xo, yo;       // top-left corner, from the pen position on the baseline
  uint8_t adv;         // pen movement
};
struct Font {
  const uint8_t *bits;
  const Glyph *glyph;
  uint8_t first, last; // character range. Others are skipped
  uint8_t size, cap;   // pixel size, height of a capital letter
};

// TINY: Inter-SemiBold.ttf, 11 px
static const uint8_t TINY_BITS[] PROGMEM = {
  0x0F, 0x80, 0xF7, 0x0E, 0x70, 0xE7, 0x0E, 0x60, 0x00, 0x01, 0x00, 0xD7, 0xD7, 0xB9, 0xC6, 0xA9, 0xC5, 0x98, 0x00, 0xD4, 0x1F, 0x10, 0x0F, 0x13,
  0xD0, 0x4F, 0xFF, 0xFF, 0xD1, 0x6C, 0x29, 0x92, 0x07, 0x90, 0xA6, 0x0B, 0xFF, 0xFF, 0xF6, 0x2D, 0x63, 0xF3, 0x10, 0xE2, 0x2E, 0x00, 0x00, 0x0A,
  0x00, 0x00, 0x4C, 0xFE, 0x70, 0x2F, 0x9B, 0x6F, 0x53, 0xF5, 0xA0, 0x32, 0x0B, 0xFE, 0x71, 0x00, 0x04, 0xCD, 0xE3, 0x36, 0x0A, 0x0D, 0x94, 0xF8,
  0xB6, 0xF7, 0x07, 0xDF, 0xE9, 0x00, 0x00, 0xA0, 0x00, 0x6E, 0xB1, 0x00, 0x96, 0x0D, 0x5B, 0x60, 0x5B, 0x00, 0xD3, 0xA6, 0x1D, 0x20, 0x06, 0xEC,
  0x1A, 0x50, 0x00, 0x00, 0x06, 0xA1, 0xBE, 0x60, 0x02, 0xD1, 0x5C, 0x5E, 0x00, 0xB4, 0x05, 0xB5, 0xE0, 0x79, 0x00, 0x1B, 0xE6, 0x03, 0xCE, 0x90,
  0x00, 0x0C, 0xA4, 0xF3, 0x00, 0x0A, 0x94, 0xE1, 0x00, 0x04, 0xFE, 0x20, 0x00, 0x2E, 0xAF, 0x68, 0xA0, 0x7E, 0x05, 0xFD, 0x70, 0x5F, 0x53, 0xDF,
  0x30, 0x08, 0xEE, 0xAB, 0xC0, 0xD7, 0xC6, 0xC5, 0x0D, 0x74, 0xF2, 0x9C, 0x0C, 0x90, 0xE7, 0x0F, 0x70, 0xD8, 0x0A, 0xC0, 0x5F, 0x20, 0xD7, 0x6E,
  0x10, 0x1E, 0x60, 0x0B, 0xA0, 0x07, 0xE0, 0x06, 0xF0, 0x05, 0xF1, 0x07, 0xF0, 0x0A, 0xC0, 0x1E, 0x70, 0x6E, 0x10, 0x02, 0x76, 0x20, 0x1B, 0xDD,
  0xA0, 0x1A, 0xDD, 0x90, 0x02, 0x76, 0x20, 0x00, 0xE5, 0x00, 0x00, 0xE5, 0x00, 0xFF, 0xFF, 0xF6, 0x22, 0xE6, 0x21, 0x00, 0xE5, 0x00, 0x0E, 0x62,
  0xF2, 0x4C, 0x00, 0x4F, 0xFF, 0x51, 0x22, 0x21, 0x01, 0x00, 0xD6, 0x00, 0x27, 0x00, 0x8B, 0x00, 0xC7, 0x01, 0xF3, 0x05, 0xD0, 0x09, 0x90, 0x0D,
  0x50, 0x2F, 0x10, 0x6C, 0x00, 0xA8, 0x00, 0x03, 0xCF, 0xD5, 0x00, 0xDB, 0x38, 0xF2, 0x4F, 0x30, 0x0E, 0x86, 0xF1, 0x00, 0xCA, 0x6F, 0x10, 0x0C,
  0xA4, 0xF3, 0x00, 0xE8, 0x0D, 0xB3, 0x8F, 0x20, 0x3C, 0xFD, 0x50, 0x06, 0xFD, 0x6E, 0xCD, 0x41, 0x9D, 0x00, 0x9D, 0x00, 0x9D, 0x00, 0x9D, 0x00,
  0x9D, 0x00, 0x9D, 0x05, 0xDF, 0xC3, 0x02, 0xF8, 0x3B, 0xD0, 0x27, 0x10, 0x5F, 0x00, 0x00, 0x0C, 0xB0, 0x00, 0x0A, 0xD2, 0x00, 0x0A, 0xD2, 0x00,
  0x0A, 0xE4, 0x22, 0x04, 0xFF, 0xFF, 0xF3, 0x04, 0xDF, 0xD5, 0x02, 0xF8, 0x39, 0xF1, 0x00, 0x00, 0x7E, 0x10, 0x05, 0xFE, 0x50, 0x00, 0x13, 0x9E,
  0x22, 0x50, 0x01, 0xF6, 0x3F, 0x83, 0x8F, 0x30, 0x6D, 0xFD, 0x50, 0x00, 0x06, 0xFC, 0x00, 0x02, 0xEE, 0xC0, 0x00, 0xBB, 0x9C, 0x00, 0x6E, 0x29,
  0xC0, 0x2E, 0x60, 0x9C, 0x06, 0xFF, 0xFF, 0xFC, 0x13, 0x33, 0xAC, 0x20, 0x00, 0x09, 0xC0, 0x0E, 0xFF, 0xFC, 0x00, 0xF6, 0x22, 0x20, 0x2F, 0x30,
  0x00, 0x03, 0xFA, 0xEC, 0x30, 0x28, 0x53, 0xBE, 0x11, 0x20, 0x04, 0xF2, 0x4F, 0x63, 0xAE, 0x00, 0x6D, 0xFC, 0x30, 0x02, 0xBE, 0xD4, 0x00, 0xCC,
  0x38, 0xF2, 0x3F, 0x30, 0x05, 0x26, 0xF5, 0xDE, 0x60, 0x6F, 0xA3, 0x8F, 0x45, 0xF3, 0x00, 0xF7, 0x1E, 0xA3, 0x7F, 0x30, 0x3B, 0xED, 0x60, 0x8F,
  0xFF, 0xFD, 0x12, 0x22, 0xDB, 0x00, 0x04, 0xF4, 0x00, 0x0C, 0xB0, 0x00, 0x4F, 0x40, 0x00, 0xBB, 0x00, 0x04, 0xF4, 0x00, 0x0B, 0xB0, 0x00, 0x05,
  0xCE, 0xC5, 0x01, 0xF9, 0x38, 0xF1, 0x1E, 0x70, 0x7E, 0x10, 0x5F, 0xFF, 0x50, 0x2E, 0x93, 0x8E, 0x26, 0xF1, 0x01, 0xF6, 0x4F, 0x83, 0x8F, 0x40,
  0x6D, 0xFD, 0x60, 0x05, 0xDE, 0xC3, 0x03, 0xF8, 0x3A, 0xE1, 0x6F, 0x00, 0x2F, 0x54, 0xF6, 0x18, 0xF7, 0x08, 0xFF, 0x8E, 0x61, 0x42, 0x12, 0xF4,
  0x2F, 0x83, 0xBD, 0x00, 0x4D, 0xFB, 0x20, 0x01, 0x00, 0xD6, 0x00, 0x00, 0x00, 0x01, 0x00, 0xD6, 0x01, 0x00, 0xC8, 0x00, 0x00, 0x00, 0x00, 0x00,
  0xE6, 0x2F, 0x24, 0xC0, 0x00, 0x00, 0x00, 0x10, 0x00, 0x06, 0xD4, 0x01, 0x7E, 0xE8, 0x11, 0xED, 0x60, 0x00, 0x1A, 0xFB, 0x40, 0x00, 0x02, 0x9E,
  0xD2, 0x00, 0x00, 0x18, 0x30, 0xDF, 0xFF, 0xF4, 0x22, 0x22, 0x21, 0xDF, 0xFF, 0xF4, 0x22, 0x22, 0x21, 0x10, 0x00, 0x00, 0xC9, 0x20, 0x00, 0x5B,
  0xFA, 0x30, 0x00, 0x3A, 0xF6, 0x02, 0x8E, 0xD4, 0x9F, 0xC5, 0x00, 0x84, 0x00, 0x00, 0x09, 0xEE, 0x80, 0x6F, 0x46, 0xF4, 0x34, 0x01, 0xF6, 0x00,
  0x1B, 0xE2, 0x00, 0xAD, 0x20, 0x00, 0xD6, 0x00, 0x00, 0x10, 0x00, 0x00, 0xE6, 0x00, 0x00, 0x29, 0xDF, 0xEA, 0x30, 0x00, 0x3E, 0xA4, 0x24, 0x8E,
  0x40, 0x0D, 0x92, 0xCE, 0xAC, 0x6D, 0x04, 0xF1, 0xAA, 0x3B, 0xC0, 0xD4, 0x6D, 0x0E, 0x20, 0x5C, 0x0B, 0x66, 0xC0, 0xE2, 0x05, 0xC0, 0xC5, 0x4E,
  0x0B, 0x93, 0xBE, 0x4E, 0x20, 0xE8, 0x2C, 0xE6, 0xBE, 0x80, 0x04, 0xFB, 0x53, 0x35, 0x00, 0x00, 0x03, 0x9D, 0xFE, 0xB1, 0x00, 0x00, 0x2F, 0xF1,
  0x00, 0x00, 0x7D, 0xE6, 0x00, 0x00, 0xC9, 0xAC, 0x00, 0x02, 0xF5, 0x6F, 0x20, 0x08, 0xF1, 0x1F, 0x70, 0x0D, 0xFF, 0xFF, 0xD0, 0x3F, 0x72, 0x27,
  0xF3, 0x8F, 0x10, 0x01, 0xE8, 0x3F, 0xFF, 0xE9, 0x03, 0xF5, 0x26, 0xF5, 0x3F, 0x40, 0x4F, 0x43, 0xFF, 0xFF, 0x80, 0x3F, 0x52, 0x5F, 0x63, 0xF4,
  0x00, 0xBB, 0x3F, 0x52, 0x4E, 0x93, 0xFF, 0xFE, 0xA1, 0x01, 0x8E, 0xFC, 0x40, 0x0B, 0xE5, 0x39, 0xF2, 0x3F, 0x50, 0x00, 0x95, 0x6F, 0x10, 0x00,
  0x00, 0x6F, 0x10, 0x00, 0x00, 0x3F, 0x50, 0x00, 0x95, 0x0B, 0xD5, 0x39, 0xE2, 0x01, 0x9E, 0xFC, 0x30, 0x3F, 0xFF, 0xD8, 0x00, 0x3F, 0x52, 0x5E,
  0xA0, 0x3F, 0x40, 0x05, 0xF2, 0x3F, 0x40, 0x01, 0xF5, 0x3F, 0x40, 0x01, 0xF5, 0x3F, 0x40, 0x05, 0xF2, 0x3F, 0x52, 0x5E, 0xA0, 0x3F, 0xFF, 0xD8,
  0x00, 0x3F, 0xFF, 0xFF, 0x03, 0xF5, 0x22, 0x20, 0x3F, 0x40, 0x00, 0x03, 0xFF, 0xFF, 0xB0, 0x3F, 0x52, 0x22, 0x03, 0xF4, 0x00, 0x00, 0x3F, 0x52,
  0x22, 0x03, 0xFF, 0xFF, 0xF0, 0x3F, 0xFF, 0xFE, 0x3F, 0x52, 0x22, 0x3F, 0x40, 0x00, 0x3F, 0x40, 0x00, 0x3F, 0xFF, 0xF8, 0x3F, 0x52, 0x21, 0x3F,
  0x40, 0x00, 0x3F, 0x40, 0x00, 0x01, 0x8E, 0xFB, 0x30, 0x0B, 0xD5, 0x3A, 0xE2, 0x3F, 0x40, 0x00, 0x95, 0x6F, 0x10, 0x00, 0x00, 0x6F, 0x10, 0x9F,
  0xFA, 0x3F, 0x50, 0x12, 0xD9, 0x0B, 0xD5, 0x38, 0xF3, 0x01, 0x9E, 0xFC, 0x40, 0x3F, 0x40, 0x00, 0xF6, 0x3F, 0x40, 0x00, 0xF6, 0x3F, 0x40, 0x00,
  0xF6, 0x3F, 0xFF, 0xFF, 0xF6, 0x3F, 0x52, 0x23, 0xF6, 0x3F, 0x40, 0x00, 0xF6, 0x3F, 0x40, 0x00, 0xF6, 0x3F, 0x40, 0x00, 0xF6, 0x3F, 0x43, 0xF4,
  0x3F, 0x43, 0xF4, 0x3F, 0x43, 0xF4, 0x3F, 0x43, 0xF4, 0x00, 0x00, 0xD9, 0x00, 0x00, 0xD9, 0x00, 0x00, 0xD9, 0x00, 0x00, 0xD9, 0x00, 0x00, 0xD9,
  0x7B, 0x00, 0xD8, 0x6F, 0x54, 0xF6, 0x09, 0xEE, 0x90, 0x3F, 0x40, 0x1C, 0xD1, 0x3F, 0x40, 0xAE, 0x20, 0x3F, 0x38, 0xF4, 0x00, 0x3F, 0x8F, 0x80,
  0x00, 0x3F, 0xFC, 0xE1, 0x00, 0x3F, 0x61, 0xDB, 0x00, 0x3F, 0x40, 0x4F, 0x60, 0x3F, 0x40, 0x09, 0xE2, 0x3F, 0x40, 0x00, 0x3F, 0x40, 0x00, 0x3F,
  0x40, 0x00, 0x3F, 0x40, 0x00, 0x3F, 0x40, 0x00, 0x3F, 0x40, 0x00, 0x3F, 0x63, 0x32, 0x3F, 0xFF, 0xFC, 0x3F, 0xF2, 0x00, 0x1E, 0xF5, 0x3F, 0xE8,
  0x00, 0x6E, 0xF5, 0x3F, 0xBD, 0x00, 0xBB, 0xF5, 0x3F, 0x6F, 0x42, 0xF6, 0xF5, 0x3F, 0x3D, 0x97, 0xE2, 0xF5, 0x3F, 0x37, 0xDB, 0x91, 0xF5, 0x3F,
  0x32, 0xFE, 0x41, 0xF5, 0x3F, 0x30, 0xBD, 0x01, 0xF5, 0x3F, 0xB0, 0x00, 0xE8, 0x3F, 0xF5, 0x00, 0xE8, 0x3F, 0xAE, 0x10, 0xE8, 0x3F, 0x4D, 0x90,
  0xE8, 0x3F, 0x45, 0xF4, 0xE8, 0x3F, 0x40, 0xAC, 0xD8, 0x3F, 0x40, 0x1E, 0xF8, 0x3F, 0x40, 0x06, 0xF8, 0x01, 0x8E, 0xEB, 0x30, 0x0B, 0xD5, 0x39,
  0xF3, 0x3F, 0x50, 0x00, 0xDA, 0x6F, 0x10, 0x00, 0x9D, 0x6F, 0x10, 0x00, 0x9D, 0x3F, 0x50, 0x00, 0xDA, 0x0B, 0xD5, 0x39, 0xF3, 0x01, 0x9E, 0xEC,
  0x40, 0x3F, 0xFF, 0xE8, 0x03, 0xF5, 0x26, 0xF6, 0x3F, 0x40, 0x0D, 0x93, 0xF4, 0x04, 0xF7, 0x3F, 0xFF, 0xFA, 0x03, 0xF5, 0x21, 0x00, 0x3F, 0x40,
  0x00, 0x03, 0xF4, 0x00, 0x00, 0x01, 0x8E, 0xEB, 0x30, 0x0B, 0xE7, 0x5B, 0xF3, 0x3F, 0x50, 0x00, 0xDA, 0x6F, 0x10, 0x00, 0x9D, 0x6F, 0x10, 0x00,
  0x9D, 0x3F, 0x50, 0xA4, 0xDA, 0x0B, 0xE7, 0x9F, 0xF3, 0x01, 0x9E, 0xED, 0xD1, 0x00, 0x00, 0x00, 0x64, 0x3F, 0xFF, 0xD8, 0x03, 0xF5, 0x26, 0xF5,
  0x3F, 0x40, 0x0D, 0x93, 0xF4, 0x03, 0xF7, 0x3F, 0xFF, 0xFB, 0x13, 0xF5, 0x3E, 0x80, 0x3F, 0x40, 0x8E, 0x23, 0xF4, 0x01, 0xE9, 0x04, 0xCF, 0xD7,
  0x01, 0xF9, 0x36, 0xF5, 0x3F, 0x50, 0x03, 0x20, 0xBF, 0xC7, 0x20, 0x00, 0x49, 0xDE, 0x33, 0x60, 0x00, 0xD9, 0x3F, 0x73, 0x5F, 0x70, 0x6D, 0xFE,
  0x80, 0x8F, 0xFF, 0xFF, 0xC1, 0x23, 0xF7, 0x22, 0x00, 0x1F, 0x50, 0x00, 0x01, 0xF5, 0x00, 0x00, 0x1F, 0x50, 0x00, 0x01, 0xF5, 0x00, 0x00, 0x1F,
  0x50, 0x00, 0x01, 0xF5, 0x00, 0x3F, 0x40, 0x02, 0xF4, 0x3F, 0x40, 0x02, 0xF4, 0x3F, 0x40, 0x02, 0xF4, 0x3F, 0x40, 0x02, 0xF4, 0x3F, 0x40, 0x02,
  0xF4, 0x2F, 0x50, 0x03, 0xF4, 0x0C, 0xC4, 0x3C, 0xD0, 0x02, 0xAE, 0xEB, 0x20, 0x8E, 0x10, 0x01, 0xE8, 0x3F, 0x50, 0x05, 0xF3, 0x0D, 0xA0, 0x0A,
  0xD0, 0x07, 0xF1, 0x0E, 0x80, 0x02, 0xF5, 0x5F, 0x20, 0x00, 0xCA, 0x9C, 0x00, 0x00, 0x6E, 0xD7, 0x00, 0x00, 0x1F, 0xF2, 0x00, 0x9E, 0x00, 0x4F,
  0x70, 0x0B, 0xC5, 0xF3, 0x08, 0xFB, 0x00, 0xE8, 0x1F, 0x60, 0xCB, 0xF0, 0x3F, 0x40, 0xCA, 0x1F, 0x5F, 0x47, 0xF0, 0x08, 0xE4, 0xF1, 0xC7, 0xAB,
  0x00, 0x4F, 0x9B, 0x08, 0xBD, 0x70, 0x00, 0xEE, 0x70, 0x4E, 0xF3, 0x00, 0x0B, 0xF3, 0x00, 0xEE, 0x00, 0x3F, 0x70, 0x08, 0xE2, 0x07, 0xF2, 0x3F,
  0x60, 0x00, 0xCB, 0xCB, 0x00, 0x00, 0x3F, 0xE2, 0x00, 0x00, 0x4F, 0xF3, 0x00, 0x01, 0xD9, 0xBD, 0x10, 0x0A, 0xE1, 0x2E, 0x90, 0x5F, 0x40, 0x06,
  0xF4, 0x7F, 0x30, 0x06, 0xF4, 0x0C, 0xC0, 0x0D, 0xA0, 0x04, 0xF5, 0x7F, 0x20, 0x00, 0xAD, 0xE8, 0x00, 0x00, 0x1E, 0xD1, 0x00, 0x00, 0x0C, 0xA0,
  0x00, 0x00, 0x0C, 0xA0, 0x00, 0x00, 0x0C, 0xA0, 0x00, 0x6F, 0xFF, 0xFF, 0x81, 0x22, 0x28, 0xE2, 0x00, 0x03, 0xF6, 0x00, 0x00, 0xCB, 0x00, 0x00,
  0x8E, 0x20, 0x00, 0x4F, 0x50, 0x00, 0x1D, 0xB2, 0x22, 0x15, 0xFF, 0xFF, 0xF8, 0xEF, 0x8E, 0x71, 0xE6, 0x0E, 0x60, 0xE6, 0x0E, 0x60, 0xE6, 0x0E,
  0x60, 0xE6, 0x0E, 0xF8, 0x22, 0x10, 0x64, 0x00, 0x8A, 0x00, 0x4E, 0x00, 0x0F, 0x30, 0x0B, 0x70, 0x07, 0xB0, 0x03, 0xF1, 0x00, 0xE5, 0x00, 0xA9,
  0x00, 0x6D, 0x6F, 0xF1, 0x16, 0xF1, 0x04, 0xF1, 0x04, 0xF1, 0x04, 0xF1, 0x04, 0xF1, 0x04, 0xF1, 0x04, 0xF1, 0x04, 0xF1, 0x6F, 0xF1, 0x12, 0x20,
  0x01, 0x73, 0x00, 0x7D, 0xB0, 0x0D, 0x3D, 0x36, 0xB0, 0x7A, 0xFF, 0xFF, 0xF2, 0x22, 0x22, 0x20, 0x0A, 0x80, 0x02, 0x08, 0xEE, 0xA1, 0x3B, 0x54,
  0xE7, 0x02, 0x68, 0xE9, 0x5E, 0x74, 0xD9, 0x8D, 0x35, 0xF9, 0x2C, 0xEA, 0xC9, 0x4F, 0x20, 0x00, 0x04, 0xF2, 0x00, 0x00, 0x4F, 0x7E, 0xD5, 0x04,
  0xFA, 0x39, 0xF2, 0x4F, 0x30, 0x2F, 0x54, 0xF3, 0x02, 0xF5, 0x4F, 0xA3, 0x9F, 0x24, 0xF7, 0xED, 0x50, 0x05, 0xDE, 0xB2, 0x3F, 0x83, 0xCB, 0x7E,
  0x00, 0x10, 0x7F, 0x00, 0x10, 0x3F, 0x83, 0xBB, 0x05, 0xDF, 0xB2, 0x00, 0x00, 0x4F, 0x20, 0x00, 0x04, 0xF2, 0x07, 0xED, 0x8F, 0x23, 0xF8, 0x3C,
  0xF2, 0x7E, 0x00, 0x5F, 0x27, 0xE0, 0x05, 0xF2, 0x3F, 0x83, 0xCF, 0x20, 0x7E, 0xD7, 0xF2, 0x05, 0xDF, 0xB2, 0x03, 0xF5, 0x3A, 0xC0, 0x7F, 0xFF,
  0xFF, 0x07, 0xE2, 0x22, 0x20, 0x3F, 0x83, 0xA9, 0x00, 0x5D, 0xFC, 0x30, 0x04, 0xDE, 0x10, 0xBB, 0x20, 0xDF, 0xFE, 0x02, 0xCA, 0x20, 0x0C, 0x90,
  0x00, 0xC9, 0x00, 0x0C, 0x90, 0x00, 0xC9, 0x00, 0x07, 0xED, 0x7F, 0x23, 0xF8, 0x3C, 0xF2, 0x7F, 0x00, 0x5F, 0x27, 0xE0, 0x04, 0xF2, 0x4F, 0x83,
  0xBF, 0x20, 0x7E, 0xD7, 0xF2, 0x17, 0x43, 0x9E, 0x10, 0x8E, 0xEC, 0x40, 0x4F, 0x20, 0x00, 0x4F, 0x20, 0x00, 0x4F, 0x7E, 0xD4, 0x4F, 0x93, 0xBD,
  0x4F, 0x20, 0x6F, 0x4F, 0x20, 0x6F, 0x4F, 0x20, 0x6F, 0x4F, 0x20, 0x6F, 0x3E, 0x20, 0x10, 0x4F, 0x24, 0xF2, 0x4F, 0x24, 0xF2, 0x4F, 0x24, 0xF2,
  0x03, 0xE2, 0x00, 0x10, 0x04, 0xF2, 0x04, 0xF2, 0x04, 0xF2, 0x04, 0xF2, 0x04, 0xF2, 0x04, 0xF2, 0x08, 0xF1, 0x3E, 0x80, 0x4F, 0x20, 0x00, 0x04,
  0xF2, 0x00, 0x00, 0x4F, 0x22, 0xE9, 0x04, 0xF3, 0xDB, 0x00, 0x4F, 0xDE, 0x10, 0x04, 0xFB, 0xF5, 0x00, 0x4F, 0x29, 0xE2, 0x04, 0xF2, 0x1C, 0xC0,
  0x4F, 0x24, 0xF2, 0x4F, 0x24, 0xF2, 0x4F, 0x24, 0xF2, 0x4F, 0x24, 0xF2, 0x4F, 0x7E, 0xC4, 0xDE, 0x70, 0x4F, 0x83, 0xED, 0x38, 0xF1, 0x4F, 0x20,
  0xBA, 0x04, 0xF2, 0x4F, 0x20, 0xBA, 0x04, 0xF2, 0x4F, 0x20, 0xBA, 0x04, 0xF2, 0x4F, 0x20, 0xBA, 0x04, 0xF2, 0x4F, 0x7E, 0xD4, 0x4F, 0x93, 0xBD,
  0x4F, 0x20, 0x6F, 0x4F, 0x20, 0x6F, 0x4F, 0x20, 0x6F, 0x4F, 0x20, 0x6F, 0x05, 0xDF, 0xB2, 0x03, 0xF8, 0x3C, 0xD0, 0x7F, 0x00, 0x4F, 0x27, 0xF0,
  0x04, 0xF2, 0x3F, 0x83, 0xCD, 0x00, 0x5D, 0xFB, 0x20, 0x4F, 0x7E, 0xD5, 0x04, 0xFA, 0x39, 0xF2, 0x4F, 0x30, 0x2F, 0x54, 0xF3, 0x02, 0xF5, 0x4F,
  0xA3, 0x9F, 0x24, 0xF8, 0xED, 0x50, 0x4F, 0x20, 0x00, 0x04, 0xF2, 0x00, 0x00, 0x07, 0xED, 0x7F, 0x23, 0xF8, 0x3B, 0xF2, 0x7E, 0x00, 0x5F, 0x27,
  0xE0, 0x05, 0xF2, 0x3F, 0x83, 0xCF, 0x20, 0x7E, 0xD8, 0xF2, 0x00, 0x00, 0x4F, 0x20, 0x00, 0x04, 0xF2, 0x00, 0x00, 0x04, 0xF8, 0xF2, 0x4F, 0x93,
  0x04, 0xF2, 0x00, 0x4F, 0x20, 0x04, 0xF2, 0x00, 0x4F, 0x20, 0x00, 0x08, 0xEE, 0x90, 0x5F, 0x54, 0xB3, 0x2E, 0xB6, 0x20, 0x01, 0x59, 0xF5, 0x5D,
  0x44, 0xE8, 0x19, 0xEE, 0xA1, 0x08, 0x30, 0x0F, 0x50, 0xDF, 0xF8, 0x2F, 0x71, 0x0F, 0x50, 0x0F, 0x50, 0x0F, 0x81, 0x08, 0xE9, 0x4F, 0x20, 0x6F,
  0x4F, 0x20, 0x6F, 0x4F, 0x20, 0x6F, 0x4F, 0x20, 0x6F, 0x2F, 0x83, 0xCF, 0x08, 0xED, 0x8F, 0x9D, 0x00, 0x6F, 0x14, 0xF3, 0x0B, 0xA0, 0x0D, 0x81,
  0xF5, 0x00, 0x7D, 0x6E, 0x00, 0x02, 0xFC, 0x80, 0x00, 0x0B, 0xF3, 0x00, 0x9C, 0x03, 0xF6, 0x09, 0xD5, 0xF1, 0x6F, 0xA0, 0xD8, 0x1F, 0x5A, 0x9E,
  0x2F, 0x40, 0xB8, 0xE2, 0xE8, 0xE0, 0x06, 0xED, 0x0A, 0xEA, 0x00, 0x2F, 0x90, 0x5F, 0x50, 0x4F, 0x31, 0xD9, 0x0A, 0xC7, 0xD1, 0x01, 0xEF, 0x50,
  0x02, 0xEE, 0x50, 0x0B, 0xA7, 0xE1, 0x6E, 0x20, 0xCA, 0x9D, 0x00, 0x6F, 0x13, 0xF3, 0x0B, 0xA0, 0x0C, 0x82, 0xF4, 0x00, 0x7D, 0x7D, 0x00, 0x01,
  0xFD, 0x70, 0x00, 0x0A, 0xF2, 0x00, 0x02, 0xBA, 0x00, 0x02, 0xFC, 0x20, 0x00, 0x4F, 0xFF, 0xF7, 0x12, 0x2A, 0xE2, 0x00, 0x5F, 0x40, 0x02, 0xE8,
  0x00, 0x0C, 0xD2, 0x21, 0x5F, 0xFF, 0xF8, 0x00, 0x7D, 0x60, 0x0F, 0x81, 0x01, 0xF4, 0x00, 0x3F, 0x30, 0x4F, 0x70, 0x01, 0x7E, 0x10, 0x01, 0xF3,
  0x00, 0x1F, 0x40, 0x00, 0xE7, 0x00, 0x07, 0xF6, 0x00, 0x00, 0x10, 0xA9, 0xA9, 0xA9, 0xA9, 0xA9, 0xA9, 0xA9, 0xA9, 0xA9, 0xA9, 0xA9, 0xA9, 0xA9,
  0x6D, 0x70, 0x01, 0x8F, 0x00, 0x04, 0xF1, 0x00, 0x3F, 0x30, 0x00, 0x7F, 0x40, 0x1E, 0x71, 0x03, 0xF1, 0x00, 0x4F, 0x10, 0x07, 0xE0, 0x06, 0xF7,
  0x00, 0x10, 0x00, 0x00, 0x08, 0xEA, 0x2B, 0x71, 0xF5, 0x9F, 0xE2, 0x03, 0x00, 0x11, 0x00, 0x08, 0xE9, 0x03, 0xD3, 0xC4, 0x4C, 0x1B, 0x40, 0xBF,
  0xB0, 0x00, 0x20, 0x00,
};
static const Glyph TINY_GLYPHS[] PROGMEM = {
  {0, 0, 0, 0, 0, 3}, {0, 3, 8, 0, -8, 4}, {12, 4, 3, 1, -8, 6}, {18, 7, 8, 0, -8, 7},
  {46, 7, 10, 0, -9, 7}, {81, 9, 8, 1, -8, 11}, {117, 8, 8, 0, -8, 7}, {149, 2, 3, 1, -8, 4},
  {152, 3, 10, 1, -9, 4}, {167, 4, 10, 0, -9, 4}, {187, 6, 4, 0, -8, 6}, {199, 6, 5, 1, -6, 7},
  {214, 3, 3, 0, -1, 4}, {219, 5, 2, 0, -4, 5}, {224, 3, 2, 0, -2, 4}, {227, 4, 10, 0, -9, 4},
  {247, 7, 8, 0, -8, 7}, {275, 4, 8, 0, -8, 5}, {291, 7, 8, 0, -8, 7}, {319, 7, 8, 0, -8, 7},
  {347, 7, 8, 0, -8, 7}, {375, 7, 8, 0, -8, 7}, {403, 7, 8, 0, -8, 7}, {431, 6, 8, 0, -8, 6},
  {455, 7, 8, 0, -8, 7}, {483, 7, 8, 0, -8, 7}, {511, 3, 6, 0, -6, 4}, {520, 3, 8, 0, -6, 4},
  {532, 7, 7, 0, -7, 7}, {557, 6, 4, 1, -5, 7}, {569, 6, 7, 1, -7, 7}, {590, 6, 8, 0, -8, 6},
  {614, 11, 10, 0, -8, 11}, {669, 8, 8, 0, -8, 8}, {701, 7, 8, 0, -8, 7}, {729, 8, 8, 0, -8, 8},
  {761, 8, 8, 0, -8, 8}, {793, 7, 8, 0, -8, 7}, {821, 6, 8, 0, -8, 6}, {845, 8, 8, 0, -8, 8},
  {877, 8, 8, 0, -8, 8}, {909, 3, 8, 0, -8, 3}, {921, 6, 8, 0, -8, 6}, {945, 8, 8, 0, -8, 8},
  {977, 6, 8, 0, -8, 6}, {1001, 10, 8, 0, -8, 10}, {1041, 8, 8, 0, -8, 8}, {1073, 8, 8, 0, -8, 8},
  {1105, 7, 8, 0, -8, 7}, {1133, 8, 9, 0, -8, 9}, {1169, 7, 8, 0, -8, 7}, {1197, 7, 8, 0, -8, 7},
  {1225, 7, 8, 0, -8, 7}, {1253, 8, 8, 0, -8, 8}, {1285, 8, 8, 0, -8, 8}, {1317, 11, 8, 0, -8, 11},
  {1361, 8, 8, 0, -8, 8}, {1393, 8, 8, 0, -8, 8}, {1425, 7, 8, 0, -8, 7}, {1453, 3, 11, 1, -9, 4},
  {1470, 4, 10, 0, -9, 4}, {1490, 4, 11, 0, -9, 4}, {1512, 5, 4, 0, -8, 5}, {1522, 6, 2, 0, 0, 5},
  {1528, 3, 2, 0, -8, 4}, {1531, 6, 6, 0, -6, 6}, {1549, 7, 8, 0, -8, 7}, {1577, 6, 6, 0, -6, 6},
  {1595, 7, 8, 0, -8, 7}, {1623, 7, 6, 0, -6, 7}, {1644, 5, 8, 0, -8, 4}, {1664, 7, 8, 0, -6, 7},
  {1692, 6, 8, 0, -8, 7}, {1716, 3, 8, 0, -8, 3}, {1728, 4, 10, -1, -8, 3}, {1748, 7, 8, 0, -8, 6},
  {1776, 3, 8, 0, -8, 3}, {1788, 10, 6, 0, -6, 10}, {1818, 6, 6, 0, -6, 7}, {1836, 7, 6, 0, -6, 7},
  {1857, 7, 8, 0, -6, 7}, {1885, 7, 8, 0, -6, 7}, {1913, 5, 7, 0, -7, 4}, {1931, 6, 6, 0, -6, 6},
  {1949, 4, 8, 0, -8, 4}, {1965, 6, 6, 0, -6, 7}, {1983, 7, 6, 0, -6, 6}, {2004, 9, 6, 0, -6, 9},
  {2031, 6, 6, 0, -6, 6}, {2049, 7, 8, 0, -6, 6}, {2077, 6, 6, 0, -6, 6}, {2095, 5, 11, 0, -8, 5},
  {2123, 2, 13, 1, -10, 4}, {2136, 5, 11, 0, -8, 5}, {2164, 7, 3, 0, -4, 7}, {2175, 5, 5, 0, -8, 5},
};
static const Font TINY_FONT = {TINY_BITS, TINY_GLYPHS, 32, 127, 11, 8};

// SMALL: Inter-Medium.ttf, 15 px
static const uint8_t SMALL_BITS[] PROGMEM = {
  0x9F, 0x29, 0xF2, 0x9F, 0x28, 0xF2, 0x8F, 0x18, 0xF1, 0x8F, 0x10, 0x00, 0x00, 0x09, 0xF3, 0x8E, 0x30, 0x7F, 0x2B, 0xD6, 0xF1, 0xBC, 0x6F, 0x1A,
  0xC5, 0xF0, 0x9B, 0x00, 0x0E, 0x50, 0x2F, 0x20, 0x00, 0x2F, 0x30, 0x4F, 0x00, 0x00, 0x4F, 0x00, 0x7D, 0x00, 0x0F, 0xFF, 0xFF, 0xFF, 0xF4, 0x15,
  0xBC, 0x55, 0xDA, 0x51, 0x00, 0xB8, 0x00, 0xE6, 0x00, 0x11, 0xE6, 0x12, 0xF4, 0x10, 0xAF, 0xFF, 0xFF, 0xFF, 0x90, 0x37, 0xF4, 0x49, 0xE4, 0x20,
  0x06, 0xD0, 0x09, 0xB0, 0x00, 0x09, 0xB0, 0x0B, 0x80, 0x00, 0x00, 0x00, 0x85, 0x00, 0x00, 0x05, 0xCF, 0xFC, 0x50, 0x06, 0xFC, 0xCA, 0xDF, 0x40,
  0xDD, 0x08, 0x51, 0xEA, 0x0D, 0xE1, 0x85, 0x00, 0x00, 0x7F, 0xDC, 0x60, 0x00, 0x00, 0x5C, 0xFF, 0xD5, 0x00, 0x00, 0x09, 0x9C, 0xF6, 0x02, 0x10,
  0x85, 0x0D, 0xD1, 0xFA, 0x08, 0x50, 0xDC, 0x0A, 0xFA, 0xBA, 0xCF, 0x60, 0x18, 0xDF, 0xFC, 0x60, 0x00, 0x00, 0x85, 0x00, 0x00, 0x00, 0x08, 0x50,
  0x00, 0x08, 0xED, 0x30, 0x00, 0x0C, 0x70, 0x03, 0xF6, 0xAC, 0x00, 0x08, 0xC0, 0x00, 0x6D, 0x04, 0xF0, 0x03, 0xE2, 0x00, 0x04, 0xF2, 0x8D, 0x01,
  0xD7, 0x00, 0x00, 0x0C, 0xFF, 0x60, 0x9B, 0x00, 0x00, 0x00, 0x03, 0x20, 0x4E, 0x20, 0x00, 0x00, 0x00, 0x00, 0x1D, 0x60, 0x5E, 0xF8, 0x00, 0x00,
  0x09, 0xB0, 0x0E, 0x86, 0xF3, 0x00, 0x04, 0xE2, 0x01, 0xF2, 0x0E, 0x50, 0x01, 0xE5, 0x00, 0x0E, 0x97, 0xF3, 0x00, 0xAA, 0x00, 0x00, 0x5E, 0xE7,
  0x00, 0x00, 0x5D, 0xFC, 0x30, 0x00, 0x02, 0xFB, 0x5C, 0xD0, 0x00, 0x05, 0xF3, 0x07, 0xF1, 0x00, 0x03, 0xF7, 0x2D, 0xC0, 0x00, 0x00, 0x9F, 0xED,
  0x10, 0x00, 0x01, 0xAF, 0xF2, 0x00, 0x00, 0x0B, 0xF6, 0xDC, 0x18, 0xE0, 0x3F, 0x80, 0x3E, 0xBC, 0xC0, 0x3F, 0x60, 0x04, 0xFF, 0x60, 0x0D, 0xE7,
  0x6A, 0xFF, 0x60, 0x01, 0xAE, 0xEC, 0x59, 0xF4, 0x7F, 0x26, 0xF1, 0x6F, 0x15, 0xF0, 0x00, 0xDA, 0x06, 0xF4, 0x0B, 0xD0, 0x1F, 0x90, 0x4F, 0x60,
  0x6F, 0x40, 0x7F, 0x20, 0x7F, 0x30, 0x5F, 0x40, 0x2F, 0x80, 0x0C, 0xD0, 0x06, 0xF3, 0x00, 0xDA, 0x3F, 0x70, 0x00, 0xBE, 0x00, 0x06, 0xF4, 0x00,
  0x1F, 0x80, 0x00, 0xDC, 0x00, 0x0B, 0xE0, 0x00, 0x9F, 0x00, 0x0A, 0xF0, 0x00, 0xBD, 0x00, 0x1F, 0xA0, 0x05, 0xF5, 0x00, 0xBE, 0x00, 0x2F, 0x70,
  0x00, 0x00, 0x0A, 0x70, 0x00, 0xA6, 0x97, 0x88, 0x04, 0xCF, 0xFA, 0x30, 0x4C, 0xFF, 0xA3, 0x0B, 0x69, 0x78, 0x80, 0x00, 0xA7, 0x00, 0x00, 0x0B,
  0xB0, 0x00, 0x00, 0x0B, 0xB0, 0x00, 0x11, 0x1B, 0xB1, 0x11, 0x9F, 0xFF, 0xFF, 0xF9, 0x24, 0x4C, 0xC4, 0x42, 0x00, 0x0B, 0xB0, 0x00, 0x00, 0x0B,
  0xB0, 0x00, 0x08, 0xF2, 0x0A, 0xD0, 0x0D, 0x80, 0x0F, 0x40, 0x11, 0x11, 0x1E, 0xFF, 0xFD, 0x44, 0x44, 0x30, 0x00, 0x09, 0xF3, 0x8E, 0x30, 0x00,
  0x02, 0x81, 0x00, 0x07, 0xE0, 0x00, 0x0B, 0xA0, 0x00, 0x1F, 0x60, 0x00, 0x5F, 0x20, 0x00, 0x9D, 0x00, 0x00, 0xD8, 0x00, 0x02, 0xF4, 0x00, 0x07,
  0xE0, 0x00, 0x0B, 0xB0, 0x00, 0x1F, 0x70, 0x00, 0x4F, 0x20, 0x00, 0x8D, 0x00, 0x00, 0x00, 0x3B, 0xEE, 0x91, 0x00, 0x2E, 0xC6, 0x7E, 0xC0, 0x0A,
  0xF2, 0x00, 0x6F, 0x50, 0xEB, 0x00, 0x01, 0xFA, 0x2F, 0x80, 0x00, 0x0D, 0xC2, 0xF7, 0x00, 0x00, 0xCD, 0x2F, 0x80, 0x00, 0x0D, 0xC0, 0xEB, 0x00,
  0x01, 0xFA, 0x0A, 0xF1, 0x00, 0x6F, 0x50, 0x3E, 0xC6, 0x7E, 0xC0, 0x00, 0x3B, 0xEE, 0x91, 0x00, 0x00, 0x8F, 0xF0, 0x1B, 0xFE, 0xF0, 0x4D, 0x4A,
  0xF0, 0x21, 0x0A, 0xF0, 0x00, 0x0A, 0xF0, 0x00, 0x0A, 0xF0, 0x00, 0x0A, 0xF0, 0x00, 0x0A, 0xF0, 0x00, 0x0A, 0xF0, 0x00, 0x0A, 0xF0, 0x00, 0x0A,
  0xF0, 0x06, 0xDF, 0xD7, 0x00, 0x6F, 0xA5, 0x8F, 0x80, 0xDC, 0x00, 0x0A, 0xF0, 0x43, 0x00, 0x09, 0xF1, 0x00, 0x00, 0x1E, 0xB0, 0x00, 0x00, 0xBF,
  0x30, 0x00, 0x0A, 0xF6, 0x00, 0x00, 0xAF, 0x70, 0x00, 0x09, 0xF7, 0x00, 0x00, 0x8F, 0xC5, 0x55, 0x51, 0xEF, 0xFF, 0xFF, 0xF4, 0x00, 0x5C, 0xFE,
  0x91, 0x00, 0x6F, 0xB5, 0x8F, 0xA0, 0x0C, 0xC0, 0x00, 0x9F, 0x20, 0x00, 0x00, 0x08, 0xF2, 0x00, 0x00, 0x15, 0xEA, 0x00, 0x00, 0x6F, 0xFB, 0x10,
  0x00, 0x02, 0x46, 0xDD, 0x10, 0x00, 0x00, 0x04, 0xF7, 0x1C, 0x80, 0x00, 0x4F, 0x80, 0xAF, 0x95, 0x7D, 0xE2, 0x00, 0x8D, 0xFE, 0xA2, 0x00, 0x00,
  0x00, 0x0B, 0xF9, 0x00, 0x00, 0x00, 0x5F, 0xF9, 0x00, 0x00, 0x01, 0xDB, 0xF9, 0x00, 0x00, 0x08, 0xF2, 0xF9, 0x00, 0x00, 0x2F, 0x80, 0xF9, 0x00,
  0x00, 0xBE, 0x10, 0xF9, 0x00, 0x05, 0xF6, 0x00, 0xF9, 0x00, 0x0D, 0xD2, 0x11, 0xFA, 0x10, 0x3F, 0xFF, 0xFF, 0xFF, 0xF0, 0x14, 0x44, 0x44, 0xFB,
  0x40, 0x00, 0x00, 0x00, 0xF9, 0x00, 0x06, 0xFF, 0xFF, 0xFA, 0x00, 0x8F, 0x55, 0x55, 0x30, 0x09, 0xE0, 0x00, 0x00, 0x00, 0xBC, 0x00, 0x00, 0x00,
  0x0D, 0xDC, 0xFE, 0x91, 0x00, 0xAC, 0x64, 0x9F, 0xA0, 0x00, 0x00, 0x00, 0xAF, 0x10, 0x00, 0x00, 0x07, 0xF3, 0x1D, 0x80, 0x00, 0xAF, 0x10, 0xAF,
  0x85, 0x9F, 0x80, 0x01, 0x8D, 0xFD, 0x70, 0x00, 0x00, 0x2A, 0xEE, 0xA2, 0x00, 0x1D, 0xD6, 0x6E, 0xD1, 0x08, 0xF2, 0x00, 0x4E, 0x60, 0xDA, 0x00,
  0x00, 0x00, 0x1F, 0x88, 0xEF, 0xC3, 0x02, 0xFE, 0xC5, 0x6E, 0xE2, 0x2F, 0xD1, 0x00, 0x4F, 0x71, 0xFA, 0x00, 0x00, 0xF9, 0x0B, 0xD1, 0x00, 0x5F,
  0x60, 0x3F, 0xC5, 0x7E, 0xD1, 0x00, 0x4B, 0xEE, 0xA2, 0x00, 0x5F, 0xFF, 0xFF, 0xFE, 0x25, 0x55, 0x55, 0xFC, 0x00, 0x00, 0x06, 0xF5, 0x00, 0x00,
  0x0D, 0xD0, 0x00, 0x00, 0x6F, 0x50, 0x00, 0x00, 0xDD, 0x00, 0x00, 0x06, 0xF6, 0x00, 0x00, 0x0D, 0xD0, 0x00, 0x00, 0x6F, 0x60, 0x00, 0x00, 0xDD,
  0x00, 0x00, 0x05, 0xF6, 0x00, 0x00, 0x00, 0x5C, 0xFE, 0x91, 0x00, 0x5F, 0xB5, 0x8F, 0xB0, 0x0B, 0xE1, 0x00, 0x8F, 0x20, 0xBE, 0x00, 0x08, 0xF2,
  0x05, 0xF8, 0x24, 0xEB, 0x00, 0x08, 0xFF, 0xFD, 0x20, 0x08, 0xF8, 0x46, 0xDD, 0x11, 0xFA, 0x00, 0x03, 0xF8, 0x2F, 0xA0, 0x00, 0x3F, 0x80, 0xBF,
  0x95, 0x7D, 0xF3, 0x01, 0x8D, 0xFE, 0xA3, 0x00, 0x00, 0x6C, 0xED, 0x80, 0x00, 0x7F, 0xB5, 0x8F, 0xA0, 0x0E, 0xC0, 0x00, 0x8F, 0x32, 0xF7, 0x00,
  0x03, 0xF7, 0x1F, 0xA0, 0x00, 0x6F, 0x90, 0xAF, 0x71, 0x5E, 0xF9, 0x01, 0xBF, 0xFE, 0x6F, 0x80, 0x00, 0x23, 0x13, 0xF5, 0x0C, 0xA0, 0x00, 0x9E,
  0x10, 0x8F, 0x95, 0x9F, 0x60, 0x00, 0x7D, 0xFD, 0x60, 0x00, 0x00, 0x09, 0xF3, 0x8E, 0x30, 0x00, 0x00, 0x00, 0x00, 0x00, 0x09, 0xF3, 0x8E, 0x30,
  0x00, 0x00, 0x06, 0xF5, 0x06, 0xE5, 0x00, 0x00, 0x00, 0x00, 0x00, 0x00, 0x00, 0x00, 0x00, 0x00, 0x08, 0xF2, 0x0A, 0xD0, 0x0D, 0x80, 0x0F, 0x40,
  0x00, 0x00, 0x00, 0x01, 0x00, 0x00, 0x17, 0xE5, 0x00, 0x17, 0xEF, 0xB2, 0x18, 0xEF, 0x92, 0x00, 0xBF, 0xA1, 0x00, 0x00, 0x6D, 0xFA, 0x30, 0x00,
  0x00, 0x6D, 0xFB, 0x40, 0x00, 0x00, 0x5D, 0xF5, 0x00, 0x00, 0x00, 0x53, 0x01, 0x11, 0x11, 0x10, 0x6F, 0xFF, 0xFF, 0xF7, 0x24, 0x44, 0x44, 0x42,
  0x01, 0x11, 0x11, 0x10, 0x6F, 0xFF, 0xFF, 0xF7, 0x24, 0x44, 0x44, 0x42, 0x10, 0x00, 0x00, 0x00, 0x5E, 0x71, 0x00, 0x00, 0x2A, 0xFE, 0x71, 0x00,
  0x00, 0x29, 0xFE, 0x81, 0x00, 0x00, 0x19, 0xFB, 0x00, 0x03, 0xAF, 0xD6, 0x04, 0xBF, 0xD6, 0x00, 0x5F, 0xD5, 0x00, 0x00, 0x35, 0x00, 0x00, 0x00,
  0x03, 0xBE, 0xEA, 0x10, 0x1E, 0xD6, 0x7E, 0xC0, 0x5E, 0x50, 0x08, 0xF2, 0x00, 0x00, 0x0A, 0xF1, 0x00, 0x00, 0x8F, 0x90, 0x00, 0x0A, 0xF8, 0x00,
  0x00, 0x1F, 0x90, 0x00, 0x00, 0x2A, 0x40, 0x00, 0x00, 0x00, 0x00, 0x00, 0x00, 0x4F, 0x70, 0x00, 0x00, 0x4E, 0x70, 0x00, 0x00, 0x00, 0x5B, 0xDF,
  0xEB, 0x50, 0x00, 0x00, 0x2C, 0xFA, 0x65, 0x6A, 0xFB, 0x10, 0x00, 0xCD, 0x30, 0x00, 0x00, 0x3D, 0xB0, 0x07, 0xF3, 0x00, 0x00, 0x01, 0x03, 0xF4,
  0x0C, 0xA0, 0x08, 0xEF, 0xAE, 0x60, 0xCA, 0x0F, 0x60, 0x6F, 0x74, 0xAF, 0x60, 0x8D, 0x2F, 0x40, 0xC8, 0x00, 0x1F, 0x60, 0x7E, 0x2F, 0x40, 0xE6,
  0x00, 0x0E, 0x60, 0x8D, 0x1F, 0x60, 0xC9, 0x00, 0x1F, 0x60, 0xAA, 0x0D, 0xA0, 0x6F, 0x76, 0xCE, 0xB6, 0xF6, 0x07, 0xF2, 0x08, 0xEE, 0x74, 0xDE,
  0x90, 0x01, 0xDD, 0x20, 0x00, 0x00, 0x00, 0x00, 0x00, 0x2D, 0xFA, 0x65, 0x58, 0x80, 0x00, 0x00, 0x00, 0x6B, 0xEF, 0xEC, 0x80, 0x00, 0x00, 0x00,
  0xEF, 0x70, 0x00, 0x00, 0x00, 0x4F, 0xDD, 0x00, 0x00, 0x00, 0x0A, 0xE7, 0xF3, 0x00, 0x00, 0x01, 0xEA, 0x2F, 0x90, 0x00, 0x00, 0x5F, 0x60, 0xDE,
  0x00, 0x00, 0x0A, 0xF1, 0x08, 0xF4, 0x00, 0x01, 0xFC, 0x11, 0x4F, 0xA0, 0x00, 0x6F, 0xFF, 0xFF, 0xFE, 0x10, 0x0B, 0xF4, 0x44, 0x49, 0xF5, 0x02,
  0xFB, 0x00, 0x00, 0x2F, 0xB0, 0x7F, 0x50, 0x00, 0x00, 0xBF, 0x10, 0xCF, 0xFF, 0xFC, 0x50, 0x0C, 0xE5, 0x56, 0xCF, 0x40, 0xCD, 0x00, 0x01, 0xF9,
  0x0C, 0xD0, 0x00, 0x1F, 0x90, 0xCD, 0x11, 0x2A, 0xE3, 0x0C, 0xFF, 0xFF, 0xF6, 0x00, 0xCE, 0x44, 0x49, 0xF8, 0x0C, 0xD0, 0x00, 0x0B, 0xF0, 0xCD,
  0x00, 0x00, 0xAF, 0x1C, 0xE5, 0x55, 0x9F, 0xB0, 0xCF, 0xFF, 0xFD, 0x91, 0x00, 0x00, 0x07, 0xCE, 0xEA, 0x30, 0x00, 0x0B, 0xF9, 0x57, 0xDF, 0x40,
  0x07, 0xF6, 0x00, 0x01, 0xDD, 0x00, 0xDC, 0x00, 0x00, 0x04, 0x81, 0x1F, 0x90, 0x00, 0x00, 0x00, 0x02, 0xF8, 0x00, 0x00, 0x00, 0x00, 0x1F, 0x90,
  0x00, 0x00, 0x00, 0x00, 0xDC, 0x00, 0x00, 0x04, 0x81, 0x07, 0xF6, 0x00, 0x01, 0xDD, 0x00, 0x0B, 0xF9, 0x57, 0xDF, 0x40, 0x00, 0x07, 0xCE, 0xEA,
  0x30, 0x00, 0xCF, 0xFF, 0xEB, 0x50, 0x0C, 0xE5, 0x56, 0xAF, 0x90, 0xCD, 0x00, 0x00, 0x8F, 0x5C, 0xD0, 0x00, 0x01, 0xEB, 0xCD, 0x00, 0x00, 0x0C,
  0xEC, 0xD0, 0x00, 0x00, 0xAF, 0xCD, 0x00, 0x00, 0x0C, 0xEC, 0xD0, 0x00, 0x01, 0xEA, 0xCD, 0x00, 0x00, 0x8F, 0x4C, 0xE5, 0x56, 0xBF, 0x90, 0xCF,
  0xFF, 0xEB, 0x50, 0x00, 0xCF, 0xFF, 0xFF, 0xF1, 0xCE, 0x55, 0x55, 0x50, 0xCD, 0x00, 0x00, 0x00, 0xCD, 0x00, 0x00, 0x00, 0xCD, 0x11, 0x11, 0x10,
  0xCF, 0xFF, 0xFF, 0xB0, 0xCE, 0x44, 0x44, 0x30, 0xCD, 0x00, 0x00, 0x00, 0xCD, 0x00, 0x00, 0x00, 0xCE, 0x55, 0x55, 0x51, 0xCF, 0xFF, 0xFF, 0xF2,
  0xCF, 0xFF, 0xFF, 0xFC, 0xE5, 0x55, 0x55, 0xCD, 0x00, 0x00, 0x0C, 0xD0, 0x00, 0x00, 0xCD, 0x11, 0x11, 0x0C, 0xFF, 0xFF, 0xF8, 0xCE, 0x44, 0x44,
  0x2C, 0xD0, 0x00, 0x00, 0xCD, 0x00, 0x00, 0x0C, 0xD0, 0x00, 0x00, 0xCD, 0x00, 0x00, 0x00, 0x00, 0x07, 0xCE, 0xEA, 0x20, 0x00, 0x0B, 0xF9, 0x57,
  0xEE, 0x30, 0x07, 0xF6, 0x00, 0x02, 0xEC, 0x00, 0xDC, 0x00, 0x00, 0x07, 0xB2, 0x1F, 0x90, 0x00, 0x00, 0x00, 0x02, 0xF8, 0x00, 0x01, 0x11, 0x10,
  0x1F, 0x90, 0x00, 0xEF, 0xFF, 0x50, 0xDC, 0x00, 0x04, 0x48, 0xF4, 0x07, 0xF6, 0x00, 0x00, 0xBE, 0x10, 0x0B, 0xF9, 0x56, 0xBF, 0x60, 0x00, 0x07,
  0xCE, 0xEB, 0x40, 0x00, 0xCD, 0x00, 0x00, 0x0B, 0xFC, 0xD0, 0x00, 0x00, 0xBF, 0xCD, 0x00, 0x00, 0x0B, 0xFC, 0xD0, 0x00, 0x00, 0xBF, 0xCD, 0x11,
  0x11, 0x1B, 0xFC, 0xFF, 0xFF, 0xFF, 0xFF, 0xCE, 0x44, 0x44, 0x4C, 0xFC, 0xD0, 0x00, 0x00, 0xBF, 0xCD, 0x00, 0x00, 0x0B, 0xFC, 0xD0, 0x00, 0x00,
  0xBF, 0xCD, 0x00, 0x00, 0x0B, 0xF0, 0xCD, 0xCD, 0xCD, 0xCD, 0xCD, 0xCD, 0xCD, 0xCD, 0xCD, 0xCD, 0xCD, 0x00, 0x00, 0x04, 0xF6, 0x00, 0x00, 0x04,
  0xF6, 0x00, 0x00, 0x04, 0xF6, 0x00, 0x00, 0x04, 0xF6, 0x00, 0x00, 0x04, 0xF6, 0x00, 0x00, 0x04, 0xF6, 0x00, 0x00, 0x04, 0xF6, 0x4C, 0x40, 0x04,
  0xF6, 0x3F, 0x70, 0x06, 0xF4, 0x0D, 0xE7, 0x6E, 0xD1, 0x02, 0xAE, 0xEB, 0x20, 0xCD, 0x00, 0x00, 0xAF, 0x6C, 0xD0, 0x00, 0x9F, 0x80, 0xCD, 0x00,
  0x7F, 0xA0, 0x0C, 0xD0, 0x5F, 0xB0, 0x00, 0xCD, 0x3E, 0xD1, 0x00, 0x0C, 0xED, 0xFE, 0x20, 0x00, 0xCF, 0xC4, 0xFB, 0x00, 0x0C, 0xE1, 0x08, 0xF7,
  0x00, 0xCD, 0x00, 0x0C, 0xF3, 0x0C, 0xD0, 0x00, 0x2E, 0xC0, 0xCD, 0x00, 0x00, 0x6F, 0x80, 0xCD, 0x00, 0x00, 0x0C, 0xD0, 0x00, 0x00, 0xCD, 0x00,
  0x00, 0x0C, 0xD0, 0x00, 0x00, 0xCD, 0x00, 0x00, 0x0C, 0xD0, 0x00, 0x00, 0xCD, 0x00, 0x00, 0x0C, 0xD0, 0x00, 0x00, 0xCD, 0x00, 0x00, 0x0C, 0xE6,
  0x66, 0x65, 0xCF, 0xFF, 0xFF, 0xC0, 0xCF, 0xD0, 0x00, 0x00, 0x3F, 0xF7, 0xCF, 0xF4, 0x00, 0x00, 0x8F, 0xF7, 0xCC, 0xF9, 0x00, 0x00, 0xDC, 0xF7,
  0xCC, 0xBE, 0x10, 0x04, 0xF7, 0xF7, 0xCC, 0x6F, 0x50, 0x0A, 0xF3, 0xF7, 0xCC, 0x1E, 0xB0, 0x1E, 0xA3, 0xF7, 0xCC, 0x09, 0xF2, 0x6F, 0x43, 0xF7,
  0xCC, 0x03, 0xF6, 0xAD, 0x03, 0xF7, 0xCC, 0x00, 0xDB, 0xE8, 0x03, 0xF7, 0xCC, 0x00, 0x7F, 0xF2, 0x03, 0xF7, 0xCC, 0x00, 0x1F, 0xB0, 0x03, 0xF7,
  0xCF, 0x70, 0x00, 0x08, 0xF2, 0xCF, 0xE2, 0x00, 0x08, 0xF2, 0xCD, 0xEB, 0x00, 0x08, 0xF2, 0xCD, 0x7F, 0x50, 0x08, 0xF2, 0xCD, 0x1D, 0xE1, 0x08,
  0xF2, 0xCE, 0x05, 0xF9, 0x08, 0xF2, 0xCE, 0x00, 0xAF, 0x38, 0xF2, 0xCE, 0x00, 0x1E, 0xC8, 0xF2, 0xCE, 0x00, 0x06, 0xFC, 0xF2, 0xCE, 0x00, 0x00,
  0xBF, 0xF2, 0xCE, 0x00, 0x00, 0x2F, 0xF2, 0x00, 0x07, 0xCE, 0xEA, 0x30, 0x00, 0x0B, 0xF9, 0x57, 0xDE, 0x40, 0x07, 0xF6, 0x00, 0x01, 0xDE, 0x10,
  0xDC, 0x00, 0x00, 0x05, 0xF5, 0x1F, 0x90, 0x00, 0x00, 0x1F, 0x92, 0xF8, 0x00, 0x00, 0x00, 0xFA, 0x1F, 0x90, 0x00, 0x00, 0x1F, 0x90, 0xDC, 0x00,
  0x00, 0x05, 0xF6, 0x07, 0xF6, 0x00, 0x01, 0xDE, 0x10, 0x0B, 0xF9, 0x57, 0xDF, 0x40, 0x00, 0x07, 0xCE, 0xEA, 0x30, 0x00, 0xCF, 0xFF, 0xEC, 0x40,
  0xCE, 0x55, 0x6C, 0xF4, 0xCD, 0x00, 0x01, 0xFB, 0xCD, 0x00, 0x00, 0xDD, 0xCD, 0x00, 0x00, 0xEC, 0xCD, 0x11, 0x29, 0xF6, 0xCF, 0xFF, 0xFF, 0x80,
  0xCE, 0x44, 0x31, 0x00, 0xCD, 0x00, 0x00, 0x00, 0xCD, 0x00, 0x00, 0x00, 0xCD, 0x00, 0x00, 0x00, 0x00, 0x07, 0xCE, 0xEA, 0x30, 0x00, 0x0B, 0xFB,
  0x79, 0xEE, 0x40, 0x07, 0xF7, 0x00, 0x02, 0xDE, 0x10, 0xDD, 0x00, 0x00, 0x05, 0xF5, 0x1F, 0x90, 0x00, 0x00, 0x1F, 0x92, 0xF8, 0x00, 0x00, 0x00,
  0xFA, 0x1F, 0x90, 0x00, 0x00, 0x1F, 0x90, 0xDD, 0x00, 0x58, 0x15, 0xF6, 0x07, 0xF7, 0x01, 0xDA, 0xDE, 0x10, 0x0B, 0xFB, 0x7B, 0xFF, 0x50, 0x00,
  0x07, 0xCE, 0xEC, 0xF3, 0x00, 0x00, 0x00, 0x00, 0x0A, 0xD1, 0xCF, 0xFF, 0xEC, 0x40, 0x0C, 0xE5, 0x56, 0xCF, 0x40, 0xCD, 0x00, 0x01, 0xFB, 0x0C,
  0xD0, 0x00, 0x0D, 0xD0, 0xCD, 0x00, 0x00, 0xEC, 0x0C, 0xD1, 0x12, 0x9F, 0x70, 0xCF, 0xFF, 0xFF, 0xA0, 0x0C, 0xE4, 0x4A, 0xF3, 0x00, 0xCD, 0x00,
  0x2E, 0xC0, 0x0C, 0xD0, 0x00, 0x7F, 0x60, 0xCD, 0x00, 0x00, 0xDE, 0x10, 0x00, 0x5C, 0xEE, 0xB4, 0x00, 0x6F, 0xB5, 0x6C, 0xF4, 0x0C, 0xD0, 0x00,
  0x1D, 0x90, 0xDE, 0x10, 0x00, 0x00, 0x07, 0xFE, 0x84, 0x00, 0x00, 0x05, 0xCF, 0xFE, 0x70, 0x00, 0x00, 0x26, 0xCF, 0x70, 0x10, 0x00, 0x00, 0xDD,
  0x2F, 0xA0, 0x00, 0x0D, 0xC0, 0xAF, 0x95, 0x6C, 0xF5, 0x00, 0x7C, 0xEE, 0xB5, 0x00, 0x5F, 0xFF, 0xFF, 0xFF, 0xF2, 0x25, 0x55, 0xEC, 0x55, 0x51,
  0x00, 0x00, 0xEB, 0x00, 0x00, 0x00, 0x00, 0xEB, 0x00, 0x00, 0x00, 0x00, 0xEB, 0x00, 0x00, 0x00, 0x00, 0xEB, 0x00, 0x00, 0x00, 0x00, 0xEB, 0x00,
  0x00, 0x00, 0x00, 0xEB, 0x00, 0x00, 0x00, 0x00, 0xEB, 0x00, 0x00, 0x00, 0x00, 0xEB, 0x00, 0x00, 0x00, 0x00, 0xEB, 0x00, 0x00, 0xCD, 0x00, 0x00,
  0x0C, 0xDC, 0xD0, 0x00, 0x00, 0xCD, 0xCD, 0x00, 0x00, 0x0C, 0xDC, 0xD0, 0x00, 0x00, 0xCD, 0xCD, 0x00, 0x00, 0x0C, 0xDC, 0xD0, 0x00, 0x00, 0xCD,
  0xCD, 0x00, 0x00, 0x0C, 0xDB, 0xE0, 0x00, 0x00, 0xDD, 0x8F, 0x40, 0x00, 0x3F, 0x91, 0xDE, 0x85, 0x7E, 0xE2, 0x01, 0x9D, 0xFD, 0x92, 0x00, 0x7F,
  0x50, 0x00, 0x00, 0xBF, 0x11, 0xFA, 0x00, 0x00, 0x1F, 0xB0, 0x0B, 0xF1, 0x00, 0x06, 0xF6, 0x00, 0x6F, 0x60, 0x00, 0xBF, 0x10, 0x01, 0xEB, 0x00,
  0x1F, 0xA0, 0x00, 0x0A, 0xF1, 0x06, 0xF5, 0x00, 0x00, 0x4F, 0x60, 0xBE, 0x00, 0x00, 0x00, 0xEB, 0x1F, 0x90, 0x00, 0x00, 0x09, 0xF6, 0xF4, 0x00,
  0x00, 0x00, 0x3F, 0xDD, 0x00, 0x00, 0x00, 0x00, 0xDF, 0x80, 0x00, 0x00, 0x7F, 0x40, 0x00, 0x8F, 0x80, 0x00, 0x4F, 0x83, 0xF7, 0x00, 0x0C, 0xFC,
  0x00, 0x07, 0xF4, 0x0E, 0xB0, 0x01, 0xFD, 0xF1, 0x00, 0xBE, 0x00, 0xAF, 0x00, 0x4F, 0x7F, 0x50, 0x0E, 0xB0, 0x06, 0xF4, 0x08, 0xF1, 0xE9, 0x03,
  0xF7, 0x00, 0x2F, 0x70, 0xCB, 0x0B, 0xD0, 0x7F, 0x30, 0x00, 0xDB, 0x1F, 0x70, 0x7F, 0x1B, 0xE0, 0x00, 0x09, 0xE4, 0xF3, 0x03, 0xF5, 0xEA, 0x00,
  0x00, 0x5F, 0xAE, 0x00, 0x0E, 0xAF, 0x60, 0x00, 0x01, 0xFF, 0xA0, 0x00, 0xAF, 0xF2, 0x00, 0x00, 0x0C, 0xF6, 0x00, 0x06, 0xFD, 0x00, 0x00, 0x1E,
  0xD1, 0x00, 0x05, 0xF8, 0x00, 0x5F, 0x90, 0x01, 0xEC, 0x00, 0x00, 0xAF, 0x40, 0xAF, 0x30, 0x00, 0x01, 0xEC, 0x4F, 0x70, 0x00, 0x00, 0x05, 0xFE,
  0xC0, 0x00, 0x00, 0x00, 0x0D, 0xF6, 0x00, 0x00, 0x00, 0x07, 0xFD, 0xE1, 0x00, 0x00, 0x03, 0xFB, 0x3F, 0xA0, 0x00, 0x00, 0xCE, 0x20, 0x8F, 0x60,
  0x00, 0x8F, 0x50, 0x00, 0xDE, 0x20, 0x4F, 0xA0, 0x00, 0x03, 0xFB, 0x00, 0x5F, 0x90, 0x00, 0x03, 0xFC, 0x00, 0xBF, 0x30, 0x00, 0xBF, 0x30, 0x02,
  0xFB, 0x00, 0x5F, 0x90, 0x00, 0x08, 0xF5, 0x0D, 0xE1, 0x00, 0x00, 0x1D, 0xD6, 0xF6, 0x00, 0x00, 0x00, 0x5F, 0xEB, 0x00, 0x00, 0x00, 0x00, 0xBF,
  0x30, 0x00, 0x00, 0x00, 0x09, 0xF1, 0x00, 0x00, 0x00, 0x00, 0x9F, 0x10, 0x00, 0x00, 0x00, 0x09, 0xF1, 0x00, 0x00, 0x00, 0x00, 0x9F, 0x10, 0x00,
  0x00, 0x2F, 0xFF, 0xFF, 0xFF, 0xA1, 0x55, 0x55, 0x5A, 0xF6, 0x00, 0x00, 0x02, 0xEB, 0x00, 0x00, 0x00, 0xCE, 0x20, 0x00, 0x00, 0x7F, 0x60, 0x00,
  0x00, 0x2E, 0xB0, 0x00, 0x00, 0x0B, 0xE2, 0x00, 0x00, 0x07, 0xF6, 0x00, 0x00, 0x02, 0xEB, 0x00, 0x00, 0x00, 0xBF, 0x65, 0x55, 0x53, 0x1F, 0xFF,
  0xFF, 0xFF, 0xB0, 0x01, 0x11, 0x7F, 0xFA, 0x7F, 0x53, 0x7F, 0x10, 0x7F, 0x10, 0x7F, 0x10, 0x7F, 0x10, 0x7F, 0x10, 0x7F, 0x10, 0x7F, 0x10, 0x7F,
  0x10, 0x7F, 0x10, 0x7F, 0x21, 0x7F, 0xFA, 0x24, 0x43, 0x56, 0x00, 0x00, 0x6F, 0x10, 0x00, 0x2F, 0x40, 0x00, 0x0D, 0x90, 0x00, 0x09, 0xD0, 0x00,
  0x05, 0xF2, 0x00, 0x01, 0xF6, 0x00, 0x00, 0xBB, 0x00, 0x00, 0x7E, 0x00, 0x00, 0x3F, 0x40, 0x00, 0x0D, 0x80, 0x00, 0x09, 0xC0, 0x00, 0x05, 0xF2,
  0x01, 0x11, 0x2F, 0xFF, 0x14, 0xAF, 0x00, 0x8F, 0x00, 0x8F, 0x00, 0x8F, 0x00, 0x8F, 0x00, 0x8F, 0x00, 0x8F, 0x00, 0x8F, 0x00, 0x8F, 0x00, 0x8F,
  0x01, 0x9F, 0x2F, 0xFF, 0x14, 0x44, 0x00, 0x28, 0x40, 0x00, 0x0B, 0xED, 0x00, 0x03, 0xF4, 0xE5, 0x00, 0xAB, 0x08, 0xC0, 0x3F, 0x40, 0x2F, 0x50,
  0x11, 0x11, 0x11, 0x1F, 0xFF, 0xFF, 0xFE, 0x44, 0x44, 0x44, 0x40, 0x11, 0x07, 0xF2, 0x0B, 0x90, 0x01, 0x9D, 0xEC, 0x40, 0x0D, 0xE7, 0x5C, 0xF2,
  0x03, 0x30, 0x03, 0xF6, 0x01, 0x58, 0xBD, 0xF7, 0x1D, 0xE9, 0x65, 0xF7, 0x5F, 0x40, 0x05, 0xF7, 0x3F, 0xB5, 0x7D, 0xF7, 0x05, 0xDF, 0xC4, 0xF7,
  0xEB, 0x00, 0x00, 0x00, 0xEB, 0x00, 0x00, 0x00, 0xEB, 0x00, 0x00, 0x00, 0xEB, 0x6E, 0xEA, 0x20, 0xEE, 0xC6, 0x7E, 0xD0, 0xEE, 0x10, 0x06, 0xF5,
  0xEB, 0x00, 0x02, 0xF8, 0xEB, 0x00, 0x03, 0xF8, 0xEE, 0x10, 0x07, 0xF5, 0xEE, 0xC6, 0x7F, 0xD0, 0xEA, 0x6E, 0xEB, 0x20, 0x00, 0x7D, 0xFD, 0x70,
  0x08, 0xF9, 0x59, 0xF8, 0x1F, 0xB0, 0x00, 0x76, 0x4F, 0x60, 0x00, 0x00, 0x4F, 0x60, 0x00, 0x00, 0x1F, 0xB0, 0x00, 0x76, 0x08, 0xF9, 0x58, 0xF8,
  0x00, 0x7D, 0xFD, 0x70, 0x00, 0x00, 0x00, 0x6F, 0x30, 0x00, 0x00, 0x06, 0xF3, 0x00, 0x00, 0x00, 0x6F, 0x30, 0x08, 0xEE, 0x97, 0xF3, 0x09, 0xF9,
  0x59, 0xEF, 0x31, 0xFA, 0x00, 0x0B, 0xF3, 0x4F, 0x60, 0x00, 0x7F, 0x34, 0xF6, 0x00, 0x07, 0xF3, 0x1F, 0xB0, 0x00, 0xBF, 0x30, 0x9F, 0x95, 0xAD,
  0xF3, 0x00, 0x8E, 0xE9, 0x6F, 0x30, 0x00, 0x7D, 0xFD, 0x70, 0x00, 0x8F, 0x85, 0x8F, 0x70, 0x1F, 0x81, 0x11, 0xAE, 0x04, 0xFF, 0xFF, 0xFF, 0xF1,
  0x4F, 0x84, 0x44, 0x44, 0x01, 0xFA, 0x00, 0x04, 0x30, 0x08, 0xF9, 0x58, 0xFA, 0x00, 0x07, 0xDF, 0xD8, 0x10, 0x00, 0x6D, 0xE5, 0x03, 0xFB, 0x51,
  0x04, 0xF5, 0x00, 0xDF, 0xFF, 0xF2, 0x48, 0xF8, 0x51, 0x04, 0xF5, 0x00, 0x04, 0xF5, 0x00, 0x04, 0xF5, 0x00, 0x04, 0xF5, 0x00, 0x04, 0xF5, 0x00,
  0x04, 0xF5, 0x00, 0x00, 0x8E, 0xE9, 0x6F, 0x30, 0x9F, 0x95, 0xAD, 0xF3, 0x1F, 0xA0, 0x00, 0xBF, 0x34, 0xF7, 0x00, 0x07, 0xF3, 0x4F, 0x60, 0x00,
  0x7F, 0x31, 0xFA, 0x00, 0x0B, 0xF3, 0x0A, 0xF9, 0x59, 0xEF, 0x30, 0x19, 0xEE, 0xA6, 0xF3, 0x00, 0x10, 0x00, 0x7F, 0x20, 0xAE, 0x75, 0x7E, 0xC0,
  0x01, 0x9D, 0xFE, 0x91, 0x00, 0xEA, 0x00, 0x00, 0x0E, 0xA0, 0x00, 0x00, 0xEA, 0x00, 0x00, 0x0E, 0xA7, 0xEE, 0xA1, 0xEE, 0xA5, 0x9F, 0x9E, 0xD0,
  0x00, 0xCD, 0xEB, 0x00, 0x0A, 0xEE, 0xB0, 0x00, 0xAE, 0xEB, 0x00, 0x0A, 0xEE, 0xB0, 0x00, 0xAE, 0xEB, 0x00, 0x0A, 0xE0, 0x00, 0x01, 0xEB, 0x02,
  0x10, 0x00, 0x0E, 0xB0, 0xEB, 0x0E, 0xB0, 0xEB, 0x0E, 0xB0, 0xEB, 0x0E, 0xB0, 0xEB, 0x00, 0x00, 0x01, 0xEB, 0x00, 0x21, 0x00, 0x00, 0x00, 0xEB,
  0x00, 0xEB, 0x00, 0xEB, 0x00, 0xEB, 0x00, 0xEB, 0x00, 0xEB, 0x00, 0xEB, 0x00, 0xEB, 0x00, 0xEA, 0x18, 0xF8, 0x4E, 0xA1, 0xEB, 0x00, 0x00, 0x00,
  0xEB, 0x00, 0x00, 0x00, 0xEB, 0x00, 0x00, 0x00, 0xEB, 0x00, 0x6F, 0x80, 0xEB, 0x05, 0xF9, 0x00, 0xEB, 0x5F, 0xA0, 0x00, 0xEE, 0xFD, 0x00, 0x00,
  0xEF, 0xBF, 0x70, 0x00, 0xEB, 0x0B, 0xF4, 0x00, 0xEB, 0x01, 0xDE, 0x20, 0xEB, 0x00, 0x3E, 0xC0, 0xEB, 0xEB, 0xEB, 0xEB, 0xEB, 0xEB, 0xEB, 0xEB,
  0xEB, 0xEB, 0xEB, 0xE9, 0x7E, 0xD5, 0x2B, 0xFD, 0x40, 0xEE, 0x95, 0xCE, 0xC7, 0x6D, 0xE1, 0xEC, 0x00, 0x3F, 0x80, 0x07, 0xF3, 0xEB, 0x00, 0x2F,
  0x70, 0x06, 0xF4, 0xEB, 0x00, 0x2F, 0x70, 0x06, 0xF4, 0xEB, 0x00, 0x2F, 0x70, 0x06, 0xF4, 0xEB, 0x00, 0x2F, 0x70, 0x06, 0xF4, 0xEB, 0x00, 0x2F,
  0x70, 0x06, 0xF4, 0xE9, 0x7E, 0xEA, 0x1E, 0xDA, 0x59, 0xF9, 0xED, 0x00, 0x0C, 0xDE, 0xB0, 0x00, 0xAE, 0xEB, 0x00, 0x0A, 0xEE, 0xB0, 0x00, 0xAE,
  0xEB, 0x00, 0x0A, 0xEE, 0xB0, 0x00, 0xAE, 0x00, 0x7D, 0xFD, 0x70, 0x00, 0x8F, 0x95, 0x9F, 0x90, 0x1F, 0xA0, 0x00, 0x9F, 0x24, 0xF6, 0x00, 0x06,
  0xF5, 0x4F, 0x60, 0x00, 0x6F, 0x51, 0xFB, 0x00, 0x0A, 0xF2, 0x08, 0xF9, 0x59, 0xF9, 0x00, 0x07, 0xDF, 0xD7, 0x00, 0xEA, 0x6E, 0xEA, 0x20, 0xED,
  0xC6, 0x7E, 0xD0, 0xEE, 0x10, 0x06, 0xF5, 0xEB, 0x00, 0x02, 0xF8, 0xEB, 0x00, 0x03, 0xF8, 0xEE, 0x10, 0x07, 0xF5, 0xEE, 0xC6, 0x7F, 0xD0, 0xEB,
  0x6E, 0xEB, 0x20, 0xEB, 0x00, 0x00, 0x00, 0xEB, 0x00, 0x00, 0x00, 0xEB, 0x00, 0x00, 0x00, 0x00, 0x8E, 0xE9, 0x6F, 0x30, 0x9F, 0x95, 0x9D, 0xF3,
  0x1F, 0xA0, 0x00, 0xBF, 0x34, 0xF6, 0x00, 0x07, 0xF3, 0x4F, 0x60, 0x00, 0x7F, 0x31, 0xFB, 0x00, 0x0B, 0xF3, 0x09, 0xF9, 0x5A, 0xEF, 0x30, 0x08,
  0xEE, 0x97, 0xF3, 0x00, 0x00, 0x00, 0x6F, 0x30, 0x00, 0x00, 0x06, 0xF3, 0x00, 0x00, 0x00, 0x6F, 0x30, 0xEA, 0x9E, 0x7E, 0xEA, 0x53, 0xED, 0x00,
  0x0E, 0xB0, 0x00, 0xEB, 0x00, 0x0E, 0xB0, 0x00, 0xEB, 0x00, 0x0E, 0xB0, 0x00, 0x02, 0xAE, 0xEB, 0x30, 0x0D, 0xE6, 0x6D, 0xE1, 0x0F, 0xA0, 0x02,
  0x30, 0x08, 0xFC, 0x95, 0x00, 0x00, 0x27, 0xAE, 0xD1, 0x14, 0x20, 0x05, 0xF5, 0x1E, 0xD6, 0x6C, 0xF2, 0x03, 0xBE, 0xEC, 0x40, 0x0A, 0xE0, 0x00,
  0xAE, 0x00, 0xDF, 0xFF, 0x94, 0xBF, 0x53, 0x0A, 0xE0, 0x00, 0xAE, 0x00, 0x0A, 0xE0, 0x00, 0xAE, 0x00, 0x08, 0xF7, 0x30, 0x1B, 0xFA, 0xEB, 0x00,
  0x0A, 0xEE, 0xB0, 0x00, 0xAE, 0xEB, 0x00, 0x0A, 0xEE, 0xB0, 0x00, 0xAE, 0xEB, 0x00, 0x0A, 0xED, 0xD0, 0x00, 0xDE, 0x9F, 0xA6, 0xBD, 0xE1, 0xAE,
  0xE7, 0x9E, 0x7F, 0x40, 0x00, 0xAF, 0x11, 0xF9, 0x00, 0x1E, 0xA0, 0x0A, 0xE0, 0x05, 0xF5, 0x00, 0x5F, 0x50, 0xBE, 0x00, 0x00, 0xEA, 0x1F, 0x80,
  0x00, 0x08, 0xE6, 0xF2, 0x00, 0x00, 0x2F, 0xDB, 0x00, 0x00, 0x00, 0xCF, 0x60, 0x00, 0x6F, 0x40, 0x0B, 0xF2, 0x00, 0xCD, 0x2F, 0x80, 0x0E, 0xF6,
  0x02, 0xF8, 0x0C, 0xC0, 0x4F, 0xBB, 0x06, 0xF4, 0x08, 0xF1, 0x8C, 0x6E, 0x0A, 0xE0, 0x03, 0xF5, 0xC8, 0x2F, 0x3E, 0x90, 0x00, 0xD9, 0xF4, 0x0C,
  0x9F, 0x50, 0x00, 0x9E, 0xE0, 0x08, 0xEF, 0x10, 0x00, 0x4F, 0xA0, 0x03, 0xFB, 0x00, 0x2E, 0xB0, 0x04, 0xF7, 0x06, 0xF5, 0x1D, 0xC0, 0x00, 0xBD,
  0x8F, 0x30, 0x00, 0x2E, 0xF7, 0x00, 0x00, 0x3F, 0xF8, 0x00, 0x00, 0xCC, 0x7F, 0x30, 0x08, 0xF3, 0x0C, 0xD1, 0x4F, 0x80, 0x03, 0xF9, 0x7F, 0x40,
  0x00, 0x9F, 0x21, 0xF9, 0x00, 0x0E, 0xB0, 0x0A, 0xE0, 0x05, 0xF5, 0x00, 0x5F, 0x50, 0xBE, 0x00, 0x00, 0xEA, 0x1F, 0x80, 0x00, 0x08, 0xE6, 0xF2,
  0x00, 0x00, 0x2F, 0xDB, 0x00, 0x00, 0x00, 0xBF, 0x50, 0x00, 0x00, 0x0A, 0xE0, 0x00, 0x00, 0x47, 0xF8, 0x00, 0x00, 0x0D, 0xE9, 0x00, 0x00, 0x00,
  0x0E, 0xFF, 0xFF, 0xF5, 0x04, 0x55, 0x5E, 0xE1, 0x00, 0x00, 0x9F, 0x40, 0x00, 0x06, 0xF7, 0x00, 0x00, 0x3F, 0xB0, 0x00, 0x01, 0xDE, 0x10, 0x00,
  0x0B, 0xF8, 0x55, 0x52, 0x1F, 0xFF, 0xFF, 0xF7, 0x00, 0x5C, 0xB0, 0x2F, 0xB4, 0x04, 0xF3, 0x00, 0x5F, 0x20, 0x05, 0xF2, 0x01, 0xAE, 0x00, 0xED,
  0x30, 0x04, 0xCD, 0x00, 0x06, 0xF2, 0x00, 0x5F, 0x20, 0x05, 0xF3, 0x00, 0x3F, 0x81, 0x00, 0x9F, 0xB0, 0x00, 0x12, 0x18, 0x22, 0xF5, 0x2F, 0x52,
  0xF5, 0x2F, 0x52, 0xF5, 0x2F, 0x52, 0xF5, 0x2F, 0x52, 0xF5, 0x2F, 0x52, 0xF5, 0x2F, 0x52, 0xF5, 0x2F, 0x52, 0xF5, 0x2F, 0x52, 0xF5, 0x2E, 0xB2,
  0x00, 0x16, 0xEB, 0x00, 0x00, 0x9E, 0x00, 0x00, 0x8E, 0x00, 0x00, 0x8F, 0x00, 0x00, 0x5F, 0x61, 0x00, 0x07, 0xF8, 0x00, 0x4F, 0x92, 0x00, 0x8F,
  0x00, 0x00, 0x8E, 0x00, 0x00, 0x8E, 0x00, 0x03, 0xDC, 0x00, 0x2F, 0xE4, 0x00, 0x13, 0x00, 0x00, 0x00, 0x00, 0x00, 0x00, 0x1C, 0xFA, 0x00, 0x79,
  0x9E, 0x5C, 0xB2, 0xDA, 0xB9, 0x01, 0xCF, 0xE3, 0x00, 0x00, 0x03, 0x10, 0x00, 0x00, 0x00, 0x02, 0xDF, 0xB1, 0x0C, 0xB5, 0xCA, 0x1F, 0x30, 0x5E,
  0x0E, 0x82, 0xAB, 0x04, 0xEF, 0xE2, 0x00, 0x13, 0x10,
};
static const Glyph SMALL_GLYPHS[] PROGMEM = {
  {0, 0, 0, 0, 0, 4}, {0, 3, 11, 1, -11, 5}, {17, 5, 4, 1, -11, 7}, {27, 10, 11, 0, -11, 10},
  {82, 9, 14, 0, -12, 10}, {145, 13, 11, 1, -11, 15}, {217, 10, 11, 0, -11, 10}, {272, 3, 4, 1, -11, 5},
  {278, 4, 13, 1, -11, 6}, {304, 5, 13, 0, -11, 6}, {337, 7, 6, 0, -11, 8}, {358, 8, 7, 1, -8, 10},
  {386, 4, 4, 0, -1, 5}, {394, 5, 3, 1, -6, 7}, {402, 3, 3, 1, -3, 5}, {407, 6, 13, 0, -11, 6},
  {446, 9, 11, 0, -11, 10}, {496, 6, 11, 0, -11, 6}, {529, 8, 11, 1, -11, 9}, {573, 9, 11, 0, -11, 9},
  {623, 10, 11, 0, -11, 10}, {678, 9, 11, 0, -11, 9}, {728, 9, 11, 0, -11, 9}, {778, 8, 11, 0, -11, 9},
  {822, 9, 11, 0, -11, 9}, {872, 9, 11, 0, -11, 9}, {922, 3, 9, 1, -9, 5}, {936, 4, 12, 0, -9, 5},
  {960, 8, 9, 1, -9, 10}, {996, 8, 6, 1, -7, 10}, {1020, 8, 9, 1, -9, 10}, {1056, 8, 11, 0, -11, 8},
  {1100, 14, 14, 0, -11, 15}, {1198, 11, 11, 0, -11, 11}, {1259, 9, 11, 1, -11, 10}, {1309, 11, 11, 0, -11, 11},
  {1370, 9, 11, 1, -11, 11}, {1420, 8, 11, 1, -11, 9}, {1464, 7, 11, 1, -11, 9}, {1503, 11, 11, 0, -11, 11},
  {1564, 9, 11, 1, -11, 11}, {1614, 2, 11, 1, -11, 4}, {1625, 8, 11, 0, -11, 9}, {1669, 9, 11, 1, -11, 10},
  {1719, 7, 11, 1, -11, 8}, {1758, 12, 11, 1, -11, 14}, {1824, 10, 11, 1, -11, 11}, {1879, 11, 11, 0, -11, 12},
  {1940, 8, 11, 1, -11, 10}, {1984, 11, 12, 0, -11, 12}, {2050, 9, 11, 1, -11, 10}, {2100, 9, 11, 0, -11, 10},
  {2150, 10, 11, 0, -11, 10}, {2205, 9, 11, 1, -11, 11}, {2255, 11, 11, 0, -11, 11}, {2316, 15, 11, 0, -11, 15},
  {2399, 11, 11, 0, -11, 11}, {2460, 11, 11, 0, -11, 10}, {2521, 9, 11, 0, -11, 10}, {2571, 4, 15, 1, -12, 6},
  {2601, 6, 13, 0, -11, 6}, {2640, 4, 15, 0, -12, 6}, {2670, 7, 5, 0, -11, 7}, {2688, 7, 3, 0, -1, 7},
  {2699, 3, 3, 1, -12, 5}, {2704, 8, 8, 0, -8, 9}, {2736, 8, 11, 1, -11, 9}, {2780, 8, 8, 0, -8, 9},
  {2812, 9, 11, 0, -11, 9}, {2862, 9, 8, 0, -8, 9}, {2898, 6, 11, 0, -11, 6}, {2931, 9, 11, 0, -8, 9},
  {2981, 7, 11, 1, -11, 9}, {3020, 3, 12, 0, -12, 4}, {3038, 4, 15, -1, -12, 4}, {3068, 8, 11, 1, -11, 8},
  {3112, 2, 11, 1, -11, 4}, {3123, 12, 8, 1, -8, 13}, {3171, 7, 8, 1, -8, 9}, {3199, 9, 8, 0, -8, 9},
  {3235, 8, 11, 1, -8, 9}, {3279, 9, 11, 0, -8, 9}, {3329, 5, 8, 1, -8, 6}, {3349, 8, 8, 0, -8, 8},
  {3381, 5, 10, 0, -10, 5}, {3406, 7, 8, 1, -8, 9}, {3434, 9, 8, 0, -8, 9}, {3470, 12, 8, 0, -8, 12},
  {3518, 8, 8, 0, -8, 8}, {3550, 9, 11, 0, -8, 9}, {3600, 8, 8, 0, -8, 8}, {3632, 5, 14, 1, -11, 7},
  {3667, 3, 18, 1, -15, 5}, {3694, 6, 14, 0, -11, 7}, {3736, 8, 5, 1, -7, 10}, {3756, 6, 7, 0, -12, 7},
};
static const Font SMALL_FONT = {SMALL_BITS, SMALL_GLYPHS, 32, 127, 15, 11};

// MEDIUM: Inter-SemiBold.ttf, 20 px
static const uint8_t MEDIUM_BITS[] PROGMEM = {
  0x2F, 0xF9, 0x2F, 0xF8, 0x2F, 0xF8, 0x2F, 0xF8, 0x1F, 0xF8, 0x1F, 0xF7, 0x1F, 0xF7, 0x1F, 0xF7, 0x0F, 0xF6, 0x0F, 0xF6, 0x00, 0x00, 0x1C, 0xE5,
  0x5F, 0xFB, 0x1C, 0xE5, 0xFF, 0x70, 0xFF, 0x7E, 0xF7, 0x0F, 0xF6, 0xDF, 0x60, 0xEF, 0x5D, 0xF5, 0x0D, 0xF5, 0xCF, 0x50, 0xDF, 0x4B, 0xF4, 0x0C,
  0xF3, 0x00, 0x01, 0xFE, 0x00, 0x0E, 0xF1, 0x00, 0x00, 0x3F, 0xB0, 0x02, 0xFD, 0x00, 0x00, 0x06, 0xF8, 0x00, 0x5F, 0xA0, 0x00, 0xAF, 0xFF, 0xFF,
  0xFF, 0xFF, 0xF8, 0x0C, 0xFF, 0xFF, 0xFF, 0xFF, 0xFF, 0x60, 0x11, 0xEF, 0x21, 0x1D, 0xF3, 0x10, 0x00, 0x2F, 0xD0, 0x00, 0xFF, 0x00, 0x00, 0x04,
  0xFA, 0x00, 0x2F, 0xC0, 0x00, 0x7F, 0xFF, 0xFF, 0xFF, 0xFF, 0xFB, 0x0A, 0xFF, 0xFF, 0xFF, 0xFF, 0xFF, 0x80, 0x11, 0xCF, 0x41, 0x1A, 0xF6, 0x10,
  0x00, 0x0E, 0xF1, 0x00, 0xCF, 0x30, 0x00, 0x01, 0xFE, 0x00, 0x0E, 0xF0, 0x00, 0x00, 0x3F, 0xB0, 0x02, 0xFD, 0x00, 0x00, 0x00, 0x00, 0x00, 0xF2,
  0x00, 0x00, 0x00, 0x00, 0x00, 0x0F, 0x20, 0x00, 0x00, 0x00, 0x05, 0xBE, 0xFE, 0xC7, 0x10, 0x00, 0x09, 0xFF, 0xFF, 0xFF, 0xFC, 0x10, 0x05, 0xFF,
  0xB3, 0xF5, 0x9F, 0xF8, 0x00, 0x9F, 0xF1, 0x0F, 0x20, 0xAD, 0xB0, 0x09, 0xFF, 0x30, 0xF2, 0x00, 0x00, 0x00, 0x4F, 0xFE, 0x8F, 0x20, 0x00, 0x00,
  0x00, 0x6E, 0xFF, 0xFE, 0xA4, 0x00, 0x00, 0x00, 0x27, 0xCF, 0xFF, 0xFB, 0x10, 0x00, 0x00, 0x00, 0xF6, 0xBF, 0xFA, 0x00, 0x33, 0x10, 0x0F, 0x20,
  0xAF, 0xF0, 0x0F, 0xFB, 0x00, 0xF2, 0x0A, 0xFF, 0x10, 0xAF, 0xF9, 0x3F, 0x48, 0xFF, 0xC0, 0x02, 0xDF, 0xFF, 0xFF, 0xFF, 0xE3, 0x00, 0x01, 0x8D,
  0xFF, 0xFD, 0x92, 0x00, 0x00, 0x00, 0x00, 0xF2, 0x00, 0x00, 0x00, 0x00, 0x00, 0x0F, 0x20, 0x00, 0x00, 0x01, 0xAE, 0xEA, 0x20, 0x00, 0x00, 0x5F,
  0x90, 0x00, 0x0B, 0xFF, 0xFF, 0xC0, 0x00, 0x02, 0xED, 0x10, 0x00, 0x0F, 0xE2, 0x2E, 0xF1, 0x00, 0x0B, 0xF3, 0x00, 0x00, 0x0F, 0xE1, 0x1D, 0xF1,
  0x00, 0x7F, 0x70, 0x00, 0x00, 0x0C, 0xFF, 0xFF, 0xC0, 0x03, 0xFB, 0x00, 0x00, 0x00, 0x02, 0xBF, 0xFB, 0x20, 0x1D, 0xE1, 0x00, 0x00, 0x00, 0x00,
  0x00, 0x00, 0x00, 0x9F, 0x50, 0x00, 0x00, 0x00, 0x00, 0x00, 0x00, 0x05, 0xF9, 0x01, 0xAF, 0xFB, 0x10, 0x00, 0x00, 0x00, 0x2E, 0xD1, 0x09, 0xFF,
  0xFF, 0xB0, 0x00, 0x00, 0x00, 0xBF, 0x30, 0x0E, 0xF3, 0x2E, 0xF1, 0x00, 0x00, 0x07, 0xF7, 0x00, 0x0F, 0xD0, 0x0B, 0xF2, 0x00, 0x00, 0x3F, 0xB0,
  0x00, 0x0E, 0xF3, 0x3E, 0xF1, 0x00, 0x01, 0xDE, 0x10, 0x00, 0x09, 0xFF, 0xFF, 0xA0, 0x00, 0x09, 0xF5, 0x00, 0x00, 0x01, 0x9E, 0xEA, 0x10, 0x00,
  0x05, 0xCE, 0xEB, 0x30, 0x00, 0x00, 0x00, 0x5F, 0xFF, 0xFF, 0xE2, 0x00, 0x00, 0x00, 0xCF, 0xC2, 0x3D, 0xF8, 0x00, 0x00, 0x00, 0xDF, 0x60, 0x09,
  0xF8, 0x00, 0x00, 0x00, 0x9F, 0xA0, 0x2E, 0xE2, 0x00, 0x00, 0x00, 0x1D, 0xF8, 0xEE, 0x40, 0x00, 0x00, 0x00, 0x1B, 0xFF, 0xE1, 0x00, 0x00, 0x00,
  0x01, 0xDF, 0xEF, 0xF9, 0x01, 0xFF, 0x30, 0x0B, 0xFE, 0x25, 0xFF, 0x83, 0xFF, 0x10, 0x1F, 0xF7, 0x00, 0x7F, 0xFC, 0xFD, 0x00, 0x1F, 0xF8, 0x00,
  0x08, 0xFF, 0xF7, 0x00, 0x0C, 0xFE, 0x52, 0x39, 0xFF, 0xF3, 0x00, 0x03, 0xEF, 0xFF, 0xFF, 0xFE, 0xFD, 0x10, 0x00, 0x29, 0xDF, 0xEB, 0x52, 0xEF,
  0xA0, 0xFF, 0x7E, 0xF7, 0xDF, 0x6D, 0xF5, 0xCF, 0x5B, 0xF4, 0x00, 0x1D, 0xF8, 0x00, 0x7F, 0xF2, 0x00, 0xDF, 0xB0, 0x02, 0xFF, 0x60, 0x06, 0xFF,
  0x20, 0x0B, 0xFD, 0x00, 0x0E, 0xFA, 0x00, 0x1F, 0xF8, 0x00, 0x2F, 0xF7, 0x00, 0x3F, 0xF6, 0x00, 0x2F, 0xF7, 0x00, 0x0F, 0xF9, 0x00, 0x0C, 0xFB,
  0x00, 0x09, 0xFE, 0x10, 0x04, 0xFF, 0x50, 0x00, 0xDF, 0xA0, 0x00, 0x7F, 0xF1, 0x00, 0x0D, 0xF7, 0x1F, 0xF6, 0x00, 0x0A, 0xFD, 0x00, 0x04, 0xFF,
  0x50, 0x00, 0xEF, 0x90, 0x00, 0x9F, 0xD0, 0x00, 0x6F, 0xF2, 0x00, 0x3F, 0xF6, 0x00, 0x1F, 0xF8, 0x00, 0x0F, 0xF9, 0x00, 0x0E, 0xF9, 0x00, 0x1F,
  0xF8, 0x00, 0x2F, 0xF7, 0x00, 0x4F, 0xF4, 0x00, 0x8F, 0xF1, 0x00, 0xDF, 0xB0, 0x03, 0xFF, 0x60, 0x09, 0xFD, 0x00, 0x1E, 0xF6, 0x00, 0x00, 0x07,
  0xF3, 0x00, 0x00, 0x81, 0x6F, 0x22, 0x70, 0x5F, 0xE9, 0xF8, 0xEF, 0x20, 0x4B, 0xFF, 0xFA, 0x30, 0x04, 0xBF, 0xFF, 0xA2, 0x05, 0xFD, 0x9F, 0x8E,
  0xF2, 0x08, 0x16, 0xF2, 0x27, 0x00, 0x00, 0x7F, 0x30, 0x00, 0x00, 0x00, 0x6F, 0xC0, 0x00, 0x00, 0x00, 0x06, 0xFC, 0x00, 0x00, 0x00, 0x00, 0x6F,
  0xC0, 0x00, 0x00, 0x00, 0x06, 0xFC, 0x00, 0x00, 0x3F, 0xFF, 0xFF, 0xFF, 0xFF, 0xA3, 0xFF, 0xFF, 0xFF, 0xFF, 0xFA, 0x01, 0x11, 0x6F, 0xD1, 0x11,
  0x10, 0x00, 0x06, 0xFC, 0x00, 0x00, 0x00, 0x00, 0x6F, 0xC0, 0x00, 0x00, 0x00, 0x06, 0xFC, 0x00, 0x00, 0x0F, 0xF8, 0x2F, 0xF4, 0x4F, 0xE0, 0x7F,
  0xA0, 0x9F, 0x60, 0xBF, 0x20, 0x11, 0x11, 0x11, 0x19, 0xFF, 0xFF, 0xFE, 0x9F, 0xFF, 0xFF, 0xE0, 0x1C, 0xE5, 0x5F, 0xFB, 0x1C, 0xE5, 0x00, 0x00,
  0x07, 0x81, 0x00, 0x00, 0x4F, 0xE0, 0x00, 0x00, 0x8F, 0xB0, 0x00, 0x00, 0xCF, 0x70, 0x00, 0x01, 0xFF, 0x30, 0x00, 0x05, 0xFE, 0x00, 0x00, 0x09,
  0xFA, 0x00, 0x00, 0x0D, 0xF6, 0x00, 0x00, 0x2F, 0xF2, 0x00, 0x00, 0x6F, 0xD0, 0x00, 0x00, 0xAF, 0x90, 0x00, 0x00, 0xEF, 0x50, 0x00, 0x03, 0xFF,
  0x10, 0x00, 0x07, 0xFC, 0x00, 0x00, 0x0B, 0xF7, 0x00, 0x00, 0x0F, 0xF3, 0x00, 0x00, 0x4F, 0xE0, 0x00, 0x00, 0x8F, 0xA0, 0x00, 0x00, 0x00, 0x29,
  0xDF, 0xEA, 0x30, 0x00, 0x03, 0xEF, 0xFF, 0xFF, 0xF5, 0x00, 0x1D, 0xFE, 0x51, 0x4D, 0xFF, 0x20, 0x6F, 0xF5, 0x00, 0x02, 0xFF, 0x90, 0xBF, 0xE0,
  0x00, 0x00, 0xBF, 0xE0, 0xEF, 0xB0, 0x00, 0x00, 0x8F, 0xF1, 0xFF, 0xA0, 0x00, 0x00, 0x7F, 0xF2, 0xFF, 0xA0, 0x00, 0x00, 0x7F, 0xF2, 0xEF, 0xB0,
  0x00, 0x00, 0x8F, 0xF1, 0xBF, 0xE0, 0x00, 0x00, 0xBF, 0xE0, 0x6F, 0xF5, 0x00, 0x02, 0xFF, 0x90, 0x1E, 0xFE, 0x51, 0x4D, 0xFF, 0x20, 0x04, 0xEF,
  0xFF, 0xFF, 0xF6, 0x00, 0x00, 0x29, 0xDF, 0xEA, 0x30, 0x00, 0x00, 0x08, 0xFF, 0xF0, 0x2C, 0xFF, 0xFF, 0x1E, 0xFD, 0xCF, 0xF1, 0xFA, 0x19, 0xFF,
  0x15, 0x00, 0x9F, 0xF0, 0x00, 0x09, 0xFF, 0x00, 0x00, 0x9F, 0xF0, 0x00, 0x09, 0xFF, 0x00, 0x00, 0x9F, 0xF0, 0x00, 0x09, 0xFF, 0x00, 0x00, 0x9F,
  0xF0, 0x00, 0x09, 0xFF, 0x00, 0x00, 0x9F, 0xF0, 0x00, 0x09, 0xFF, 0x00, 0x5B, 0xEE, 0xD8, 0x10, 0x00, 0xAF, 0xFF, 0xFF, 0xFD, 0x20, 0x5F, 0xFA,
  0x22, 0x7F, 0xFA, 0x0A, 0xFD, 0x00, 0x00, 0x9F, 0xE0, 0x45, 0x40, 0x00, 0x08, 0xFF, 0x00, 0x00, 0x00, 0x00, 0xDF, 0xB0, 0x00, 0x00, 0x00, 0xAF,
  0xF3, 0x00, 0x00, 0x00, 0x9F, 0xF6, 0x00, 0x00, 0x00, 0xAF, 0xF7, 0x00, 0x00, 0x00, 0xAF, 0xF6, 0x00, 0x00, 0x01, 0xBF, 0xF6, 0x00, 0x00, 0x01,
  0xCF, 0xF7, 0x11, 0x11, 0x10, 0xAF, 0xFF, 0xFF, 0xFF, 0xFF, 0x4A, 0xFF, 0xFF, 0xFF, 0xFF, 0xF4, 0x00, 0x6B, 0xEF, 0xEA, 0x40, 0x00, 0xBF, 0xFF,
  0xFF, 0xFF, 0x60, 0x6F, 0xF9, 0x31, 0x4D, 0xFE, 0x14, 0x76, 0x00, 0x00, 0x6F, 0xF2, 0x00, 0x00, 0x01, 0x4D, 0xFC, 0x00, 0x00, 0x3F, 0xFF, 0xE9,
  0x10, 0x00, 0x03, 0xFF, 0xFE, 0xB2, 0x00, 0x00, 0x01, 0x25, 0xEF, 0xE2, 0x00, 0x00, 0x00, 0x04, 0xFF, 0x83, 0x32, 0x00, 0x00, 0x0F, 0xFA, 0xDF,
  0xD0, 0x00, 0x03, 0xFF, 0x97, 0xFF, 0xA3, 0x25, 0xDF, 0xF3, 0x0B, 0xFF, 0xFF, 0xFF, 0xF6, 0x00, 0x05, 0xBE, 0xFD, 0xA3, 0x00, 0x00, 0x00, 0x02,
  0xEF, 0xF7, 0x00, 0x00, 0x00, 0x0C, 0xFF, 0xF7, 0x00, 0x00, 0x00, 0x7F, 0xFF, 0xF7, 0x00, 0x00, 0x03, 0xFF, 0x7F, 0xF7, 0x00, 0x00, 0x0C, 0xFC,
  0x0F, 0xF7, 0x00, 0x00, 0x8F, 0xE2, 0x0F, 0xF7, 0x00, 0x03, 0xFF, 0x60, 0x0F, 0xF7, 0x00, 0x0D, 0xFB, 0x00, 0x0F, 0xF7, 0x00, 0x8F, 0xE2, 0x00,
  0x0F, 0xF7, 0x00, 0xEF, 0xFF, 0xFF, 0xFF, 0xFF, 0xF5, 0xEF, 0xFF, 0xFF, 0xFF, 0xFF, 0xF5, 0x22, 0x22, 0x22, 0x2F, 0xF8, 0x21, 0x00, 0x00, 0x00,
  0x0F, 0xF7, 0x00, 0x00, 0x00, 0x00, 0x0F, 0xF7, 0x00, 0x0F, 0xFF, 0xFF, 0xFF, 0xF7, 0x02, 0xFF, 0xFF, 0xFF, 0xFF, 0x70, 0x3F, 0xF3, 0x11, 0x11,
  0x10, 0x05, 0xFF, 0x00, 0x00, 0x00, 0x00, 0x7F, 0xD5, 0xCF, 0xD9, 0x10, 0x09, 0xFF, 0xFF, 0xFF, 0xFD, 0x10, 0x7C, 0xE7, 0x23, 0x9F, 0xFA, 0x00,
  0x00, 0x00, 0x00, 0xBF, 0xF1, 0x00, 0x00, 0x00, 0x06, 0xFF, 0x32, 0x31, 0x00, 0x00, 0x5F, 0xF2, 0xDF, 0xB0, 0x00, 0x0A, 0xFE, 0x08, 0xFF, 0x92,
  0x28, 0xFF, 0x80, 0x1B, 0xFF, 0xFF, 0xFF, 0xB0, 0x00, 0x07, 0xCE, 0xEC, 0x60, 0x00, 0x00, 0x18, 0xDE, 0xEB, 0x50, 0x00, 0x2D, 0xFF, 0xFF, 0xFF,
  0xA0, 0x0C, 0xFD, 0x51, 0x29, 0xFF, 0x64, 0xFF, 0x30, 0x00, 0x04, 0x42, 0x9F, 0xC1, 0x9E, 0xEC, 0x60, 0x0D, 0xFA, 0xDF, 0xFF, 0xFF, 0x80, 0xEF,
  0xFE, 0x51, 0x4D, 0xFF, 0x3F, 0xFF, 0x40, 0x00, 0x2F, 0xF9, 0xEF, 0xE0, 0x00, 0x00, 0xCF, 0xBC, 0xFE, 0x00, 0x00, 0x0C, 0xFB, 0x8F, 0xF4, 0x00,
  0x02, 0xFF, 0x81, 0xEF, 0xE5, 0x14, 0xDF, 0xE2, 0x05, 0xFF, 0xFF, 0xFF, 0xF5, 0x00, 0x03, 0xAD, 0xFD, 0xA3, 0x00, 0x3F, 0xFF, 0xFF, 0xFF, 0xFF,
  0xB3, 0xFF, 0xFF, 0xFF, 0xFF, 0xFB, 0x01, 0x11, 0x11, 0x14, 0xFF, 0x80, 0x00, 0x00, 0x00, 0xBF, 0xE1, 0x00, 0x00, 0x00, 0x4F, 0xF7, 0x00, 0x00,
  0x00, 0x0C, 0xFE, 0x10, 0x00, 0x00, 0x05, 0xFF, 0x60, 0x00, 0x00, 0x00, 0xCF, 0xD0, 0x00, 0x00, 0x00, 0x5F, 0xF6, 0x00, 0x00, 0x00, 0x0D, 0xFD,
  0x00, 0x00, 0x00, 0x06, 0xFF, 0x50, 0x00, 0x00, 0x00, 0xDF, 0xC0, 0x00, 0x00, 0x00, 0x6F, 0xF4, 0x00, 0x00, 0x00, 0x0D, 0xFC, 0x00, 0x00, 0x00,
  0x00, 0x6B, 0xEF, 0xEA, 0x40, 0x00, 0xBF, 0xFF, 0xFF, 0xFF, 0x80, 0x5F, 0xFA, 0x31, 0x4C, 0xFF, 0x26, 0xFF, 0x20, 0x00, 0x5F, 0xF3, 0x2E, 0xFA,
  0x20, 0x3C, 0xFC, 0x00, 0x3A, 0xFF, 0xFF, 0xE9, 0x10, 0x05, 0xDF, 0xFF, 0xFF, 0xC3, 0x04, 0xFF, 0xB3, 0x25, 0xDF, 0xE2, 0xCF, 0xE1, 0x00, 0x03,
  0xFF, 0x9E, 0xFB, 0x00, 0x00, 0x0E, 0xFB, 0xDF, 0xD0, 0x00, 0x02, 0xFF, 0xA8, 0xFF, 0xB3, 0x14, 0xDF, 0xF5, 0x0B, 0xFF, 0xFF, 0xFF, 0xF8, 0x00,
  0x06, 0xBE, 0xFD, 0xA4, 0x00, 0x00, 0x5B, 0xEF, 0xD8, 0x10, 0x00, 0xAF, 0xFF, 0xFF, 0xFD, 0x20, 0x6F, 0xFB, 0x31, 0x5E, 0xFC, 0x0C, 0xFC, 0x00,
  0x00, 0x5F, 0xF4, 0xFF, 0x90, 0x00, 0x01, 0xFF, 0x9D, 0xFC, 0x00, 0x00, 0x5F, 0xFB, 0x9F, 0xFA, 0x31, 0x5E, 0xFF, 0xB1, 0xDF, 0xFF, 0xFF, 0xBC,
  0xFB, 0x01, 0x8D, 0xFD, 0x80, 0xDF, 0x90, 0x00, 0x00, 0x00, 0x1F, 0xF6, 0xAE, 0xD0, 0x00, 0x08, 0xFF, 0x26, 0xFF, 0xA2, 0x27, 0xFF, 0x80, 0x0A,
  0xFF, 0xFF, 0xFF, 0xB1, 0x00, 0x06, 0xCE, 0xEC, 0x60, 0x00, 0x1C, 0xE5, 0x5F, 0xFB, 0x1C, 0xE5, 0x00, 0x00, 0x00, 0x00, 0x00, 0x00, 0x00, 0x00,
  0x1C, 0xE5, 0x5F, 0xFB, 0x1C, 0xE5, 0x0A, 0xE7, 0x2F, 0xFE, 0x0A, 0xE7, 0x00, 0x00, 0x00, 0x00, 0x00, 0x00, 0x00, 0x00, 0x0F, 0xF8, 0x2F, 0xF4,
  0x4F, 0xE0, 0x7F, 0xA0, 0x9F, 0x60, 0xBF, 0x20, 0x00, 0x00, 0x00, 0x00, 0x00, 0x10, 0x00, 0x00, 0x00, 0x16, 0xD5, 0x00, 0x00, 0x01, 0x7E, 0xFF,
  0x50, 0x00, 0x28, 0xEF, 0xFE, 0x92, 0x03, 0xAF, 0xFF, 0xD7, 0x10, 0x04, 0xFF, 0xFB, 0x50, 0x00, 0x00, 0x5F, 0xFD, 0x40, 0x00, 0x00, 0x02, 0x9F,
  0xFF, 0xD6, 0x10, 0x00, 0x00, 0x28, 0xEF, 0xFE, 0x82, 0x00, 0x00, 0x01, 0x7E, 0xFF, 0xF5, 0x00, 0x00, 0x00, 0x06, 0xDF, 0x50, 0x00, 0x00, 0x00,
  0x00, 0x54, 0xFF, 0xFF, 0xFF, 0xFF, 0xF7, 0xFF, 0xFF, 0xFF, 0xFF, 0xF7, 0x11, 0x11, 0x11, 0x11, 0x10, 0x00, 0x00, 0x00, 0x00, 0x00, 0x11, 0x11,
  0x11, 0x11, 0x10, 0xFF, 0xFF, 0xFF, 0xFF, 0xF7, 0xFF, 0xFF, 0xFF, 0xFF, 0xF7, 0x10, 0x00, 0x00, 0x00, 0x00, 0xDA, 0x30, 0x00, 0x00, 0x00, 0xDF,
  0xFB, 0x40, 0x00, 0x00, 0x6C, 0xFF, 0xFC, 0x50, 0x00, 0x00, 0x4A, 0xFF, 0xFD, 0x60, 0x00, 0x00, 0x28, 0xEF, 0xFB, 0x00, 0x00, 0x01, 0x8F, 0xFC,
  0x00, 0x03, 0xAF, 0xFF, 0xD5, 0x05, 0xCF, 0xFF, 0xC5, 0x00, 0xCF, 0xFF, 0xB4, 0x00, 0x00, 0xDF, 0x92, 0x00, 0x00, 0x00, 0x72, 0x00, 0x00, 0x00,
  0x00, 0x00, 0x3A, 0xEF, 0xD9, 0x20, 0x05, 0xFF, 0xFF, 0xFF, 0xE3, 0x0E, 0xFD, 0x42, 0x6F, 0xFA, 0x2D, 0xD5, 0x00, 0x0B, 0xFD, 0x00, 0x00, 0x00,
  0x0D, 0xFC, 0x00, 0x00, 0x01, 0xBF, 0xF5, 0x00, 0x00, 0x4E, 0xFE, 0x60, 0x00, 0x00, 0xEF, 0xD2, 0x00, 0x00, 0x02, 0xFF, 0x40, 0x00, 0x00, 0x02,
  0x99, 0x10, 0x00, 0x00, 0x00, 0x00, 0x00, 0x00, 0x00, 0x03, 0xDD, 0x30, 0x00, 0x00, 0x09, 0xFF, 0x80, 0x00, 0x00, 0x03, 0xDD, 0x30, 0x00, 0x00,
  0x00, 0x16, 0xBD, 0xEF, 0xDB, 0x71, 0x00, 0x00, 0x00, 0x05, 0xEF, 0xFF, 0xFF, 0xFF, 0xFE, 0x80, 0x00, 0x00, 0x8F, 0xFD, 0x73, 0x21, 0x35, 0xAF,
  0xFA, 0x00, 0x05, 0xFF, 0x80, 0x00, 0x00, 0x00, 0x04, 0xEF, 0x80, 0x1E, 0xF8, 0x00, 0x5C, 0xED, 0x7A, 0xF3, 0x4F, 0xF2, 0x6F, 0xE1, 0x06, 0xFF,
  0xFF, 0xFE, 0xF3, 0x0A, 0xF8, 0xBF, 0x80, 0x1E, 0xF8, 0x23, 0xAF, 0xF3, 0x05, 0xFC, 0xDF, 0x50, 0x5F, 0xB0, 0x00, 0x1E, 0xF3, 0x03, 0xFE, 0xFF,
  0x40, 0x7F, 0x70, 0x00, 0x0C, 0xF3, 0x02, 0xFE, 0xFF, 0x40, 0x7F, 0x70, 0x00, 0x0C, 0xF3, 0x03, 0xFD, 0xEF, 0x50, 0x5F, 0xB0, 0x00, 0x1F, 0xF3,
  0x05, 0xFB, 0xBF, 0x80, 0x1F, 0xF8, 0x23, 0xBF, 0xF7, 0x2C, 0xF7, 0x7F, 0xD0, 0x07, 0xFF, 0xFF, 0xF9, 0xFF, 0xFF, 0xE1, 0x2F, 0xF8, 0x00, 0x6D,
  0xFD, 0x50, 0x7D, 0xEB, 0x20, 0x07, 0xFF, 0x80, 0x00, 0x00, 0x00, 0x00, 0x00, 0x00, 0x00, 0xAF, 0xFD, 0x74, 0x21, 0x24, 0x74, 0x00, 0x00, 0x00,
  0x06, 0xEF, 0xFF, 0xFF, 0xFF, 0xFB, 0x00, 0x00, 0x00, 0x00, 0x17, 0xBD, 0xFF, 0xEC, 0x83, 0x00, 0x00, 0x00, 0x00, 0x09, 0xFF, 0xF1, 0x00, 0x00,
  0x00, 0x00, 0x01, 0xEF, 0xFF, 0x60, 0x00, 0x00, 0x00, 0x00, 0x5F, 0xFA, 0xFC, 0x00, 0x00, 0x00, 0x00, 0x0B, 0xFB, 0x5F, 0xF3, 0x00, 0x00, 0x00,
  0x01, 0xFF, 0x61, 0xEF, 0x80, 0x00, 0x00, 0x00, 0x7F, 0xF2, 0x0A, 0xFE, 0x00, 0x00, 0x00, 0x0C, 0xFC, 0x00, 0x5F, 0xF4, 0x00, 0x00, 0x02, 0xFF,
  0x60, 0x00, 0xEF, 0xA0, 0x00, 0x00, 0x8F, 0xFF, 0xFF, 0xFF, 0xFF, 0x10, 0x00, 0x0D, 0xFF, 0xFF, 0xFF, 0xFF, 0xF6, 0x00, 0x04, 0xFF, 0x71, 0x11,
  0x11, 0xDF, 0xC0, 0x00, 0x9F, 0xF2, 0x00, 0x00, 0x09, 0xFF, 0x20, 0x0E, 0xFC, 0x00, 0x00, 0x00, 0x4F, 0xF8, 0x05, 0xFF, 0x70, 0x00, 0x00, 0x00,
  0xEF, 0xD0, 0x8F, 0xFF, 0xFF, 0xED, 0x81, 0x00, 0x8F, 0xFF, 0xFF, 0xFF, 0xFD, 0x10, 0x8F, 0xF2, 0x11, 0x2A, 0xFF, 0x80, 0x8F, 0xF1, 0x00, 0x00,
  0xEF, 0xA0, 0x8F, 0xF1, 0x00, 0x01, 0xFF, 0x90, 0x8F, 0xF2, 0x11, 0x3B, 0xFE, 0x20, 0x8F, 0xFF, 0xFF, 0xFF, 0xB2, 0x00, 0x8F, 0xFF, 0xFF, 0xFF,
  0xFC, 0x20, 0x8F, 0xF1, 0x00, 0x16, 0xEF, 0xC0, 0x8F, 0xF1, 0x00, 0x00, 0x8F, 0xF3, 0x8F, 0xF1, 0x00, 0x00, 0x7F, 0xF4, 0x8F, 0xF2, 0x11, 0x25,
  0xEF, 0xE1, 0x8F, 0xFF, 0xFF, 0xFF, 0xFF, 0x70, 0x8F, 0xFF, 0xFF, 0xFE, 0xA4, 0x00, 0x00, 0x04, 0xAD, 0xFE, 0xC7, 0x10, 0x00, 0x09, 0xFF, 0xFF,
  0xFF, 0xFD, 0x20, 0x09, 0xFF, 0xB4, 0x13, 0x8F, 0xFD, 0x13, 0xFF, 0xA0, 0x00, 0x00, 0x6F, 0xF7, 0x9F, 0xF1, 0x00, 0x00, 0x00, 0x9A, 0x7D, 0xFC,
  0x00, 0x00, 0x00, 0x00, 0x00, 0xEF, 0xA0, 0x00, 0x00, 0x00, 0x00, 0x0E, 0xFA, 0x00, 0x00, 0x00, 0x00, 0x00, 0xDF, 0xC0, 0x00, 0x00, 0x00, 0x00,
  0x09, 0xFF, 0x10, 0x00, 0x00, 0x0A, 0xA7, 0x3F, 0xFA, 0x00, 0x00, 0x06, 0xFF, 0x70, 0x9F, 0xFB, 0x41, 0x38, 0xFF, 0xD0, 0x00, 0x9F, 0xFF, 0xFF,
  0xFF, 0xD2, 0x00, 0x00, 0x4A, 0xDF, 0xEB, 0x60, 0x00, 0x8F, 0xFF, 0xFF, 0xDB, 0x61, 0x00, 0x08, 0xFF, 0xFF, 0xFF, 0xFF, 0xD3, 0x00, 0x8F, 0xF2,
  0x11, 0x37, 0xEF, 0xE2, 0x08, 0xFF, 0x10, 0x00, 0x03, 0xEF, 0xA0, 0x8F, 0xF1, 0x00, 0x00, 0x09, 0xFF, 0x18, 0xFF, 0x10, 0x00, 0x00, 0x4F, 0xF4,
  0x8F, 0xF1, 0x00, 0x00, 0x03, 0xFF, 0x68, 0xFF, 0x10, 0x00, 0x00, 0x3F, 0xF6, 0x8F, 0xF1, 0x00, 0x00, 0x04, 0xFF, 0x48, 0xFF, 0x10, 0x00, 0x00,
  0x9F, 0xF1, 0x8F, 0xF1, 0x00, 0x00, 0x3F, 0xFA, 0x08, 0xFF, 0x21, 0x13, 0x7E, 0xFE, 0x20, 0x8F, 0xFF, 0xFF, 0xFF, 0xFD, 0x30, 0x08, 0xFF, 0xFF,
  0xFD, 0xB6, 0x10, 0x00, 0x8F, 0xFF, 0xFF, 0xFF, 0xFE, 0x8F, 0xFF, 0xFF, 0xFF, 0xFE, 0x8F, 0xF2, 0x11, 0x11, 0x11, 0x8F, 0xF1, 0x00, 0x00, 0x00,
  0x8F, 0xF1, 0x00, 0x00, 0x00, 0x8F, 0xF2, 0x11, 0x11, 0x10, 0x8F, 0xFF, 0xFF, 0xFF, 0xF6, 0x8F, 0xFF, 0xFF, 0xFF, 0xF6, 0x8F, 0xF1, 0x00, 0x00,
  0x00, 0x8F, 0xF1, 0x00, 0x00, 0x00, 0x8F, 0xF1, 0x00, 0x00, 0x00, 0x8F, 0xF2, 0x11, 0x11, 0x11, 0x8F, 0xFF, 0xFF, 0xFF, 0xFE, 0x8F, 0xFF, 0xFF,
  0xFF, 0xFE, 0x8F, 0xFF, 0xFF, 0xFF, 0xFC, 0x8F, 0xFF, 0xFF, 0xFF, 0xFC, 0x8F, 0xF2, 0x11, 0x11, 0x11, 0x8F, 0xF1, 0x00, 0x00, 0x00, 0x8F, 0xF1,
  0x00, 0x00, 0x00, 0x8F, 0xF1, 0x00, 0x00, 0x00, 0x8F, 0xFF, 0xFF, 0xFF, 0xF2, 0x8F, 0xFF, 0xFF, 0xFF, 0xF2, 0x8F, 0xF2, 0x11, 0x11, 0x10, 0x8F,
  0xF1, 0x00, 0x00, 0x00, 0x8F, 0xF1, 0x00, 0x00, 0x00, 0x8F, 0xF1, 0x00, 0x00, 0x00, 0x8F, 0xF1, 0x00, 0x00, 0x00, 0x8F, 0xF1, 0x00, 0x00, 0x00,
  0x00, 0x04, 0xAD, 0xFE, 0xC7, 0x10, 0x00, 0x09, 0xFF, 0xFF, 0xFF, 0xFE, 0x40, 0x08, 0xFF, 0xB4, 0x12, 0x7E, 0xFE, 0x23, 0xFF, 0xA0, 0x00, 0x00,
  0x4F, 0xF9, 0x9F, 0xF2, 0x00, 0x00, 0x00, 0x12, 0x1D, 0xFC, 0x00, 0x00, 0x00, 0x00, 0x00, 0xEF, 0xA0, 0x00, 0x0F, 0xFF, 0xFF, 0xEE, 0xFA, 0x00,
  0x00, 0xFF, 0xFF, 0xFE, 0xDF, 0xC0, 0x00, 0x01, 0x11, 0xBF, 0xD9, 0xFF, 0x10, 0x00, 0x00, 0x0D, 0xFB, 0x4F, 0xFA, 0x00, 0x00, 0x06, 0xFF, 0x50,
  0x9F, 0xFB, 0x41, 0x27, 0xFF, 0xC0, 0x00, 0x9F, 0xFF, 0xFF, 0xFF, 0xC2, 0x00, 0x00, 0x4A, 0xDF, 0xEC, 0x60, 0x00, 0x8F, 0xF1, 0x00, 0x00, 0x02,
  0xFF, 0x78, 0xFF, 0x10, 0x00, 0x00, 0x2F, 0xF7, 0x8F, 0xF1, 0x00, 0x00, 0x02, 0xFF, 0x78, 0xFF, 0x10, 0x00, 0x00, 0x2F, 0xF7, 0x8F, 0xF1, 0x00,
  0x00, 0x02, 0xFF, 0x78, 0xFF, 0x21, 0x11, 0x11, 0x3F, 0xF7, 0x8F, 0xFF, 0xFF, 0xFF, 0xFF, 0xFF, 0x78, 0xFF, 0xFF, 0xFF, 0xFF, 0xFF, 0xF7, 0x8F,
  0xF1, 0x00, 0x00, 0x02, 0xFF, 0x78, 0xFF, 0x10, 0x00, 0x00, 0x2F, 0xF7, 0x8F, 0xF1, 0x00, 0x00, 0x02, 0xFF, 0x78, 0xFF, 0x10, 0x00, 0x00, 0x2F,
  0xF7, 0x8F, 0xF1, 0x00, 0x00, 0x02, 0xFF, 0x78, 0xFF, 0x10, 0x00, 0x00, 0x2F, 0xF7, 0x8F, 0xF1, 0x8F, 0xF1, 0x8F, 0xF1, 0x8F, 0xF1, 0x8F, 0xF1,
  0x8F, 0xF1, 0x8F, 0xF1, 0x8F, 0xF1, 0x8F, 0xF1, 0x8F, 0xF1, 0x8F, 0xF1, 0x8F, 0xF1, 0x8F, 0xF1, 0x8F, 0xF1, 0x00, 0x00, 0x00, 0x07, 0xFF, 0x20,
  0x00, 0x00, 0x00, 0x7F, 0xF2, 0x00, 0x00, 0x00, 0x07, 0xFF, 0x20, 0x00, 0x00, 0x00, 0x7F, 0xF2, 0x00, 0x00, 0x00, 0x07, 0xFF, 0x20, 0x00, 0x00,
  0x00, 0x7F, 0xF2, 0x00, 0x00, 0x00, 0x07, 0xFF, 0x20, 0x00, 0x00, 0x00, 0x7F, 0xF2, 0x01, 0x10, 0x00, 0x07, 0xFF, 0x23, 0xFF, 0x60, 0x00, 0x7F,
  0xF2, 0x2F, 0xF8, 0x00, 0x09, 0xFF, 0x10, 0xDF, 0xE4, 0x25, 0xEF, 0xC0, 0x05, 0xFF, 0xFF, 0xFF, 0xF4, 0x00, 0x03, 0xAE, 0xFE, 0xA3, 0x00, 0x8F,
  0xF1, 0x00, 0x00, 0x4F, 0xFD, 0x28, 0xFF, 0x10, 0x00, 0x3E, 0xFE, 0x20, 0x8F, 0xF1, 0x00, 0x2E, 0xFE, 0x30, 0x08, 0xFF, 0x10, 0x1D, 0xFF, 0x40,
  0x00, 0x8F, 0xF1, 0x1C, 0xFF, 0x60, 0x00, 0x08, 0xFF, 0x1A, 0xFF, 0x70, 0x00, 0x00, 0x8F, 0xF7, 0xFF, 0xF2, 0x00, 0x00, 0x08, 0xFF, 0xFF, 0xFF,
  0xC0, 0x00, 0x00, 0x8F, 0xFF, 0x67, 0xFF, 0x80, 0x00, 0x08, 0xFF, 0x60, 0x0B, 0xFF, 0x40, 0x00, 0x8F, 0xF1, 0x00, 0x1E, 0xFE, 0x10, 0x08, 0xFF,
  0x10, 0x00, 0x5F, 0xFB, 0x00, 0x8F, 0xF1, 0x00, 0x00, 0x9F, 0xF7, 0x08, 0xFF, 0x10, 0x00, 0x01, 0xDF, 0xF3, 0x8F, 0xF1, 0x00, 0x00, 0x00, 0x8F,
  0xF1, 0x00, 0x00, 0x00, 0x8F, 0xF1, 0x00, 0x00, 0x00, 0x8F, 0xF1, 0x00, 0x00, 0x00, 0x8F, 0xF1, 0x00, 0x00, 0x00, 0x8F, 0xF1, 0x00, 0x00, 0x00,
  0x8F, 0xF1, 0x00, 0x00, 0x00, 0x8F, 0xF1, 0x00, 0x00, 0x00, 0x8F, 0xF1, 0x00, 0x00, 0x00, 0x8F, 0xF1, 0x00, 0x00, 0x00, 0x8F, 0xF1, 0x00, 0x00,
  0x00, 0x8F, 0xF4, 0x33, 0x33, 0x32, 0x8F, 0xFF, 0xFF, 0xFF, 0xF8, 0x8F, 0xFF, 0xFF, 0xFF, 0xF8, 0x8F, 0xFF, 0x90, 0x00, 0x00, 0x02, 0xFF, 0xFF,
  0x8F, 0xFF, 0xE0, 0x00, 0x00, 0x08, 0xFF, 0xFF, 0x8F, 0xFF, 0xF5, 0x00, 0x00, 0x0D, 0xFE, 0xFF, 0x8F, 0xEC, 0xFB, 0x00, 0x00, 0x4F, 0xFB, 0xFF,
  0x8F, 0xF7, 0xFF, 0x20, 0x00, 0xAF, 0xD9, 0xFF, 0x8F, 0xF2, 0xFF, 0x70, 0x01, 0xFF, 0x89, 0xFF, 0x8F, 0xF0, 0xCF, 0xD0, 0x06, 0xFF, 0x39, 0xFF,
  0x8F, 0xF0, 0x6F, 0xF3, 0x0B, 0xFD, 0x09, 0xFF, 0x8F, 0xF0, 0x1F, 0xF8, 0x1F, 0xF7, 0x09, 0xFF, 0x8F, 0xF0, 0x0A, 0xFC, 0x5F, 0xF1, 0x09, 0xFF,
  0x8F, 0xF0, 0x04, 0xFF, 0xAF, 0xA0, 0x09, 0xFF, 0x8F, 0xF0, 0x00, 0xDF, 0xFF, 0x40, 0x09, 0xFF, 0x8F, 0xF0, 0x00, 0x7F, 0xFD, 0x00, 0x09, 0xFF,
  0x8F, 0xF0, 0x00, 0x2F, 0xF8, 0x00, 0x09, 0xFF, 0x8F, 0xFB, 0x00, 0x00, 0x00, 0xEF, 0xB8, 0xFF, 0xF6, 0x00, 0x00, 0x0E, 0xFB, 0x8F, 0xFF, 0xE1,
  0x00, 0x00, 0xEF, 0xB8, 0xFF, 0xDF, 0xA0, 0x00, 0x0E, 0xFB, 0x8F, 0xF6, 0xFF, 0x50, 0x00, 0xEF, 0xB8, 0xFF, 0x1C, 0xFE, 0x10, 0x0E, 0xFB, 0x8F,
  0xF2, 0x3F, 0xF9, 0x00, 0xEF, 0xB8, 0xFF, 0x20, 0x8F, 0xF4, 0x0E, 0xFB, 0x8F, 0xF2, 0x01, 0xDF, 0xD0, 0xEF, 0xB8, 0xFF, 0x20, 0x04, 0xFF, 0x7D,
  0xFB, 0x8F, 0xF2, 0x00, 0x08, 0xFE, 0xDF, 0xB8, 0xFF, 0x20, 0x00, 0x1D, 0xFF, 0xFB, 0x8F, 0xF2, 0x00, 0x00, 0x4F, 0xFF, 0xB8, 0xFF, 0x20, 0x00,
  0x00, 0x9F, 0xFB, 0x00, 0x04, 0xAD, 0xFE, 0xB6, 0x10, 0x00, 0x00, 0x9F, 0xFF, 0xFF, 0xFF, 0xC2, 0x00, 0x09, 0xFF, 0xB4, 0x12, 0x8F, 0xFD, 0x10,
  0x3F, 0xFA, 0x00, 0x00, 0x05, 0xFF, 0x90, 0x9F, 0xF1, 0x00, 0x00, 0x00, 0xBF, 0xE0, 0xDF, 0xC0, 0x00, 0x00, 0x00, 0x6F, 0xF3, 0xEF, 0xA0, 0x00,
  0x00, 0x00, 0x5F, 0xF5, 0xEF, 0xA0, 0x00, 0x00, 0x00, 0x4F, 0xF5, 0xDF, 0xC0, 0x00, 0x00, 0x00, 0x6F, 0xF3, 0x9F, 0xF1, 0x00, 0x00, 0x00, 0xBF,
  0xE0, 0x3F, 0xFA, 0x00, 0x00, 0x05, 0xFF, 0x90, 0x09, 0xFF, 0xB4, 0x12, 0x8F, 0xFD, 0x10, 0x00, 0x9F, 0xFF, 0xFF, 0xFF, 0xD2, 0x00, 0x00, 0x04,
  0xAD, 0xFE, 0xB6, 0x10, 0x00, 0x8F, 0xFF, 0xFF, 0xEC, 0x70, 0x00, 0x8F, 0xFF, 0xFF, 0xFF, 0xFC, 0x10, 0x8F, 0xF2, 0x11, 0x3A, 0xFF, 0x80, 0x8F,
  0xF1, 0x00, 0x00, 0xDF, 0xD0, 0x8F, 0xF1, 0x00, 0x00, 0xAF, 0xF0, 0x8F, 0xF1, 0x00, 0x00, 0xDF, 0xE0, 0x8F, 0xF1, 0x00, 0x2A, 0xFF, 0x90, 0x8F,
  0xFF, 0xFF, 0xFF, 0xFD, 0x10, 0x8F, 0xFF, 0xFF, 0xFD, 0x81, 0x00, 0x8F, 0xF2, 0x11, 0x00, 0x00, 0x00, 0x8F, 0xF1, 0x00, 0x00, 0x00, 0x00, 0x8F,
  0xF1, 0x00, 0x00, 0x00, 0x00, 0x8F, 0xF1, 0x00, 0x00, 0x00, 0x00, 0x8F, 0xF1, 0x00, 0x00, 0x00, 0x00, 0x00, 0x04, 0xAD, 0xFE, 0xB6, 0x10, 0x00,
  0x00, 0x9F, 0xFF, 0xFF, 0xFF, 0xD2, 0x00, 0x09, 0xFF, 0xD8, 0x56, 0xBF, 0xFD, 0x10, 0x3F, 0xFC, 0x10, 0x00, 0x08, 0xFF, 0x90, 0x9F, 0xF2, 0x00,
  0x00, 0x00, 0xCF, 0xE1, 0xDF, 0xC0, 0x00, 0x00, 0x00, 0x7F, 0xF3, 0xEF, 0xA0, 0x00, 0x00, 0x00, 0x5F, 0xF5, 0xEF, 0xA0, 0x00, 0x00, 0x00, 0x5F,
  0xF5, 0xDF, 0xC0, 0x00, 0x00, 0x00, 0x7F, 0xF3, 0x9F, 0xF2, 0x00, 0xAC, 0x70, 0xCF, 0xE0, 0x3F, 0xFC, 0x10, 0x2E, 0xFA, 0xFF, 0x80, 0x09, 0xFF,
  0xD8, 0x5A, 0xFF, 0xFD, 0x10, 0x00, 0x9F, 0xFF, 0xFF, 0xFF, 0xF3, 0x00, 0x00, 0x04, 0xAD, 0xFE, 0xBC, 0xFC, 0x00, 0x00, 0x00, 0x00, 0x00, 0x01,
  0xCF, 0x90, 0x8F, 0xFF, 0xFF, 0xEC, 0x81, 0x00, 0x8F, 0xFF, 0xFF, 0xFF, 0xFC, 0x10, 0x8F, 0xF2, 0x11, 0x3A, 0xFF, 0x90, 0x8F, 0xF1, 0x00, 0x00,
  0xDF, 0xE0, 0x8F, 0xF1, 0x00, 0x00, 0xAF, 0xF0, 0x8F, 0xF1, 0x00, 0x00, 0xDF, 0xE0, 0x8F, 0xF2, 0x11, 0x3A, 0xFF, 0x90, 0x8F, 0xFF, 0xFF, 0xFF,
  0xFD, 0x10, 0x8F, 0xFF, 0xFF, 0xFF, 0xB1, 0x00, 0x8F, 0xF1, 0x01, 0xDF, 0xE1, 0x00, 0x8F, 0xF1, 0x00, 0x5F, 0xF8, 0x00, 0x8F, 0xF1, 0x00, 0x0C,
  0xFF, 0x20, 0x8F, 0xF1, 0x00, 0x03, 0xFF, 0xA0, 0x8F, 0xF1, 0x00, 0x00, 0xAF, 0xF4, 0x00, 0x04, 0xAD, 0xFE, 0xB6, 0x00, 0x00, 0x08, 0xFF, 0xFF,
  0xFF, 0xFB, 0x10, 0x04, 0xFF, 0xB4, 0x13, 0x9F, 0xF8, 0x00, 0x9F, 0xF1, 0x00, 0x00, 0xBD, 0xB0, 0x09, 0xFF, 0x30, 0x00, 0x00, 0x00, 0x00, 0x5F,
  0xFF, 0x94, 0x00, 0x00, 0x00, 0x00, 0x6E, 0xFF, 0xFF, 0xA5, 0x00, 0x00, 0x00, 0x17, 0xBF, 0xFF, 0xFC, 0x10, 0x00, 0x00, 0x00, 0x04, 0xAF, 0xFB,
  0x00, 0x33, 0x20, 0x00, 0x00, 0xAF, 0xF0, 0x0E, 0xFB, 0x00, 0x00, 0x0A, 0xFF, 0x00, 0xAF, 0xF9, 0x31, 0x39, 0xFF, 0xB0, 0x01, 0xCF, 0xFF, 0xFF,
  0xFF, 0xD2, 0x00, 0x00, 0x6B, 0xEF, 0xEC, 0x71, 0x00, 0x3F, 0xFF, 0xFF, 0xFF, 0xFF, 0xFF, 0x63, 0xFF, 0xFF, 0xFF, 0xFF, 0xFF, 0xF6, 0x01, 0x11,
  0x1B, 0xFE, 0x11, 0x11, 0x00, 0x00, 0x00, 0xBF, 0xE0, 0x00, 0x00, 0x00, 0x00, 0x0B, 0xFE, 0x00, 0x00, 0x00, 0x00, 0x00, 0xBF, 0xE0, 0x00, 0x00,
  0x00, 0x00, 0x0B, 0xFE, 0x00, 0x00, 0x00, 0x00, 0x00, 0xBF, 0xE0, 0x00, 0x00, 0x00, 0x00, 0x0B, 0xFE, 0x00, 0x00, 0x00, 0x00, 0x00, 0xBF, 0xE0,
  0x00, 0x00, 0x00, 0x00, 0x0B, 0xFE, 0x00, 0x00, 0x00, 0x00, 0x00, 0xBF, 0xE0, 0x00, 0x00, 0x00, 0x00, 0x0B, 0xFE, 0x00, 0x00, 0x00, 0x00, 0x00,
  0xBF, 0xE0, 0x00, 0x00, 0x8F, 0xF1, 0x00, 0x00, 0x05, 0xFF, 0x48, 0xFF, 0x10, 0x00, 0x00, 0x5F, 0xF4, 0x8F, 0xF1, 0x00, 0x00, 0x05, 0xFF, 0x48,
  0xFF, 0x10, 0x00, 0x00, 0x5F, 0xF4, 0x8F, 0xF1, 0x00, 0x00, 0x05, 0xFF, 0x48, 0xFF, 0x10, 0x00, 0x00, 0x5F, 0xF4, 0x8F, 0xF1, 0x00, 0x00, 0x05,
  0xFF, 0x48, 0xFF, 0x10, 0x00, 0x00, 0x5F, 0xF4, 0x8F, 0xF1, 0x00, 0x00, 0x05, 0xFF, 0x47, 0xFF, 0x30, 0x00, 0x00, 0x7F, 0xF3, 0x4F, 0xF8, 0x00,
  0x00, 0x0C, 0xFE, 0x10, 0xCF, 0xF9, 0x32, 0x4B, 0xFF, 0x80, 0x02, 0xDF, 0xFF, 0xFF, 0xFF, 0xA0, 0x00, 0x00, 0x7C, 0xEF, 0xDA, 0x50, 0x00, 0x5F,
  0xF8, 0x00, 0x00, 0x00, 0x0E, 0xFD, 0x00, 0xEF, 0xD0, 0x00, 0x00, 0x04, 0xFF, 0x80, 0x09, 0xFF, 0x30, 0x00, 0x00, 0xAF, 0xF2, 0x00, 0x3F, 0xF9,
  0x00, 0x00, 0x0E, 0xFC, 0x00, 0x00, 0xDF, 0xE0, 0x00, 0x05, 0xFF, 0x70, 0x00, 0x07, 0xFF, 0x40, 0x00, 0xAF, 0xF1, 0x00, 0x00, 0x2F, 0xFA, 0x00,
  0x1E, 0xFB, 0x00, 0x00, 0x00, 0xBF, 0xE0, 0x05, 0xFF, 0x50, 0x00, 0x00, 0x06, 0xFF, 0x40, 0xAF, 0xE0, 0x00, 0x00, 0x00, 0x1E, 0xF9, 0x0E, 0xF9,
  0x00, 0x00, 0x00, 0x00, 0x9F, 0xE4, 0xFF, 0x40, 0x00, 0x00, 0x00, 0x04, 0xFF, 0xBF, 0xD0, 0x00, 0x00, 0x00, 0x00, 0x0D, 0xFF, 0xF8, 0x00, 0x00,
  0x00, 0x00, 0x00, 0x8F, 0xFF, 0x20, 0x00, 0x00, 0x6F, 0xF6, 0x00, 0x00, 0x5F, 0xFB, 0x00, 0x00, 0x1F, 0xFB, 0x1F, 0xFA, 0x00, 0x00, 0x9F, 0xFE,
  0x00, 0x00, 0x4F, 0xF7, 0x0C, 0xFE, 0x00, 0x00, 0xDF, 0xFF, 0x40, 0x00, 0x8F, 0xF3, 0x08, 0xFF, 0x30, 0x02, 0xFF, 0xDF, 0x70, 0x00, 0xCF, 0xE0,
  0x04, 0xFF, 0x70, 0x06, 0xFE, 0x8F, 0xB0, 0x01, 0xFF, 0xA0, 0x00, 0xEF, 0xA0, 0x0A, 0xFB, 0x5F, 0xF1, 0x04, 0xFF, 0x50, 0x00, 0xAF, 0xE0, 0x0E,
  0xF7, 0x1F, 0xF4, 0x08, 0xFF, 0x10, 0x00, 0x6F, 0xF3, 0x2F, 0xF3, 0x0C, 0xF8, 0x0C, 0xFC, 0x00, 0x00, 0x2F, 0xF6, 0x6F, 0xE0, 0x08, 0xFC, 0x0F,
  0xF8, 0x00, 0x00, 0x0D, 0xF9, 0x9F, 0xA0, 0x04, 0xFF, 0x4F, 0xF4, 0x00, 0x00, 0x09, 0xFC, 0xCF, 0x60, 0x00, 0xEF, 0x9F, 0xE0, 0x00, 0x00, 0x04,
  0xFE, 0xFF, 0x10, 0x00, 0xBF, 0xEF, 0xA0, 0x00, 0x00, 0x01, 0xFF, 0xFC, 0x00, 0x00, 0x6F, 0xFF, 0x60, 0x00, 0x00, 0x00, 0xBF, 0xF8, 0x00, 0x00,
  0x2F, 0xFF, 0x20, 0x00, 0x0B, 0xFF, 0x40, 0x00, 0x00, 0xCF, 0xF3, 0x01, 0xEF, 0xD1, 0x00, 0x07, 0xFF, 0x70, 0x00, 0x5F, 0xF9, 0x00, 0x3F, 0xFB,
  0x00, 0x00, 0x0A, 0xFF, 0x40, 0xCF, 0xE2, 0x00, 0x00, 0x01, 0xDF, 0xC6, 0xFF, 0x50, 0x00, 0x00, 0x00, 0x4F, 0xFE, 0xFA, 0x00, 0x00, 0x00, 0x00,
  0x08, 0xFF, 0xE1, 0x00, 0x00, 0x00, 0x00, 0x0A, 0xFF, 0xF3, 0x00, 0x00, 0x00, 0x00, 0x6F, 0xFE, 0xFD, 0x10, 0x00, 0x00, 0x03, 0xFF, 0xA5, 0xFF,
  0x90, 0x00, 0x00, 0x1D, 0xFE, 0x20, 0xAF, 0xF5, 0x00, 0x00, 0x9F, 0xF5, 0x00, 0x1D, 0xFE, 0x20, 0x06, 0xFF, 0x90, 0x00, 0x04, 0xFF, 0xC0, 0x2E,
  0xFD, 0x10, 0x00, 0x00, 0x8F, 0xF8, 0x3F, 0xFC, 0x00, 0x00, 0x00, 0x8F, 0xF7, 0x09, 0xFF, 0x60, 0x00, 0x02, 0xFF, 0xD0, 0x01, 0xEF, 0xE1, 0x00,
  0x0A, 0xFF, 0x40, 0x00, 0x5F, 0xF8, 0x00, 0x4F, 0xF9, 0x00, 0x00, 0x0B, 0xFF, 0x20, 0xCF, 0xE1, 0x00, 0x00, 0x02, 0xFF, 0xA5, 0xFF, 0x60, 0x00,
  0x00, 0x00, 0x7F, 0xFD, 0xFC, 0x00, 0x00, 0x00, 0x00, 0x0D, 0xFF, 0xF3, 0x00, 0x00, 0x00, 0x00, 0x04, 0xFF, 0x90, 0x00, 0x00, 0x00, 0x00, 0x02,
  0xFF, 0x70, 0x00, 0x00, 0x00, 0x00, 0x02, 0xFF, 0x70, 0x00, 0x00, 0x00, 0x00, 0x02, 0xFF, 0x70, 0x00, 0x00, 0x00, 0x00, 0x02, 0xFF, 0x70, 0x00,
  0x00, 0x00, 0x00, 0x02, 0xFF, 0x70, 0x00, 0x00, 0xDF, 0xFF, 0xFF, 0xFF, 0xFF, 0xDD, 0xFF, 0xFF, 0xFF, 0xFF, 0xFC, 0x11, 0x11, 0x11, 0x19, 0xFF,
  0x30, 0x00, 0x00, 0x05, 0xFF, 0x70, 0x00, 0x00, 0x02, 0xEF, 0xB0, 0x00, 0x00, 0x00, 0xCF, 0xE2, 0x00, 0x00, 0x00, 0x8F, 0xF5, 0x00, 0x00, 0x00,
  0x4F, 0xF9, 0x00, 0x00, 0x00, 0x1D, 0xFD, 0x10, 0x00, 0x00, 0x0A, 0xFF, 0x30, 0x00, 0x00, 0x06, 0xFF, 0x60, 0x00, 0x00, 0x02, 0xEF, 0x91, 0x11,
  0x11, 0x11, 0xBF, 0xFF, 0xFF, 0xFF, 0xFF, 0xEC, 0xFF, 0xFF, 0xFF, 0xFF, 0xFE, 0x01, 0x11, 0x10, 0x1F, 0xFF, 0xF6, 0x1F, 0xFF, 0xF6, 0x1F, 0xF5,
  0x00, 0x1F, 0xF5, 0x00, 0x1F, 0xF5, 0x00, 0x1F, 0xF5, 0x00, 0x1F, 0xF5, 0x00, 0x1F, 0xF5, 0x00, 0x1F, 0xF5, 0x00, 0x1F, 0xF5, 0x00, 0x1F, 0xF5,
  0x00, 0x1F, 0xF5, 0x00, 0x1F, 0xF5, 0x00, 0x1F, 0xF5, 0x00, 0x1F, 0xF5, 0x00, 0x1F, 0xF6, 0x10, 0x1F, 0xFF, 0xF6, 0x1F, 0xFF, 0xF6, 0x58, 0x50,
  0x00, 0x00, 0x6F, 0xC0, 0x00, 0x00, 0x2F, 0xF1, 0x00, 0x00, 0x0D, 0xF5, 0x00, 0x00, 0x09, 0xF9, 0x00, 0x00, 0x05, 0xFD, 0x00, 0x00, 0x01, 0xFF,
  0x30, 0x00, 0x00, 0xCF, 0x70, 0x00, 0x00, 0x8F, 0xB0, 0x00, 0x00, 0x4F, 0xE0, 0x00, 0x00, 0x0E, 0xF4, 0x00, 0x00, 0x0B, 0xF8, 0x00, 0x00, 0x07,
  0xFC, 0x00, 0x00, 0x03, 0xFF, 0x10, 0x00, 0x00, 0xEF, 0x50, 0x00, 0x00, 0xAF, 0x90, 0x00, 0x00, 0x6F, 0xD0, 0x00, 0x00, 0x2F, 0xF2, 0x11, 0x11,
  0x0E, 0xFF, 0xF8, 0xEF, 0xFF, 0x80, 0x0E, 0xF8, 0x00, 0xEF, 0x80, 0x0E, 0xF8, 0x00, 0xEF, 0x80, 0x0E, 0xF8, 0x00, 0xEF, 0x80, 0x0E, 0xF8, 0x00,
  0xEF, 0x80, 0x0E, 0xF8, 0x00, 0xEF, 0x80, 0x0E, 0xF8, 0x00, 0xEF, 0x80, 0x0E, 0xF8, 0x11, 0xEF, 0x8E, 0xFF, 0xF8, 0xEF, 0xFF, 0x80, 0x00, 0x08,
  0xFF, 0x30, 0x00, 0x01, 0xEE, 0xFA, 0x00, 0x00, 0x8F, 0x6C, 0xF3, 0x00, 0x1E, 0xE1, 0x5F, 0xA0, 0x08, 0xF7, 0x00, 0xDF, 0x31, 0xEE, 0x10, 0x06,
  0xFA, 0x11, 0x11, 0x11, 0x11, 0x10, 0xFF, 0xFF, 0xFF, 0xFF, 0xF6, 0xFF, 0xFF, 0xFF, 0xFF, 0xF6, 0x2E, 0xF3, 0x00, 0x7F, 0xA0, 0x00, 0xCF, 0x20,
  0x00, 0x28, 0xDF, 0xEA, 0x40, 0x00, 0x2E, 0xFF, 0xFF, 0xFF, 0x60, 0x0B, 0xFE, 0x51, 0x3D, 0xFE, 0x00, 0x03, 0x30, 0x00, 0x7F, 0xF2, 0x00, 0x01,
  0x46, 0x8D, 0xFF, 0x20, 0x2B, 0xFF, 0xFF, 0xDF, 0xF2, 0x0D, 0xFC, 0x52, 0x06, 0xFF, 0x23, 0xFF, 0x40, 0x00, 0x8F, 0xF2, 0x2F, 0xFA, 0x22, 0x7F,
  0xFF, 0x20, 0xCF, 0xFF, 0xFF, 0xAF, 0xF2, 0x01, 0x9E, 0xFD, 0x64, 0xFF, 0x20, 0xAF, 0xD0, 0x00, 0x00, 0x00, 0x0A, 0xFD, 0x00, 0x00, 0x00, 0x00,
  0xAF, 0xD0, 0x00, 0x00, 0x00, 0x0A, 0xFD, 0x19, 0xEE, 0xB4, 0x00, 0xAF, 0xEB, 0xFF, 0xFF, 0xF5, 0x0A, 0xFF, 0xD4, 0x25, 0xEF, 0xE1, 0xAF, 0xF4,
  0x00, 0x06, 0xFF, 0x5A, 0xFE, 0x00, 0x00, 0x2F, 0xF8, 0xAF, 0xD0, 0x00, 0x00, 0xFF, 0x9A, 0xFE, 0x00, 0x00, 0x2F, 0xF8, 0xAF, 0xF4, 0x00, 0x07,
  0xFF, 0x5A, 0xFF, 0xE4, 0x26, 0xEF, 0xE1, 0xAF, 0xDB, 0xFF, 0xFF, 0xF5, 0x0A, 0xFC, 0x19, 0xEE, 0xB4, 0x00, 0x00, 0x05, 0xBE, 0xEC, 0x60, 0x00,
  0x09, 0xFF, 0xFF, 0xFF, 0xA0, 0x06, 0xFF, 0xA3, 0x28, 0xFF, 0x60, 0xCF, 0xD0, 0x00, 0x0A, 0xB6, 0x0F, 0xF9, 0x00, 0x00, 0x00, 0x01, 0xFF, 0x70,
  0x00, 0x00, 0x00, 0x0F, 0xF8, 0x00, 0x00, 0x00, 0x00, 0xCF, 0xD0, 0x00, 0x09, 0xA6, 0x06, 0xFF, 0xA2, 0x28, 0xFF, 0x70, 0x09, 0xFF, 0xFF, 0xFF,
  0xB0, 0x00, 0x05, 0xBE, 0xEC, 0x70, 0x00, 0x00, 0x00, 0x00, 0x00, 0x6F, 0xF2, 0x00, 0x00, 0x00, 0x00, 0x6F, 0xF2, 0x00, 0x00, 0x00, 0x00, 0x6F,
  0xF2, 0x00, 0x18, 0xDF, 0xC4, 0x6F, 0xF2, 0x00, 0xCF, 0xFF, 0xFF, 0x9F, 0xF2, 0x07, 0xFF, 0xA3, 0x29, 0xFF, 0xF2, 0x0D, 0xFD, 0x00, 0x00, 0xCF,
  0xF2, 0x1F, 0xF9, 0x00, 0x00, 0x7F, 0xF2, 0x2F, 0xF7, 0x00, 0x00, 0x6F, 0xF2, 0x1F, 0xF9, 0x00, 0x00, 0x7F, 0xF2, 0x0D, 0xFE, 0x00, 0x00, 0xCF,
  0xF2, 0x07, 0xFF, 0xA3, 0x29, 0xFF, 0xF2, 0x01, 0xCF, 0xFF, 0xFF, 0x9F, 0xF2, 0x00, 0x18, 0xDF, 0xC4, 0x5F, 0xF2, 0x00, 0x06, 0xCE, 0xEC, 0x60,
  0x00, 0x09, 0xFF, 0xFF, 0xFF, 0xA0, 0x06, 0xFF, 0x72, 0x27, 0xFF, 0x50, 0xCF, 0x90, 0x00, 0x0A, 0xFB, 0x0F, 0xFF, 0xFF, 0xFF, 0xFF, 0xE1, 0xFF,
  0xFF, 0xFF, 0xFF, 0xFF, 0x0F, 0xF8, 0x11, 0x11, 0x11, 0x10, 0xCF, 0xC0, 0x00, 0x03, 0x30, 0x06, 0xFF, 0xA3, 0x16, 0xEF, 0x90, 0x0A, 0xFF, 0xFF,
  0xFF, 0xD1, 0x00, 0x06, 0xBE, 0xED, 0x81, 0x00, 0x00, 0x18, 0xDF, 0xE5, 0x00, 0x9F, 0xFF, 0xF3, 0x00, 0xCF, 0xD2, 0x10, 0xCF, 0xFF, 0xFF, 0xF1,
  0xCF, 0xFF, 0xFF, 0xF1, 0x11, 0xCF, 0xB1, 0x10, 0x00, 0xCF, 0xB0, 0x00, 0x00, 0xCF, 0xB0, 0x00, 0x00, 0xCF, 0xB0, 0x00, 0x00, 0xCF, 0xB0, 0x00,
  0x00, 0xCF, 0xB0, 0x00, 0x00, 0xCF, 0xB0, 0x00, 0x00, 0xCF, 0xB0, 0x00, 0x00, 0xCF, 0xB0, 0x00, 0x00, 0x18, 0xDF, 0xC4, 0x5F, 0xF2, 0x00, 0xCF,
  0xFF, 0xFF, 0x9F, 0xF2, 0x07, 0xFF, 0xB3, 0x29, 0xFF, 0xF2, 0x0C, 0xFE, 0x00, 0x00, 0xCF, 0xF2, 0x0F, 0xF9, 0x00, 0x00, 0x7F, 0xF2, 0x2F, 0xF7,
  0x00, 0x00, 0x6F, 0xF2, 0x1F, 0xF9, 0x00, 0x00, 0x7F, 0xF2, 0x0D, 0xFD, 0x00, 0x00, 0xBF, 0xF2, 0x08, 0xFF, 0xA3, 0x28, 0xFF, 0xF2, 0x01, 0xDF,
  0xFF, 0xFF, 0x9F, 0xF2, 0x00, 0x19, 0xDF, 0xD4, 0x5F, 0xF2, 0x00, 0x00, 0x00, 0x00, 0x7F, 0xF1, 0x05, 0xCD, 0x52, 0x25, 0xEF, 0xC0, 0x02, 0xDF,
  0xFF, 0xFF, 0xFE, 0x30, 0x00, 0x18, 0xDE, 0xFD, 0x92, 0x00, 0xAF, 0xD0, 0x00, 0x00, 0x00, 0xAF, 0xD0, 0x00, 0x00, 0x00, 0xAF, 0xD0, 0x00, 0x00,
  0x00, 0xAF, 0xD1, 0x9E, 0xFB, 0x40, 0xAF, 0xDC, 0xFF, 0xFF, 0xF3, 0xAF, 0xFC, 0x32, 0x8F, 0xFA, 0xAF, 0xF2, 0x00, 0x0C, 0xFD, 0xAF, 0xE0, 0x00,
  0x0A, 0xFE, 0xAF, 0xD0, 0x00, 0x0A, 0xFE, 0xAF, 0xD0, 0x00, 0x0A, 0xFE, 0xAF, 0xD0, 0x00, 0x0A, 0xFE, 0xAF, 0xD0, 0x00, 0x0A, 0xFE, 0xAF, 0xD0,
  0x00, 0x0A, 0xFE, 0xAF, 0xD0, 0x00, 0x0A, 0xFE, 0x5C, 0x70, 0xCF, 0xF1, 0x6E, 0xA0, 0x00, 0x00, 0xAF, 0xD0, 0xAF, 0xD0, 0xAF, 0xD0, 0xAF, 0xD0,
  0xAF, 0xD0, 0xAF, 0xD0, 0xAF, 0xD0, 0xAF, 0xD0, 0xAF, 0xD0, 0xAF, 0xD0, 0xAF, 0xD0, 0x00, 0x5C, 0x70, 0x00, 0xCF, 0xF1, 0x00, 0x7E, 0xA0, 0x00,
  0x00, 0x00, 0x00, 0xAF, 0xD0, 0x00, 0xAF, 0xD0, 0x00, 0xAF, 0xD0, 0x00, 0xAF, 0xD0, 0x00, 0xAF, 0xD0, 0x00, 0xAF, 0xD0, 0x00, 0xAF, 0xD0, 0x00,
  0xAF, 0xD0, 0x00, 0xAF, 0xD0, 0x00, 0xAF, 0xD0, 0x00, 0xAF, 0xD0, 0x00, 0xAF, 0xD0, 0x03, 0xDF, 0xB0, 0x6F, 0xFF, 0x50, 0x6E, 0xC6, 0x00, 0xAF,
  0xD0, 0x00, 0x00, 0x00, 0x0A, 0xFD, 0x00, 0x00, 0x00, 0x00, 0xAF, 0xD0, 0x00, 0x00, 0x00, 0x0A, 0xFD, 0x00, 0x06, 0xFF, 0x80, 0xAF, 0xD0, 0x05,
  0xFF, 0xA0, 0x0A, 0xFD, 0x03, 0xEF, 0xC0, 0x00, 0xAF, 0xD2, 0xEF, 0xD1, 0x00, 0x0A, 0xFE, 0xDF, 0xE2, 0x00, 0x00, 0xAF, 0xFF, 0xFF, 0x40, 0x00,
  0x0A, 0xFF, 0xBE, 0xFD, 0x10, 0x00, 0xAF, 0xE0, 0x5F, 0xFA, 0x00, 0x0A, 0xFD, 0x00, 0x9F, 0xF6, 0x00, 0xAF, 0xD0, 0x01, 0xDF, 0xF3, 0x0A, 0xFD,
  0x00, 0x03, 0xFF, 0xD1, 0xAF, 0xDA, 0xFD, 0xAF, 0xDA, 0xFD, 0xAF, 0xDA, 0xFD, 0xAF, 0xDA, 0xFD, 0xAF, 0xDA, 0xFD, 0xAF, 0xDA, 0xFD, 0xAF, 0xDA,
  0xFD, 0xAF, 0xB1, 0xAE, 0xE7, 0x01, 0x9E, 0xEB, 0x30, 0xAF, 0xCC, 0xFF, 0xFF, 0x5C, 0xFF, 0xFF, 0xE1, 0xAF, 0xFA, 0x23, 0xCF, 0xED, 0x32, 0x9F,
  0xF7, 0xAF, 0xF1, 0x00, 0x5F, 0xF6, 0x00, 0x0E, 0xF9, 0xAF, 0xD0, 0x00, 0x4F, 0xF4, 0x00, 0x0D, 0xFA, 0xAF, 0xD0, 0x00, 0x4F, 0xF4, 0x00, 0x0D,
  0xFA, 0xAF, 0xD0, 0x00, 0x4F, 0xF4, 0x00, 0x0D, 0xFA, 0xAF, 0xD0, 0x00, 0x4F, 0xF4, 0x00, 0x0D, 0xFA, 0xAF, 0xD0, 0x00, 0x4F, 0xF4, 0x00, 0x0D,
  0xFA, 0xAF, 0xD0, 0x00, 0x4F, 0xF4, 0x00, 0x0D, 0xFA, 0xAF, 0xD0, 0x00, 0x4F, 0xF4, 0x00, 0x0D, 0xFA, 0xAF, 0xB1, 0x9E, 0xFB, 0x40, 0xAF, 0xCB,
  0xFF, 0xFF, 0xF3, 0xAF, 0xFC, 0x32, 0x8F, 0xFA, 0xAF, 0xF2, 0x00, 0x0C, 0xFD, 0xAF, 0xE0, 0x00, 0x0A, 0xFD, 0xAF, 0xD0, 0x00, 0x0A, 0xFD, 0xAF,
  0xD0, 0x00, 0x0A, 0xFD, 0xAF, 0xD0, 0x00, 0x0A, 0xFD, 0xAF, 0xD0, 0x00, 0x0A, 0xFD, 0xAF, 0xD0, 0x00, 0x0A, 0xFD, 0xAF, 0xD0, 0x00, 0x0A, 0xFD,
  0x00, 0x05, 0xBE, 0xEC, 0x70, 0x00, 0x00, 0x9F, 0xFF, 0xFF, 0xFB, 0x00, 0x06, 0xFF, 0xA2, 0x28, 0xFF, 0x80, 0x0C, 0xFD, 0x00, 0x00, 0xBF, 0xE0,
  0x0F, 0xF8, 0x00, 0x00, 0x6F, 0xF3, 0x1F, 0xF7, 0x00, 0x00, 0x4F, 0xF4, 0x0F, 0xF8, 0x00, 0x00, 0x6F, 0xF3, 0x0C, 0xFD, 0x00, 0x00, 0xBF, 0xE1,
  0x06, 0xFF, 0xA2, 0x28, 0xFF, 0x80, 0x00, 0x9F, 0xFF, 0xFF, 0xFB, 0x10, 0x00, 0x05, 0xBE, 0xEC, 0x70, 0x00, 0xAF, 0xC1, 0x9E, 0xEB, 0x40, 0x0A,
  0xFD, 0xBF, 0xFF, 0xFF, 0x50, 0xAF, 0xFD, 0x42, 0x5E, 0xFE, 0x1A, 0xFF, 0x40, 0x00, 0x6F, 0xF5, 0xAF, 0xE0, 0x00, 0x02, 0xFF, 0x8A, 0xFD, 0x00,
  0x00, 0x0F, 0xF9, 0xAF, 0xE0, 0x00, 0x02, 0xFF, 0x8A, 0xFF, 0x40, 0x00, 0x7F, 0xF5, 0xAF, 0xFE, 0x42, 0x6E, 0xFE, 0x1A, 0xFE, 0xBF, 0xFF, 0xFF,
  0x50, 0xAF, 0xD1, 0x9E, 0xEB, 0x40, 0x0A, 0xFD, 0x00, 0x00, 0x00, 0x00, 0xAF, 0xD0, 0x00, 0x00, 0x00, 0x0A, 0xFD, 0x00, 0x00, 0x00, 0x00, 0xAF,
  0xD0, 0x00, 0x00, 0x00, 0x00, 0x00, 0x18, 0xDF, 0xC4, 0x5F, 0xF2, 0x00, 0xCF, 0xFF, 0xFF, 0x9F, 0xF2, 0x07, 0xFF, 0xA3, 0x29, 0xFF, 0xF2, 0x0D,
  0xFD, 0x00, 0x00, 0xCF, 0xF2, 0x1F, 0xF9, 0x00, 0x00, 0x7F, 0xF2, 0x2F, 0xF7, 0x00, 0x00, 0x6F, 0xF2, 0x1F, 0xF9, 0x00, 0x00, 0x7F, 0xF2, 0x0D,
  0xFE, 0x00, 0x00, 0xCF, 0xF2, 0x07, 0xFF, 0xA3, 0x29, 0xFF, 0xF2, 0x01, 0xCF, 0xFF, 0xFF, 0xAF, 0xF2, 0x00, 0x18, 0xDF, 0xC4, 0x6F, 0xF2, 0x00,
  0x00, 0x00, 0x00, 0x6F, 0xF2, 0x00, 0x00, 0x00, 0x00, 0x6F, 0xF2, 0x00, 0x00, 0x00, 0x00, 0x6F, 0xF2, 0x00, 0x00, 0x00, 0x00, 0x6F, 0xF2, 0x00,
  0x00, 0x00, 0x0A, 0xFC, 0x3B, 0xF8, 0xAF, 0xDD, 0xFF, 0x8A, 0xFF, 0xC4, 0x11, 0xAF, 0xF2, 0x00, 0x0A, 0xFE, 0x00, 0x00, 0xAF, 0xD0, 0x00, 0x0A,
  0xFD, 0x00, 0x00, 0xAF, 0xD0, 0x00, 0x0A, 0xFD, 0x00, 0x00, 0xAF, 0xD0, 0x00, 0x0A, 0xFD, 0x00, 0x00, 0x00, 0x3A, 0xEF, 0xDA, 0x30, 0x00, 0x4F,
  0xFF, 0xFF, 0xFE, 0x30, 0x0B, 0xFE, 0x51, 0x4D, 0xFB, 0x00, 0xCF, 0xC0, 0x00, 0x23, 0x00, 0x07, 0xFF, 0xB7, 0x41, 0x00, 0x00, 0x06, 0xDF, 0xFF,
  0xFA, 0x20, 0x00, 0x00, 0x26, 0x9F, 0xFC, 0x00, 0x36, 0x30, 0x00, 0x8F, 0xF2, 0x0D, 0xFD, 0x41, 0x3D, 0xFE, 0x10, 0x5F, 0xFF, 0xFF, 0xFF, 0x60,
  0x00, 0x3A, 0xDF, 0xEA, 0x40, 0x00, 0x02, 0x88, 0x20, 0x00, 0x4F, 0xF4, 0x00, 0x04, 0xFF, 0x40, 0x0C, 0xFF, 0xFF, 0xF6, 0xCF, 0xFF, 0xFF, 0x61,
  0x4F, 0xF5, 0x10, 0x04, 0xFF, 0x40, 0x00, 0x4F, 0xF4, 0x00, 0x04, 0xFF, 0x40, 0x00, 0x4F, 0xF4, 0x00, 0x04, 0xFF, 0x40, 0x00, 0x3F, 0xF8, 0x11,
  0x00, 0xDF, 0xFF, 0x70, 0x02, 0xBE, 0xF8, 0xAF, 0xD0, 0x00, 0x0A, 0xFE, 0xAF, 0xD0, 0x00, 0x0A, 0xFE, 0xAF, 0xD0, 0x00, 0x0A, 0xFE, 0xAF, 0xD0,
  0x00, 0x0A, 0xFE, 0xAF, 0xD0, 0x00, 0x0A, 0xFE, 0xAF, 0xD0, 0x00, 0x0A, 0xFE, 0xAF, 0xE0, 0x00, 0x0A, 0xFE, 0x9F, 0xF1, 0x00, 0x0D, 0xFE, 0x6F,
  0xFB, 0x43, 0xAF, 0xFE, 0x1D, 0xFF, 0xFF, 0xE9, 0xFE, 0x02, 0xAE, 0xEB, 0x28, 0xFE, 0x7F, 0xF4, 0x00, 0x00, 0x7F, 0xF3, 0x1F, 0xF9, 0x00, 0x00,
  0xCF, 0xC0, 0x0B, 0xFE, 0x00, 0x02, 0xFF, 0x70, 0x05, 0xFF, 0x40, 0x07, 0xFF, 0x10, 0x00, 0xEF, 0x90, 0x0C, 0xFA, 0x00, 0x00, 0x9F, 0xE0, 0x2F,
  0xF5, 0x00, 0x00, 0x3F, 0xF4, 0x7F, 0xE0, 0x00, 0x00, 0x0D, 0xF8, 0xBF, 0x90, 0x00, 0x00, 0x07, 0xFC, 0xEF, 0x30, 0x00, 0x00, 0x02, 0xFF, 0xFD,
  0x00, 0x00, 0x00, 0x00, 0xBF, 0xF7, 0x00, 0x00, 0x6F, 0xF3, 0x00, 0x0E, 0xFB, 0x00, 0x07, 0xFF, 0x32, 0xFF, 0x70, 0x03, 0xFF, 0xF0, 0x00, 0xBF,
  0xE0, 0x0C, 0xFB, 0x00, 0x7F, 0xFF, 0x40, 0x0E, 0xF9, 0x00, 0x8F, 0xE0, 0x0B, 0xFC, 0xF7, 0x03, 0xFF, 0x50, 0x04, 0xFF, 0x30, 0xEF, 0x5F, 0xB0,
  0x7F, 0xF1, 0x00, 0x0E, 0xF7, 0x3F, 0xC1, 0xFE, 0x0A, 0xFB, 0x00, 0x00, 0xAF, 0xA6, 0xF8, 0x0B, 0xF3, 0xEF, 0x60, 0x00, 0x05, 0xFD, 0xAF, 0x40,
  0x7F, 0x8F, 0xF2, 0x00, 0x00, 0x1F, 0xFE, 0xE0, 0x03, 0xFE, 0xFD, 0x00, 0x00, 0x00, 0xBF, 0xFA, 0x00, 0x0D, 0xFF, 0x80, 0x00, 0x00, 0x07, 0xFF,
  0x60, 0x00, 0x9F, 0xF4, 0x00, 0x00, 0x1E, 0xFC, 0x00, 0x05, 0xFF, 0x60, 0x5F, 0xF6, 0x01, 0xDF, 0xB0, 0x00, 0xBF, 0xD0, 0x7F, 0xF2, 0x00, 0x02,
  0xEF, 0x7E, 0xF8, 0x00, 0x00, 0x07, 0xFF, 0xFD, 0x00, 0x00, 0x00, 0x1F, 0xFF, 0x60, 0x00, 0x00, 0x09, 0xFF, 0xFD, 0x10, 0x00, 0x04, 0xFF, 0x5E,
  0xF9, 0x00, 0x01, 0xDF, 0xB0, 0x6F, 0xF4, 0x00, 0x8F, 0xF3, 0x00, 0xCF, 0xD1, 0x3F, 0xF8, 0x00, 0x03, 0xFF, 0x80, 0x7F, 0xF4, 0x00, 0x00, 0x7F,
  0xF3, 0x1F, 0xF9, 0x00, 0x00, 0xCF, 0xC0, 0x0A, 0xFE, 0x00, 0x03, 0xFF, 0x70, 0x05, 0xFF, 0x40, 0x08, 0xFF, 0x10, 0x00, 0xEF, 0x90, 0x0D, 0xFA,
  0x00, 0x00, 0x8F, 0xE0, 0x3F, 0xF4, 0x00, 0x00, 0x3F, 0xF4, 0x8F, 0xD0, 0x00, 0x00, 0x0C, 0xF8, 0xDF, 0x80, 0x00, 0x00, 0x06, 0xFD, 0xFF, 0x20,
  0x00, 0x00, 0x01, 0xFF, 0xFB, 0x00, 0x00, 0x00, 0x00, 0xAF, 0xF6, 0x00, 0x00, 0x00, 0x00, 0xAF, 0xE1, 0x00, 0x00, 0x00, 0x13, 0xEF, 0x90, 0x00,
  0x00, 0x06, 0xFF, 0xFE, 0x10, 0x00, 0x00, 0x08, 0xFE, 0xA2, 0x00, 0x00, 0x00, 0x9F, 0xFF, 0xFF, 0xFF, 0xE0, 0x9F, 0xFF, 0xFF, 0xFF, 0xE0, 0x11,
  0x11, 0x18, 0xFF, 0x50, 0x00, 0x00, 0x4F, 0xF9, 0x00, 0x00, 0x02, 0xEF, 0xC0, 0x00, 0x00, 0x0C, 0xFE, 0x20, 0x00, 0x00, 0x8F, 0xF6, 0x00, 0x00,
  0x05, 0xFF, 0xA0, 0x00, 0x00, 0x2E, 0xFD, 0x21, 0x11, 0x10, 0xBF, 0xFF, 0xFF, 0xFF, 0xF2, 0xCF, 0xFF, 0xFF, 0xFF, 0xF2, 0x00, 0x02, 0x9D, 0xF0,
  0x00, 0x0D, 0xFF, 0xF0, 0x00, 0x4F, 0xF8, 0x20, 0x00, 0x6F, 0xF0, 0x00, 0x00, 0x7F, 0xD0, 0x00, 0x00, 0x7F, 0xD0, 0x00, 0x00, 0x8F, 0xD0, 0x00,
  0x03, 0xDF, 0xA0, 0x00, 0x9F, 0xFA, 0x10, 0x00, 0x9F, 0xE8, 0x10, 0x00, 0x14, 0xEF, 0x90, 0x00, 0x00, 0x8F, 0xD0, 0x00, 0x00, 0x7F, 0xD0, 0x00,
  0x00, 0x7F, 0xD0, 0x00, 0x00, 0x6F, 0xE0, 0x00, 0x00, 0x5F, 0xF7, 0x10, 0x00, 0x0D, 0xFF, 0xF0, 0x00, 0x02, 0xAE, 0xF0, 0x00, 0x00, 0x00, 0x00,
  0x9F, 0xC9, 0xFC, 0x9F, 0xC9, 0xFC, 0x9F, 0xC9, 0xFC, 0x9F, 0xC9, 0xFC, 0x9F, 0xC9, 0xFC, 0x9F, 0xC9, 0xFC, 0x9F, 0xC9, 0xFC, 0x9F, 0xC9, 0xFC,
  0x9F, 0xC9, 0xFC, 0x9F, 0xC9, 0xFC, 0x9F, 0xC9, 0xFC, 0x9F, 0xC9, 0xFC, 0xED, 0x92, 0x00, 0x0E, 0xFF, 0xD1, 0x00, 0x27, 0xFF, 0x50, 0x00, 0x0D,
  0xF8, 0x00, 0x00, 0xCF, 0x80, 0x00, 0x0C, 0xF8, 0x00, 0x00, 0xCF, 0x90, 0x00, 0x09, 0xFE, 0x40, 0x00, 0x19, 0xEF, 0xB0, 0x00, 0x8E, 0xFB, 0x00,
  0x8F, 0xE5, 0x10, 0x0C, 0xFA, 0x00, 0x00, 0xCF, 0x80, 0x00, 0x0C, 0xF8, 0x00, 0x00, 0xDF, 0x80, 0x01, 0x6F, 0xF6, 0x00, 0xEF, 0xFE, 0x10, 0x0E,
  0xEB, 0x30, 0x00, 0x00, 0x00, 0x00, 0x00, 0x00, 0x01, 0x00, 0x00, 0x00, 0x00, 0x4D, 0xFE, 0x70, 0x02, 0xCA, 0x1E, 0xFF, 0xFF, 0xA3, 0x9F, 0xB4,
  0xFD, 0x24, 0xDF, 0xFF, 0xF5, 0x4A, 0x60, 0x01, 0xAE, 0xD7, 0x00, 0x04, 0xCE, 0xD5, 0x03, 0xFF, 0xFF, 0xF5, 0xAF, 0x82, 0x6F, 0xCC, 0xF1, 0x00,
  0xDE, 0xAF, 0x82, 0x6F, 0xC3, 0xFF, 0xFF, 0xF5, 0x04, 0xCF, 0xD5, 0x00,
};
static const Glyph MEDIUM_GLYPHS[] PROGMEM = {
  {0, 0, 0, 0, 0, 5}, {0, 4, 14, 1, -14, 6}, {28, 7, 6, 2, -14, 10}, {49, 13, 14, 0, -14, 13},
  {140, 13, 18, 0, -16, 13}, {257, 18, 14, 1, -14, 20}, {383, 14, 14, 0, -14, 13}, {481, 3, 6, 2, -14, 7},
  {490, 6, 18, 1, -15, 7}, {544, 6, 18, 0, -15, 7}, {598, 9, 8, 1, -14, 11}, {634, 11, 10, 1, -11, 13},
  {689, 4, 6, 1, -3, 6}, {701, 7, 3, 1, -8, 9}, {712, 4, 3, 1, -3, 6}, {718, 8, 18, 0, -16, 8},
  {790, 12, 14, 1, -14, 13}, {874, 7, 14, 0, -14, 8}, {923, 11, 14, 1, -14, 12}, {1000, 11, 14, 1, -14, 13},
  {1077, 12, 14, 1, -14, 13}, {1161, 11, 14, 1, -14, 12}, {1238, 11, 14, 1, -14, 13}, {1315, 11, 14, 0, -14, 12},
  {1392, 11, 14, 1, -14, 13}, {1469, 11, 14, 1, -14, 13}, {1546, 4, 10, 1, -10, 6}, {1566, 4, 13, 1, -10, 7},
  {1592, 11, 12, 1, -12, 13}, {1658, 10, 7, 2, -9, 13}, {1693, 10, 12, 2, -12, 13}, {1753, 10, 14, 0, -14, 11},
  {1823, 18, 18, 1, -14, 20}, {1985, 15, 14, 0, -14, 15}, {2090, 12, 14, 1, -14, 13}, {2174, 13, 14, 1, -14, 15},
  {2265, 13, 14, 1, -14, 14}, {2356, 10, 14, 1, -14, 12}, {2426, 10, 14, 1, -14, 12}, {2496, 13, 14, 1, -14, 15},
  {2587, 13, 14, 1, -14, 15}, {2678, 4, 14, 1, -14, 6}, {2706, 11, 14, 0, -14, 12}, {2783, 13, 14, 1, -14, 14},
  {2874, 10, 14, 1, -14, 11}, {2944, 16, 14, 1, -14, 18}, {3056, 13, 14, 1, -14, 15}, {3147, 14, 14, 1, -14, 15},
  {3245, 12, 14, 1, -14, 13}, {3329, 14, 15, 1, -14, 15}, {3434, 12, 14, 1, -14, 13}, {3518, 13, 14, 0, -14, 13},
  {3609, 13, 14, 0, -14, 13}, {3700, 13, 14, 1, -14, 15}, {3791, 15, 14, 0, -14, 15}, {3896, 20, 14, 0, -14, 20},
  {4036, 14, 14, 0, -14, 14}, {4134, 14, 14, 0, -14, 14}, {4232, 11, 14, 1, -14, 13}, {4309, 6, 19, 1, -16, 7},
  {4366, 8, 18, 0, -16, 8}, {4438, 5, 19, 1, -16, 7}, {4486, 9, 6, 0, -14, 10}, {4513, 10, 3, 0, -1, 9},
  {4528, 5, 3, 1, -15, 7}, {4536, 11, 11, 0, -11, 11}, {4597, 11, 14, 1, -14, 12}, {4674, 11, 11, 0, -11, 12},
  {4735, 12, 14, 0, -14, 12}, {4819, 11, 11, 0, -11, 12}, {4880, 8, 14, 0, -14, 8}, {4936, 12, 15, 0, -11, 13},
  {5026, 10, 14, 1, -14, 12}, {5096, 4, 15, 1, -15, 5}, {5126, 6, 19, -1, -15, 5}, {5183, 11, 14, 1, -14, 11},
  {5260, 3, 14, 1, -14, 5}, {5281, 16, 11, 1, -11, 18}, {5369, 10, 11, 1, -11, 12}, {5424, 12, 11, 0, -11, 12},
  {5490, 11, 15, 1, -11, 12}, {5573, 12, 15, 0, -11, 12}, {5663, 7, 12, 1, -12, 8}, {5705, 11, 11, 0, -11, 11},
  {5766, 7, 14, 0, -14, 7}, {5815, 10, 11, 1, -11, 12}, {5870, 12, 11, 0, -11, 12}, {5936, 17, 11, 0, -11, 17},
  {6030, 11, 11, 0, -11, 11}, {6091, 12, 15, 0, -11, 12}, {6181, 10, 11, 1, -11, 11}, {6236, 8, 19, 1, -14, 9},
  {6312, 3, 24, 2, -19, 7}, {6348, 7, 19, 1, -14, 9}, {6415, 11, 5, 1, -9, 13}, {6443, 7, 7, 1, -15, 9},
};
static const Font MEDIUM_FONT = {MEDIUM_BITS, MEDIUM_GLYPHS, 32, 127, 20, 14};

// LARGE: InterDisplay-Bold.ttf, 29 px
static const uint8_t LARGE_BITS[] PROGMEM = {
  0xAF, 0xFF, 0xC9, 0xFF, 0xFC, 0x9F, 0xFF, 0xB9, 0xFF, 0xFB, 0x8F, 0xFF, 0xA8, 0xFF, 0xFA, 0x7F, 0xFF, 0xA7, 0xFF, 0xF9, 0x7F, 0xFF, 0x96, 0xFF,
  0xF8, 0x6F, 0xFF, 0x85, 0xFF, 0xF8, 0x5F, 0xFF, 0x75, 0xFF, 0xF7, 0x4F, 0xFF, 0x70, 0x00, 0x00, 0x1A, 0xEB, 0x29, 0xFF, 0xFB, 0xCF, 0xFF, 0xE9,
  0xFF, 0xFB, 0x1A, 0xEB, 0x20, 0xEF, 0xFC, 0x02, 0xFF, 0xF9, 0xDF, 0xFB, 0x01, 0xFF, 0xF9, 0xDF, 0xFB, 0x00, 0xFF, 0xF8, 0xCF, 0xFA, 0x00, 0xEF,
  0xF7, 0xBF, 0xF9, 0x00, 0xEF, 0xF7, 0xAF, 0xF8, 0x00, 0xDF, 0xF6, 0xAF, 0xF8, 0x00, 0xCF, 0xF5, 0x9F, 0xF7, 0x00, 0xBF, 0xF4, 0x00, 0x00, 0x09,
  0xFF, 0x90, 0x00, 0x2F, 0xFF, 0x00, 0x00, 0x00, 0x00, 0xBF, 0xF7, 0x00, 0x05, 0xFF, 0xD0, 0x00, 0x00, 0x00, 0x0D, 0xFF, 0x40, 0x00, 0x7F, 0xFB,
  0x00, 0x00, 0x00, 0x01, 0xFF, 0xF2, 0x00, 0x09, 0xFF, 0x80, 0x00, 0x00, 0x00, 0x3F, 0xFF, 0x00, 0x00, 0xCF, 0xF6, 0x00, 0x00, 0x15, 0x58, 0xFF,
  0xD5, 0x55, 0x5E, 0xFF, 0x85, 0x50, 0x06, 0xFF, 0xFF, 0xFF, 0xFF, 0xFF, 0xFF, 0xFF, 0xFF, 0x00, 0x8F, 0xFF, 0xFF, 0xFF, 0xFF, 0xFF, 0xFF, 0xFF,
  0xC0, 0x0B, 0xFF, 0xFF, 0xFF, 0xFF, 0xFF, 0xFF, 0xFF, 0xFA, 0x00, 0x00, 0x0F, 0xFF, 0x30, 0x00, 0x9F, 0xF9, 0x00, 0x00, 0x00, 0x03, 0xFF, 0xF0,
  0x00, 0x0B, 0xFF, 0x60, 0x00, 0x00, 0x00, 0x5F, 0xFC, 0x00, 0x00, 0xEF, 0xF3, 0x00, 0x00, 0x25, 0x5A, 0xFF, 0xC5, 0x55, 0x6F, 0xFF, 0x65, 0x40,
  0x09, 0xFF, 0xFF, 0xFF, 0xFF, 0xFF, 0xFF, 0xFF, 0xFC, 0x00, 0xCF, 0xFF, 0xFF, 0xFF, 0xFF, 0xFF, 0xFF, 0xFF, 0x90, 0x0E, 0xFF, 0xFF, 0xFF, 0xFF,
  0xFF, 0xFF, 0xFF, 0xF7, 0x00, 0x00, 0x3F, 0xFF, 0x00, 0x00, 0xBF, 0xF6, 0x00, 0x00, 0x00, 0x05, 0xFF, 0xC0, 0x00, 0x0E, 0xFF, 0x30, 0x00, 0x00,
  0x00, 0x8F, 0xFA, 0x00, 0x02, 0xFF, 0xF1, 0x00, 0x00, 0x00, 0x0B, 0xFF, 0x70, 0x00, 0x4F, 0xFD, 0x00, 0x00, 0x00, 0x00, 0xDF, 0xF5, 0x00, 0x07,
  0xFF, 0xA0, 0x00, 0x00, 0x00, 0x00, 0x00, 0x00, 0x0C, 0xFD, 0x00, 0x00, 0x00, 0x00, 0x00, 0x00, 0x00, 0xCF, 0xD0, 0x00, 0x00, 0x00, 0x00, 0x00,
  0x00, 0x0C, 0xFE, 0x00, 0x00, 0x00, 0x00, 0x00, 0x17, 0xCF, 0xFF, 0xFF, 0xC6, 0x00, 0x00, 0x00, 0x5E, 0xFF, 0xFF, 0xFF, 0xFF, 0xFD, 0x30, 0x00,
  0x4F, 0xFF, 0xFF, 0xFF, 0xFF, 0xFF, 0xFE, 0x20, 0x0E, 0xFF, 0xFF, 0xAD, 0xFE, 0xCF, 0xFF, 0xFA, 0x05, 0xFF, 0xFF, 0x50, 0xCF, 0xD0, 0x8F, 0xFF,
  0xF1, 0x8F, 0xFF, 0xD0, 0x0C, 0xFD, 0x00, 0xDF, 0xFF, 0x58, 0xFF, 0xFD, 0x00, 0xCF, 0xD0, 0x05, 0x77, 0x73, 0x6F, 0xFF, 0xFA, 0x1C, 0xFD, 0x00,
  0x00, 0x00, 0x01, 0xEF, 0xFF, 0xFF, 0xFF, 0xE1, 0x00, 0x00, 0x00, 0x05, 0xFF, 0xFF, 0xFF, 0xFF, 0xFC, 0x72, 0x00, 0x00, 0x03, 0xCF, 0xFF, 0xFF,
  0xFF, 0xFF, 0xF8, 0x00, 0x00, 0x00, 0x49, 0xDF, 0xFF, 0xFF, 0xFF, 0xFB, 0x00, 0x00, 0x00, 0x00, 0xCF, 0xED, 0xFF, 0xFF, 0xF6, 0x00, 0x00, 0x00,
  0x0C, 0xFD, 0x05, 0xFF, 0xFF, 0xBD, 0xEE, 0xE4, 0x00, 0xCF, 0xD0, 0x08, 0xFF, 0xFD, 0xDF, 0xFF, 0x80, 0x0C, 0xFD, 0x00, 0x7F, 0xFF, 0xDA, 0xFF,
  0xFE, 0x30, 0xCF, 0xD0, 0x1D, 0xFF, 0xFA, 0x4F, 0xFF, 0xFF, 0x9D, 0xFE, 0x8E, 0xFF, 0xFF, 0x50, 0x9F, 0xFF, 0xFF, 0xFF, 0xFF, 0xFF, 0xFF, 0xA0,
  0x00, 0x8F, 0xFF, 0xFF, 0xFF, 0xFF, 0xFF, 0xA1, 0x00, 0x00, 0x3A, 0xEF, 0xFF, 0xFF, 0xEA, 0x40, 0x00, 0x00, 0x00, 0x00, 0x2C, 0xFE, 0x20, 0x00,
  0x00, 0x00, 0x00, 0x00, 0x00, 0xCF, 0xD0, 0x00, 0x00, 0x00, 0x00, 0x00, 0x00, 0x0C, 0xFD, 0x00, 0x00, 0x00, 0x00, 0x00, 0x18, 0xDF, 0xEA, 0x30,
  0x00, 0x00, 0x00, 0x02, 0xEF, 0xE1, 0x00, 0x00, 0x1C, 0xFF, 0xFF, 0xFF, 0x50, 0x00, 0x00, 0x00, 0xBF, 0xF5, 0x00, 0x00, 0x09, 0xFF, 0xFE, 0xFF,
  0xFE, 0x10, 0x00, 0x00, 0x7F, 0xFA, 0x00, 0x00, 0x00, 0xEF, 0xF6, 0x02, 0xDF, 0xF6, 0x00, 0x00, 0x3F, 0xFD, 0x10, 0x00, 0x00, 0x2F, 0xFE, 0x00,
  0x08, 0xFF, 0x80, 0x00, 0x0C, 0xFF, 0x40, 0x00, 0x00, 0x02, 0xFF, 0xC0, 0x00, 0x6F, 0xF8, 0x00, 0x08, 0xFF, 0x90, 0x00, 0x00, 0x00, 0x1F, 0xFE,
  0x00, 0x08, 0xFF, 0x70, 0x03, 0xFF, 0xD1, 0x00, 0x00, 0x00, 0x00, 0xAF, 0xF8, 0x13, 0xEF, 0xF2, 0x01, 0xDF, 0xF3, 0x00, 0x00, 0x00, 0x00, 0x02,
  0xEF, 0xFF, 0xFF, 0xF7, 0x00, 0x9F, 0xF8, 0x00, 0x00, 0x00, 0x00, 0x00, 0x02, 0xAF, 0xFF, 0xC5, 0x00, 0x4F, 0xFC, 0x00, 0x00, 0x00, 0x00, 0x00,
  0x00, 0x00, 0x02, 0x10, 0x00, 0x1D, 0xFE, 0x20, 0x06, 0xBC, 0xB6, 0x00, 0x00, 0x00, 0x00, 0x00, 0x00, 0x0A, 0xFF, 0x60, 0x1C, 0xFF, 0xFF, 0xFC,
  0x10, 0x00, 0x00, 0x00, 0x00, 0x05, 0xFF, 0xB0, 0x0A, 0xFF, 0xFF, 0xFF, 0xF9, 0x00, 0x00, 0x00, 0x00, 0x02, 0xEF, 0xE2, 0x02, 0xFF, 0xF5, 0x16,
  0xFF, 0xF1, 0x00, 0x00, 0x00, 0x00, 0xBF, 0xF5, 0x00, 0x5F, 0xFB, 0x00, 0x0B, 0xFF, 0x40, 0x00, 0x00, 0x00, 0x6F, 0xFA, 0x00, 0x06, 0xFF, 0x90,
  0x00, 0xAF, 0xF6, 0x00, 0x00, 0x00, 0x2E, 0xFE, 0x10, 0x00, 0x5F, 0xFB, 0x00, 0x0B, 0xFF, 0x50, 0x00, 0x00, 0x0C, 0xFF, 0x40, 0x00, 0x02, 0xFF,
  0xF3, 0x03, 0xFF, 0xF2, 0x00, 0x00, 0x07, 0xFF, 0x90, 0x00, 0x00, 0x0B, 0xFF, 0xFD, 0xFF, 0xFB, 0x00, 0x00, 0x03, 0xFF, 0xD1, 0x00, 0x00, 0x00,
  0x2E, 0xFF, 0xFF, 0xFD, 0x20, 0x00, 0x00, 0xDF, 0xF3, 0x00, 0x00, 0x00, 0x00, 0x29, 0xDF, 0xD9, 0x10, 0x00, 0x00, 0x00, 0x05, 0xBE, 0xFD, 0x93,
  0x00, 0x00, 0x00, 0x00, 0x00, 0x0A, 0xFF, 0xFF, 0xFF, 0xF5, 0x00, 0x00, 0x00, 0x00, 0x09, 0xFF, 0xFF, 0xFF, 0xFF, 0xF2, 0x00, 0x00, 0x00, 0x01,
  0xFF, 0xFF, 0x86, 0xAF, 0xFF, 0x80, 0x00, 0x00, 0x00, 0x4F, 0xFF, 0x70, 0x00, 0xCF, 0xFB, 0x00, 0x00, 0x00, 0x05, 0xFF, 0xF5, 0x00, 0x0B, 0xFF,
  0xA0, 0x00, 0x00, 0x00, 0x3F, 0xFF, 0x80, 0x03, 0xFF, 0xF7, 0x00, 0x00, 0x00, 0x00, 0xDF, 0xFF, 0x26, 0xEF, 0xFE, 0x10, 0x00, 0x00, 0x00, 0x05,
  0xFF, 0xFE, 0xFF, 0xFE, 0x40, 0x00, 0x00, 0x00, 0x00, 0x0A, 0xFF, 0xFF, 0xFD, 0x30, 0x00, 0x00, 0x00, 0x00, 0x02, 0xCF, 0xFF, 0xFE, 0x10, 0x00,
  0x00, 0x00, 0x00, 0x04, 0xEF, 0xFF, 0xFF, 0xF9, 0x00, 0x0D, 0xFF, 0xA0, 0x03, 0xEF, 0xFF, 0xBE, 0xFF, 0xF8, 0x00, 0xFF, 0xF9, 0x00, 0xBF, 0xFF,
  0x90, 0x3E, 0xFF, 0xF7, 0x5F, 0xFF, 0x60, 0x1F, 0xFF, 0xF1, 0x00, 0x4E, 0xFF, 0xFE, 0xFF, 0xF3, 0x02, 0xFF, 0xFF, 0x00, 0x00, 0x4F, 0xFF, 0xFF,
  0xFC, 0x00, 0x0F, 0xFF, 0xF7, 0x00, 0x00, 0x6F, 0xFF, 0xFF, 0x30, 0x00, 0xAF, 0xFF, 0xFA, 0x66, 0x9E, 0xFF, 0xFF, 0xE2, 0x00, 0x02, 0xEF, 0xFF,
  0xFF, 0xFF, 0xFF, 0xFF, 0xFF, 0xD1, 0x00, 0x03, 0xDF, 0xFF, 0xFF, 0xFF, 0xFD, 0xBF, 0xFF, 0xB0, 0x00, 0x00, 0x6B, 0xDF, 0xED, 0xA5, 0x01, 0xCF,
  0xFF, 0x80, 0xEF, 0xFC, 0xDF, 0xFB, 0xDF, 0xFB, 0xCF, 0xFA, 0xBF, 0xF9, 0xAF, 0xF8, 0xAF, 0xF8, 0x9F, 0xF7, 0x00, 0x04, 0xFF, 0xFC, 0x00, 0x0C,
  0xFF, 0xF6, 0x00, 0x3F, 0xFF, 0xE1, 0x00, 0x9F, 0xFF, 0xA0, 0x00, 0xEF, 0xFF, 0x50, 0x03, 0xFF, 0xFF, 0x10, 0x07, 0xFF, 0xFC, 0x00, 0x0A, 0xFF,
  0xF9, 0x00, 0x0D, 0xFF, 0xF6, 0x00, 0x0F, 0xFF, 0xF3, 0x00, 0x2F, 0xFF, 0xF2, 0x00, 0x3F, 0xFF, 0xF0, 0x00, 0x4F, 0xFF, 0xE0, 0x00, 0x4F, 0xFF,
  0xE0, 0x00, 0x4F, 0xFF, 0xE0, 0x00, 0x3F, 0xFF, 0xF0, 0x00, 0x2F, 0xFF, 0xF2, 0x00, 0x0E, 0xFF, 0xF4, 0x00, 0x0C, 0xFF, 0xF7, 0x00, 0x09, 0xFF,
  0xFA, 0x00, 0x05, 0xFF, 0xFE, 0x00, 0x01, 0xEF, 0xFF, 0x50, 0x00, 0xAF, 0xFF, 0x90, 0x00, 0x4F, 0xFF, 0xE1, 0x00, 0x0B, 0xFF, 0xF6, 0x00, 0x04,
  0xFF, 0xFC, 0x3F, 0xFF, 0xD0, 0x00, 0x0C, 0xFF, 0xF6, 0x00, 0x06, 0xFF, 0xFC, 0x00, 0x01, 0xFF, 0xFF, 0x30, 0x00, 0xBF, 0xFF, 0x80, 0x00, 0x7F,
  0xFF, 0xC0, 0x00, 0x3F, 0xFF, 0xF1, 0x00, 0x0E, 0xFF, 0xF4, 0x00, 0x0C, 0xFF, 0xF7, 0x00, 0x09, 0xFF, 0xF9, 0x00, 0x07, 0xFF, 0xFB, 0x00, 0x06,
  0xFF, 0xFC, 0x00, 0x05, 0xFF, 0xFD, 0x00, 0x05, 0xFF, 0xFE, 0x00, 0x05, 0xFF, 0xFD, 0x00, 0x06, 0xFF, 0xFC, 0x00, 0x07, 0xFF, 0xFB, 0x00, 0x0A,
  0xFF, 0xF9, 0x00, 0x0D, 0xFF, 0xF6, 0x00, 0x1F, 0xFF, 0xF3, 0x00, 0x6F, 0xFF, 0xE0, 0x00, 0xAF, 0xFF, 0x90, 0x01, 0xEF, 0xFF, 0x40, 0x06, 0xFF,
  0xFD, 0x00, 0x0C, 0xFF, 0xF5, 0x00, 0x3F, 0xFF, 0xD0, 0x00, 0x00, 0x00, 0x08, 0xFF, 0x10, 0x00, 0x00, 0x01, 0x00, 0x7F, 0xF0, 0x00, 0x10, 0x02,
  0xE6, 0x06, 0xFE, 0x01, 0xB9, 0x00, 0xAF, 0xFB, 0x7F, 0xD5, 0xEF, 0xF3, 0x07, 0xEF, 0xFF, 0xFF, 0xFF, 0xFB, 0x30, 0x01, 0x7E, 0xFF, 0xFF, 0xB4,
  0x00, 0x00, 0x17, 0xEF, 0xFF, 0xFB, 0x30, 0x00, 0x7E, 0xFF, 0xFF, 0xFF, 0xFF, 0xB3, 0x0A, 0xFF, 0xB7, 0xFD, 0x5E, 0xFF, 0x30, 0x2E, 0x60, 0x6F,
  0xE0, 0x1A, 0x90, 0x00, 0x10, 0x07, 0xFF, 0x00, 0x01, 0x00, 0x00, 0x00, 0x8F, 0xF1, 0x00, 0x00, 0x00, 0x00, 0x04, 0xFF, 0xF4, 0x00, 0x00, 0x00,
  0x00, 0x00, 0x4F, 0xFF, 0x40, 0x00, 0x00, 0x00, 0x00, 0x04, 0xFF, 0xF4, 0x00, 0x00, 0x00, 0x00, 0x00, 0x4F, 0xFF, 0x40, 0x00, 0x00, 0x00, 0x00,
  0x04, 0xFF, 0xF4, 0x00, 0x00, 0x0B, 0xFF, 0xFF, 0xFF, 0xFF, 0xFF, 0xFF, 0xFB, 0xBF, 0xFF, 0xFF, 0xFF, 0xFF, 0xFF, 0xFF, 0xBB, 0xFF, 0xFF, 0xFF,
  0xFF, 0xFF, 0xFF, 0xFB, 0x45, 0x55, 0x58, 0xFF, 0xF8, 0x55, 0x55, 0x40, 0x00, 0x00, 0x4F, 0xFF, 0x40, 0x00, 0x00, 0x00, 0x00, 0x04, 0xFF, 0xF4,
  0x00, 0x00, 0x00, 0x00, 0x00, 0x4F, 0xFF, 0x40, 0x00, 0x00, 0x00, 0x00, 0x04, 0xFF, 0xF4, 0x00, 0x00, 0x00, 0x00, 0x00, 0x4F, 0xFF, 0x40, 0x00,
  0x00, 0x05, 0xFF, 0xF9, 0x07, 0xFF, 0xF5, 0x09, 0xFF, 0xF1, 0x0B, 0xFF, 0xC0, 0x0D, 0xFF, 0x80, 0x0F, 0xFF, 0x40, 0x2F, 0xFE, 0x00, 0x4F, 0xFB,
  0x00, 0x25, 0x55, 0x55, 0x55, 0x55, 0x15, 0xFF, 0xFF, 0xFF, 0xFF, 0xF4, 0x5F, 0xFF, 0xFF, 0xFF, 0xFF, 0x45, 0xFF, 0xFF, 0xFF, 0xFF, 0xF4, 0x1A,
  0xEB, 0x29, 0xFF, 0xFB, 0xCF, 0xFF, 0xE9, 0xFF, 0xFB, 0x1B, 0xEB, 0x20, 0x00, 0x00, 0x00, 0x4F, 0xFF, 0x50, 0x00, 0x00, 0x08, 0xFF, 0xF1, 0x00,
  0x00, 0x00, 0xCF, 0xFC, 0x00, 0x00, 0x00, 0x1F, 0xFF, 0x80, 0x00, 0x00, 0x06, 0xFF, 0xF4, 0x00, 0x00, 0x00, 0xAF, 0xFF, 0x10, 0x00, 0x00, 0x0E,
  0xFF, 0xB0, 0x00, 0x00, 0x03, 0xFF, 0xF7, 0x00, 0x00, 0x00, 0x7F, 0xFF, 0x30, 0x00, 0x00, 0x0B, 0xFF, 0xE0, 0x00, 0x00, 0x00, 0xEF, 0xFA, 0x00,
  0x00, 0x00, 0x4F, 0xFF, 0x60, 0x00, 0x00, 0x08, 0xFF, 0xF2, 0x00, 0x00, 0x00, 0xCF, 0xFC, 0x00, 0x00, 0x00, 0x1F, 0xFF, 0x80, 0x00, 0x00, 0x05,
  0xFF, 0xF4, 0x00, 0x00, 0x00, 0x9F, 0xFF, 0x10, 0x00, 0x00, 0x0D, 0xFF, 0xB0, 0x00, 0x00, 0x03, 0xFF, 0xF7, 0x00, 0x00, 0x00, 0x7F, 0xFF, 0x30,
  0x00, 0x00, 0x0B, 0xFF, 0xE0, 0x00, 0x00, 0x00, 0xEF, 0xFA, 0x00, 0x00, 0x00, 0x4F, 0xFF, 0x60, 0x00, 0x00, 0x08, 0xFF, 0xF2, 0x00, 0x00, 0x00,
  0xCF, 0xFD, 0x00, 0x00, 0x00, 0x00, 0x00, 0x00, 0x02, 0x8C, 0xEF, 0xEB, 0x71, 0x00, 0x00, 0x00, 0x00, 0x7E, 0xFF, 0xFF, 0xFF, 0xFE, 0x50, 0x00,
  0x00, 0x08, 0xFF, 0xFF, 0xFF, 0xFF, 0xFF, 0xF6, 0x00, 0x00, 0x4F, 0xFF, 0xFD, 0x75, 0x8E, 0xFF, 0xFF, 0x30, 0x00, 0xDF, 0xFF, 0xB1, 0x00, 0x01,
  0xDF, 0xFF, 0xB0, 0x04, 0xFF, 0xFE, 0x10, 0x00, 0x00, 0x3F, 0xFF, 0xF2, 0x09, 0xFF, 0xF9, 0x00, 0x00, 0x00, 0x0B, 0xFF, 0xF7, 0x0D, 0xFF, 0xF5,
  0x00, 0x00, 0x00, 0x07, 0xFF, 0xFA, 0x0F, 0xFF, 0xF2, 0x00, 0x00, 0x00, 0x04, 0xFF, 0xFD, 0x1F, 0xFF, 0xF1, 0x00, 0x00, 0x00, 0x03, 0xFF, 0xFE,
  0x1F, 0xFF, 0xF0, 0x00, 0x00, 0x00, 0x02, 0xFF, 0xFE, 0x1F, 0xFF, 0xF1, 0x00, 0x00, 0x00, 0x03, 0xFF, 0xFE, 0x0F, 0xFF, 0xF2, 0x00, 0x00, 0x00,
  0x04, 0xFF, 0xFD, 0x0D, 0xFF, 0xF5, 0x00, 0x00, 0x00, 0x07, 0xFF, 0xFB, 0x09, 0xFF, 0xF9, 0x00, 0x00, 0x00, 0x0B, 0xFF, 0xF7, 0x04, 0xFF, 0xFE,
  0x10, 0x00, 0x00, 0x3F, 0xFF, 0xF2, 0x00, 0xDF, 0xFF, 0xB1, 0x00, 0x01, 0xDF, 0xFF, 0xB0, 0x00, 0x5F, 0xFF, 0xFD, 0x75, 0x8E, 0xFF, 0xFF, 0x30,
  0x00, 0x08, 0xFF, 0xFF, 0xFF, 0xFF, 0xFF, 0xF6, 0x00, 0x00, 0x00, 0x7F, 0xFF, 0xFF, 0xFF, 0xFE, 0x50, 0x00, 0x00, 0x00, 0x02, 0x8C, 0xEF, 0xEB,
  0x71, 0x00, 0x00, 0x00, 0x00, 0x2C, 0xFF, 0xFB, 0x00, 0x07, 0xFF, 0xFF, 0xFB, 0x02, 0xBF, 0xFF, 0xFF, 0xFB, 0x4E, 0xFF, 0xFF, 0xFF, 0xFB, 0x7F,
  0xFF, 0xDA, 0xFF, 0xFB, 0x7F, 0xF7, 0x07, 0xFF, 0xFB, 0x7B, 0x20, 0x07, 0xFF, 0xFB, 0x10, 0x00, 0x07, 0xFF, 0xFB, 0x00, 0x00, 0x07, 0xFF, 0xFB,
  0x00, 0x00, 0x07, 0xFF, 0xFB, 0x00, 0x00, 0x07, 0xFF, 0xFB, 0x00, 0x00, 0x07, 0xFF, 0xFB, 0x00, 0x00, 0x07, 0xFF, 0xFB, 0x00, 0x00, 0x07, 0xFF,
  0xFB, 0x00, 0x00, 0x07, 0xFF, 0xFB, 0x00, 0x00, 0x07, 0xFF, 0xFB, 0x00, 0x00, 0x07, 0xFF, 0xFB, 0x00, 0x00, 0x07, 0xFF, 0xFB, 0x00, 0x00, 0x07,
  0xFF, 0xFB, 0x00, 0x00, 0x07, 0xFF, 0xFB, 0x00, 0x00, 0x07, 0xFF, 0xFB, 0x00, 0x01, 0x6B, 0xDF, 0xEC, 0x83, 0x00, 0x00, 0x00, 0x4D, 0xFF, 0xFF,
  0xFF, 0xFF, 0x91, 0x00, 0x04, 0xFF, 0xFF, 0xFF, 0xFF, 0xFF, 0xFA, 0x00, 0x1E, 0xFF, 0xFE, 0x85, 0x7C, 0xFF, 0xFF, 0x60, 0x6F, 0xFF, 0xE2, 0x00,
  0x00, 0xAF, 0xFF, 0xC0, 0xBF, 0xFF, 0x70, 0x00, 0x00, 0x1F, 0xFF, 0xF0, 0xDF, 0xFF, 0x30, 0x00, 0x00, 0x0E, 0xFF, 0xF2, 0x66, 0x66, 0x10, 0x00,
  0x00, 0x1F, 0xFF, 0xF1, 0x00, 0x00, 0x00, 0x00, 0x00, 0x6F, 0xFF, 0xC0, 0x00, 0x00, 0x00, 0x00, 0x03, 0xEF, 0xFF, 0x60, 0x00, 0x00, 0x00, 0x00,
  0x3E, 0xFF, 0xFB, 0x00, 0x00, 0x00, 0x00, 0x04, 0xEF, 0xFF, 0xD1, 0x00, 0x00, 0x00, 0x00, 0x6F, 0xFF, 0xFD, 0x20, 0x00, 0x00, 0x00, 0x09, 0xFF,
  0xFF, 0xC1, 0x00, 0x00, 0x00, 0x01, 0xBF, 0xFF, 0xFA, 0x10, 0x00, 0x00, 0x00, 0x2C, 0xFF, 0xFF, 0x80, 0x00, 0x00, 0x00, 0x03, 0xEF, 0xFF, 0xF6,
  0x00, 0x00, 0x00, 0x00, 0x5E, 0xFF, 0xFF, 0x95, 0x55, 0x55, 0x55, 0x51, 0xDF, 0xFF, 0xFF, 0xFF, 0xFF, 0xFF, 0xFF, 0xF4, 0xDF, 0xFF, 0xFF, 0xFF,
  0xFF, 0xFF, 0xFF, 0xF4, 0xDF, 0xFF, 0xFF, 0xFF, 0xFF, 0xFF, 0xFF, 0xF4, 0x00, 0x00, 0x5A, 0xDE, 0xED, 0xA5, 0x00, 0x00, 0x00, 0x03, 0xCF, 0xFF,
  0xFF, 0xFF, 0xFD, 0x40, 0x00, 0x03, 0xEF, 0xFF, 0xFF, 0xFF, 0xFF, 0xFE, 0x40, 0x00, 0xCF, 0xFF, 0xF9, 0x66, 0x9F, 0xFF, 0xFD, 0x00, 0x4F, 0xFF,
  0xF4, 0x00, 0x00, 0x4F, 0xFF, 0xF4, 0x07, 0xFF, 0xFB, 0x00, 0x00, 0x00, 0xBF, 0xFF, 0x60, 0x36, 0x66, 0x40, 0x00, 0x00, 0x0A, 0xFF, 0xF5, 0x00,
  0x00, 0x00, 0x00, 0x00, 0x03, 0xEF, 0xFE, 0x10, 0x00, 0x00, 0x01, 0x55, 0x6A, 0xFF, 0xFF, 0x50, 0x00, 0x00, 0x00, 0x4F, 0xFF, 0xFF, 0xFB, 0x30,
  0x00, 0x00, 0x00, 0x04, 0xFF, 0xFF, 0xFD, 0x93, 0x00, 0x00, 0x00, 0x00, 0x4F, 0xFF, 0xFF, 0xFF, 0xF8, 0x00, 0x00, 0x00, 0x00, 0x00, 0x14, 0xBF,
  0xFF, 0xF5, 0x00, 0x00, 0x00, 0x00, 0x00, 0x00, 0xAF, 0xFF, 0xC0, 0xEF, 0xFF, 0x40, 0x00, 0x00, 0x04, 0xFF, 0xFF, 0x1C, 0xFF, 0xF7, 0x00, 0x00,
  0x00, 0x5F, 0xFF, 0xF0, 0x8F, 0xFF, 0xE2, 0x00, 0x00, 0x1D, 0xFF, 0xFC, 0x02, 0xEF, 0xFF, 0xE9, 0x66, 0x9E, 0xFF, 0xFF, 0x60, 0x05, 0xFF, 0xFF,
  0xFF, 0xFF, 0xFF, 0xFF, 0x90, 0x00, 0x04, 0xEF, 0xFF, 0xFF, 0xFF, 0xFE, 0x70, 0x00, 0x00, 0x01, 0x6B, 0xDE, 0xED, 0xB7, 0x10, 0x00, 0x00, 0x00,
  0x00, 0x00, 0x00, 0x04, 0xFF, 0xFF, 0xF7, 0x00, 0x00, 0x00, 0x00, 0x00, 0x01, 0xDF, 0xFF, 0xFF, 0x70, 0x00, 0x00, 0x00, 0x00, 0x00, 0xAF, 0xFF,
  0xFF, 0xF7, 0x00, 0x00, 0x00, 0x00, 0x00, 0x6F, 0xFF, 0xFF, 0xFF, 0x70, 0x00, 0x00, 0x00, 0x00, 0x2E, 0xFF, 0xEC, 0xFF, 0xF7, 0x00, 0x00, 0x00,
  0x00, 0x0C, 0xFF, 0xF6, 0xAF, 0xFF, 0x70, 0x00, 0x00, 0x00, 0x08, 0xFF, 0xFA, 0x0A, 0xFF, 0xF7, 0x00, 0x00, 0x00, 0x04, 0xFF, 0xFD, 0x10, 0xAF,
  0xFF, 0x70, 0x00, 0x00, 0x01, 0xDF, 0xFF, 0x40, 0x0A, 0xFF, 0xF7, 0x00, 0x00, 0x00, 0xAF, 0xFF, 0x80, 0x00, 0xAF, 0xFF, 0x70, 0x00, 0x00, 0x6F,
  0xFF, 0xC0, 0x00, 0x0A, 0xFF, 0xF7, 0x00, 0x00, 0x2E, 0xFF, 0xE2, 0x00, 0x00, 0xAF, 0xFF, 0x70, 0x00, 0x0C, 0xFF, 0xF6, 0x00, 0x00, 0x0A, 0xFF,
  0xF7, 0x00, 0x03, 0xFF, 0xFF, 0xFF, 0xFF, 0xFF, 0xFF, 0xFF, 0xFF, 0xF3, 0x3F, 0xFF, 0xFF, 0xFF, 0xFF, 0xFF, 0xFF, 0xFF, 0xFF, 0x33, 0xFF, 0xFF,
  0xFF, 0xFF, 0xFF, 0xFF, 0xFF, 0xFF, 0xF3, 0x15, 0x55, 0x55, 0x55, 0x55, 0x5B, 0xFF, 0xF9, 0x55, 0x10, 0x00, 0x00, 0x00, 0x00, 0x00, 0xAF, 0xFF,
  0x70, 0x00, 0x00, 0x00, 0x00, 0x00, 0x00, 0x0A, 0xFF, 0xF7, 0x00, 0x00, 0x00, 0x00, 0x00, 0x00, 0x00, 0xAF, 0xFF, 0x70, 0x00, 0x00, 0x00, 0x00,
  0x00, 0x00, 0x0A, 0xFF, 0xF7, 0x00, 0x00, 0x04, 0xFF, 0xFF, 0xFF, 0xFF, 0xFF, 0xFF, 0xF4, 0x00, 0x5F, 0xFF, 0xFF, 0xFF, 0xFF, 0xFF, 0xFF, 0x40,
  0x06, 0xFF, 0xFF, 0xFF, 0xFF, 0xFF, 0xFF, 0xF4, 0x00, 0x6F, 0xFF, 0xB5, 0x55, 0x55, 0x55, 0x55, 0x10, 0x07, 0xFF, 0xF8, 0x00, 0x00, 0x00, 0x00,
  0x00, 0x00, 0x8F, 0xFF, 0x70, 0x00, 0x00, 0x00, 0x00, 0x00, 0x09, 0xFF, 0xF5, 0x00, 0x35, 0x31, 0x00, 0x00, 0x00, 0xAF, 0xFF, 0x58, 0xEF, 0xFF,
  0xF9, 0x20, 0x00, 0x0A, 0xFF, 0xFE, 0xFF, 0xFF, 0xFF, 0xFE, 0x40, 0x00, 0xBF, 0xFF, 0xFF, 0xFF, 0xFF, 0xFF, 0xFE, 0x20, 0x0C, 0xFF, 0xFF, 0x93,
  0x11, 0x6F, 0xFF, 0xFB, 0x00, 0xDF, 0xFF, 0x70, 0x00, 0x00, 0x5F, 0xFF, 0xF2, 0x02, 0x22, 0x20, 0x00, 0x00, 0x00, 0xDF, 0xFF, 0x50, 0x00, 0x00,
  0x00, 0x00, 0x00, 0x0A, 0xFF, 0xF7, 0x1A, 0xAA, 0xA0, 0x00, 0x00, 0x00, 0xAF, 0xFF, 0x60, 0xEF, 0xFF, 0x40, 0x00, 0x00, 0x0E, 0xFF, 0xF4, 0x0A,
  0xFF, 0xFD, 0x10, 0x00, 0x09, 0xFF, 0xFE, 0x00, 0x3F, 0xFF, 0xFE, 0x86, 0x6B, 0xFF, 0xFF, 0x70, 0x00, 0x7F, 0xFF, 0xFF, 0xFF, 0xFF, 0xFF, 0xB0,
  0x00, 0x00, 0x6E, 0xFF, 0xFF, 0xFF, 0xFF, 0x91, 0x00, 0x00, 0x00, 0x17, 0xBD, 0xFE, 0xC8, 0x30, 0x00, 0x00, 0x00, 0x00, 0x02, 0x8C, 0xEF, 0xDB,
  0x71, 0x00, 0x00, 0x00, 0x07, 0xFF, 0xFF, 0xFF, 0xFF, 0xE5, 0x00, 0x00, 0x08, 0xFF, 0xFF, 0xFF, 0xFF, 0xFF, 0xF5, 0x00, 0x04, 0xFF, 0xFF, 0xB6,
  0x58, 0xEF, 0xFF, 0xE1, 0x00, 0xCF, 0xFF, 0x70, 0x00, 0x01, 0xDF, 0xFF, 0x70, 0x3F, 0xFF, 0xB0, 0x00, 0x00, 0x05, 0xBB, 0xB8, 0x07, 0xFF, 0xF5,
  0x00, 0x00, 0x00, 0x00, 0x00, 0x00, 0xBF, 0xFF, 0x11, 0x8C, 0xEE, 0xC8, 0x20, 0x00, 0x0E, 0xFF, 0xE4, 0xEF, 0xFF, 0xFF, 0xFF, 0x60, 0x00, 0xFF,
  0xFE, 0xEF, 0xFF, 0xFF, 0xFF, 0xFF, 0x70, 0x1F, 0xFF, 0xFF, 0xFB, 0x65, 0x8E, 0xFF, 0xFF, 0x21, 0xFF, 0xFF, 0xF8, 0x00, 0x00, 0x3E, 0xFF, 0xF8,
  0x0F, 0xFF, 0xFD, 0x00, 0x00, 0x00, 0x7F, 0xFF, 0xC0, 0xEF, 0xFF, 0x90, 0x00, 0x00, 0x03, 0xFF, 0xFE, 0x0B, 0xFF, 0xF9, 0x00, 0x00, 0x00, 0x3F,
  0xFF, 0xE0, 0x7F, 0xFF, 0xD0, 0x00, 0x00, 0x07, 0xFF, 0xFC, 0x01, 0xFF, 0xFF, 0x80, 0x00, 0x03, 0xEF, 0xFF, 0x70, 0x08, 0xFF, 0xFF, 0xB6, 0x69,
  0xFF, 0xFF, 0xE1, 0x00, 0x0B, 0xFF, 0xFF, 0xFF, 0xFF, 0xFF, 0xF4, 0x00, 0x00, 0x1A, 0xFF, 0xFF, 0xFF, 0xFF, 0xD4, 0x00, 0x00, 0x00, 0x03, 0x9D,
  0xEF, 0xDB, 0x61, 0x00, 0x00, 0x5F, 0xFF, 0xFF, 0xFF, 0xFF, 0xFF, 0xFF, 0xF5, 0x5F, 0xFF, 0xFF, 0xFF, 0xFF, 0xFF, 0xFF, 0xF5, 0x5F, 0xFF, 0xFF,
  0xFF, 0xFF, 0xFF, 0xFF, 0xF5, 0x25, 0x55, 0x55, 0x55, 0x55, 0x7F, 0xFF, 0xF3, 0x00, 0x00, 0x00, 0x00, 0x00, 0xAF, 0xFF, 0xB0, 0x00, 0x00, 0x00,
  0x00, 0x02, 0xFF, 0xFF, 0x30, 0x00, 0x00, 0x00, 0x00, 0x0A, 0xFF, 0xFB, 0x00, 0x00, 0x00, 0x00, 0x00, 0x2F, 0xFF, 0xF3, 0x00, 0x00, 0x00, 0x00,
  0x00, 0xAF, 0xFF, 0xB0, 0x00, 0x00, 0x00, 0x00, 0x02, 0xFF, 0xFF, 0x30, 0x00, 0x00, 0x00, 0x00, 0x0A, 0xFF, 0xFB, 0x00, 0x00, 0x00, 0x00, 0x00,
  0x2F, 0xFF, 0xF3, 0x00, 0x00, 0x00, 0x00, 0x00, 0xAF, 0xFF, 0xB0, 0x00, 0x00, 0x00, 0x00, 0x03, 0xFF, 0xFF, 0x30, 0x00, 0x00, 0x00, 0x00, 0x0A,
  0xFF, 0xFB, 0x00, 0x00, 0x00, 0x00, 0x00, 0x3F, 0xFF, 0xF4, 0x00, 0x00, 0x00, 0x00, 0x00, 0xAF, 0xFF, 0xB0, 0x00, 0x00, 0x00, 0x00, 0x03, 0xFF,
  0xFF, 0x40, 0x00, 0x00, 0x00, 0x00, 0x0A, 0xFF, 0xFB, 0x00, 0x00, 0x00, 0x00, 0x00, 0x3F, 0xFF, 0xF4, 0x00, 0x00, 0x00, 0x00, 0x00, 0xAF, 0xFF,
  0xB0, 0x00, 0x00, 0x00, 0x00, 0x00, 0x00, 0x16, 0xBD, 0xEE, 0xDA, 0x50, 0x00, 0x00, 0x00, 0x4D, 0xFF, 0xFF, 0xFF, 0xFF, 0xC3, 0x00, 0x00, 0x4F,
  0xFF, 0xFF, 0xFF, 0xFF, 0xFF, 0xE2, 0x00, 0x0D, 0xFF, 0xFF, 0x96, 0x6A, 0xFF, 0xFF, 0xB0, 0x04, 0xFF, 0xFF, 0x40, 0x00, 0x07, 0xFF, 0xFF, 0x10,
  0x6F, 0xFF, 0xD0, 0x00, 0x00, 0x1F, 0xFF, 0xF3, 0x05, 0xFF, 0xFD, 0x00, 0x00, 0x01, 0xFF, 0xFF, 0x10, 0x1E, 0xFF, 0xF5, 0x00, 0x00, 0x8F, 0xFF,
  0xC0, 0x00, 0x5F, 0xFF, 0xF9, 0x66, 0xAF, 0xFF, 0xE3, 0x00, 0x00, 0x3B, 0xFF, 0xFF, 0xFF, 0xFF, 0xA2, 0x00, 0x00, 0x01, 0x7C, 0xFF, 0xFF, 0xFF,
  0xB6, 0x00, 0x00, 0x05, 0xEF, 0xFF, 0xFF, 0xFF, 0xFF, 0xFD, 0x30, 0x04, 0xFF, 0xFF, 0xB4, 0x11, 0x5C, 0xFF, 0xFE, 0x20, 0xCF, 0xFF, 0xA0, 0x00,
  0x00, 0x1D, 0xFF, 0xF9, 0x1F, 0xFF, 0xF5, 0x00, 0x00, 0x00, 0x8F, 0xFF, 0xD1, 0xFF, 0xFF, 0x60, 0x00, 0x00, 0x08, 0xFF, 0xFD, 0x0E, 0xFF, 0xFD,
  0x10, 0x00, 0x02, 0xEF, 0xFF, 0xB0, 0x8F, 0xFF, 0xFE, 0x86, 0x69, 0xFF, 0xFF, 0xF6, 0x01, 0xCF, 0xFF, 0xFF, 0xFF, 0xFF, 0xFF, 0xFA, 0x00, 0x01,
  0x9F, 0xFF, 0xFF, 0xFF, 0xFF, 0xE7, 0x00, 0x00, 0x00, 0x38, 0xCD, 0xFE, 0xDB, 0x71, 0x00, 0x00, 0x00, 0x00, 0x16, 0xBD, 0xFE, 0xC8, 0x30, 0x00,
  0x00, 0x00, 0x5E, 0xFF, 0xFF, 0xFF, 0xFF, 0x80, 0x00, 0x00, 0x6F, 0xFF, 0xFF, 0xFF, 0xFF, 0xFF, 0xA0, 0x00, 0x2F, 0xFF, 0xFE, 0x85, 0x7C, 0xFF,
  0xFF, 0x60, 0x09, 0xFF, 0xFD, 0x20, 0x00, 0x09, 0xFF, 0xFE, 0x00, 0xEF, 0xFF, 0x50, 0x00, 0x00, 0x0E, 0xFF, 0xF5, 0x1F, 0xFF, 0xF1, 0x00, 0x00,
  0x00, 0xAF, 0xFF, 0x91, 0xFF, 0xFF, 0x10, 0x00, 0x00, 0x0A, 0xFF, 0xFC, 0x0E, 0xFF, 0xF5, 0x00, 0x00, 0x00, 0xEF, 0xFF, 0xE0, 0xAF, 0xFF, 0xD2,
  0x00, 0x00, 0x9F, 0xFF, 0xFF, 0x04, 0xFF, 0xFF, 0xE8, 0x57, 0xCF, 0xFF, 0xFF, 0xE0, 0x08, 0xFF, 0xFF, 0xFF, 0xFF, 0xFE, 0xFF, 0xFD, 0x00, 0x08,
  0xFF, 0xFF, 0xFF, 0xFE, 0x4F, 0xFF, 0xC0, 0x00, 0x03, 0x9D, 0xEE, 0xC8, 0x13, 0xFF, 0xFA, 0x00, 0x00, 0x00, 0x00, 0x00, 0x00, 0x7F, 0xFF, 0x60,
  0x9B, 0xBB, 0x30, 0x00, 0x00, 0x0D, 0xFF, 0xF2, 0x09, 0xFF, 0xFB, 0x00, 0x00, 0x08, 0xFF, 0xFB, 0x00, 0x3F, 0xFF, 0xFD, 0x75, 0x7C, 0xFF, 0xFF,
  0x30, 0x00, 0x7F, 0xFF, 0xFF, 0xFF, 0xFF, 0xFF, 0x60, 0x00, 0x00, 0x7E, 0xFF, 0xFF, 0xFF, 0xFE, 0x50, 0x00, 0x00, 0x00, 0x27, 0xCE, 0xFE, 0xC7,
  0x10, 0x00, 0x00, 0x1A, 0xEB, 0x29, 0xFF, 0xFB, 0xCF, 0xFF, 0xE9, 0xFF, 0xFB, 0x1B, 0xEB, 0x20, 0x00, 0x00, 0x00, 0x00, 0x00, 0x00, 0x00, 0x00,
  0x00, 0x00, 0x00, 0x00, 0x1A, 0xEB, 0x29, 0xFF, 0xFB, 0xCF, 0xFF, 0xE9, 0xFF, 0xFB, 0x1B, 0xEB, 0x20, 0x01, 0xAE, 0xC2, 0x08, 0xFF, 0xFB, 0x0B,
  0xFF, 0xFF, 0x08, 0xFF, 0xFC, 0x01, 0xAE, 0xC2, 0x00, 0x00, 0x00, 0x00, 0x00, 0x00, 0x00, 0x00, 0x00, 0x00, 0x00, 0x00, 0x00, 0x00, 0x00, 0x00,
  0x00, 0x00, 0x00, 0x00, 0x00, 0x05, 0xFF, 0xF9, 0x07, 0xFF, 0xF5, 0x09, 0xFF, 0xF1, 0x0B, 0xFF, 0xC0, 0x0D, 0xFF, 0x80, 0x0F, 0xFF, 0x40, 0x2F,
  0xFE, 0x00, 0x4F, 0xFB, 0x00, 0x00, 0x00, 0x00, 0x00, 0x00, 0x00, 0x02, 0x30, 0x00, 0x00, 0x00, 0x00, 0x00, 0x4A, 0xF7, 0x00, 0x00, 0x00, 0x00,
  0x05, 0xCF, 0xFF, 0x70, 0x00, 0x00, 0x01, 0x7D, 0xFF, 0xFF, 0xF7, 0x00, 0x00, 0x28, 0xEF, 0xFF, 0xFF, 0xFD, 0x40, 0x03, 0xAF, 0xFF, 0xFF, 0xFF,
  0xA4, 0x00, 0x5C, 0xFF, 0xFF, 0xFF, 0xD8, 0x20, 0x00, 0x0E, 0xFF, 0xFF, 0xFB, 0x50, 0x00, 0x00, 0x00, 0xEF, 0xFF, 0xD3, 0x00, 0x00, 0x00, 0x00,
  0x0E, 0xFF, 0xFF, 0xE8, 0x20, 0x00, 0x00, 0x00, 0x7E, 0xFF, 0xFF, 0xFF, 0xB5, 0x00, 0x00, 0x00, 0x06, 0xCF, 0xFF, 0xFF, 0xFD, 0x82, 0x00, 0x00,
  0x00, 0x4B, 0xFF, 0xFF, 0xFF, 0xFA, 0x30, 0x00, 0x00, 0x02, 0x9F, 0xFF, 0xFF, 0xF7, 0x00, 0x00, 0x00, 0x00, 0x18, 0xEF, 0xFF, 0x70, 0x00, 0x00,
  0x00, 0x00, 0x00, 0x6D, 0xF7, 0x00, 0x00, 0x00, 0x00, 0x00, 0x00, 0x04, 0x40, 0x8F, 0xFF, 0xFF, 0xFF, 0xFF, 0xFF, 0xFF, 0x88, 0xFF, 0xFF, 0xFF,
  0xFF, 0xFF, 0xFF, 0xF8, 0x8F, 0xFF, 0xFF, 0xFF, 0xFF, 0xFF, 0xFF, 0x83, 0x55, 0x55, 0x55, 0x55, 0x55, 0x55, 0x53, 0x00, 0x00, 0x00, 0x00, 0x00,
  0x00, 0x00, 0x00, 0x00, 0x00, 0x00, 0x00, 0x00, 0x00, 0x00, 0x35, 0x55, 0x55, 0x55, 0x55, 0x55, 0x55, 0x38, 0xFF, 0xFF, 0xFF, 0xFF, 0xFF, 0xFF,
  0xF8, 0x8F, 0xFF, 0xFF, 0xFF, 0xFF, 0xFF, 0xFF, 0x88, 0xFF, 0xFF, 0xFF, 0xFF, 0xFF, 0xFF, 0xF8, 0x32, 0x00, 0x00, 0x00, 0x00, 0x00, 0x00, 0x07,
  0xFA, 0x40, 0x00, 0x00, 0x00, 0x00, 0x00, 0x7F, 0xFF, 0xC5, 0x00, 0x00, 0x00, 0x00, 0x07, 0xFF, 0xFF, 0xFD, 0x71, 0x00, 0x00, 0x00, 0x4D, 0xFF,
  0xFF, 0xFF, 0xE8, 0x20, 0x00, 0x00, 0x04, 0xAF, 0xFF, 0xFF, 0xFF, 0xA3, 0x00, 0x00, 0x00, 0x28, 0xDF, 0xFF, 0xFF, 0xFC, 0x50, 0x00, 0x00, 0x00,
  0x5B, 0xFF, 0xFF, 0xFE, 0x00, 0x00, 0x00, 0x00, 0x03, 0xDF, 0xFF, 0xE0, 0x00, 0x00, 0x00, 0x28, 0xEF, 0xFF, 0xFE, 0x00, 0x00, 0x05, 0xBF, 0xFF,
  0xFF, 0xFE, 0x70, 0x02, 0x8E, 0xFF, 0xFF, 0xFF, 0xC6, 0x00, 0x3A, 0xFF, 0xFF, 0xFF, 0xFB, 0x40, 0x00, 0x07, 0xFF, 0xFF, 0xFF, 0x92, 0x00, 0x00,
  0x00, 0x7F, 0xFF, 0xE8, 0x10, 0x00, 0x00, 0x00, 0x07, 0xFD, 0x60, 0x00, 0x00, 0x00, 0x00, 0x00, 0x44, 0x00, 0x00, 0x00, 0x00, 0x00, 0x00, 0x00,
  0x00, 0x00, 0x38, 0xCE, 0xFD, 0xB6, 0x10, 0x00, 0x00, 0x09, 0xFF, 0xFF, 0xFF, 0xFF, 0xE4, 0x00, 0x00, 0xAF, 0xFF, 0xFF, 0xFF, 0xFF, 0xFF, 0x40,
  0x05, 0xFF, 0xFF, 0xB7, 0x69, 0xEF, 0xFF, 0xC0, 0x0C, 0xFF, 0xF9, 0x00, 0x00, 0x4F, 0xFF, 0xF2, 0x0E, 0xFF, 0xF1, 0x00, 0x00, 0x0D, 0xFF, 0xF3,
  0x08, 0x88, 0x70, 0x00, 0x00, 0x0E, 0xFF, 0xF2, 0x00, 0x00, 0x00, 0x00, 0x00, 0x7F, 0xFF, 0xC0, 0x00, 0x00, 0x00, 0x00, 0x19, 0xFF, 0xFF, 0x40,
  0x00, 0x00, 0x00, 0x04, 0xEF, 0xFF, 0xF6, 0x00, 0x00, 0x00, 0x00, 0x4F, 0xFF, 0xFC, 0x30, 0x00, 0x00, 0x00, 0x00, 0xCF, 0xFF, 0xA0, 0x00, 0x00,
  0x00, 0x00, 0x00, 0xFF, 0xFD, 0x00, 0x00, 0x00, 0x00, 0x00, 0x01, 0xFF, 0xFA, 0x00, 0x00, 0x00, 0x00, 0x00, 0x00, 0x66, 0x64, 0x00, 0x00, 0x00,
  0x00, 0x00, 0x00, 0x00, 0x00, 0x00, 0x00, 0x00, 0x00, 0x00, 0x00, 0x8E, 0xD4, 0x00, 0x00, 0x00, 0x00, 0x00, 0x05, 0xFF, 0xFE, 0x10, 0x00, 0x00,
  0x00, 0x00, 0x08, 0xFF, 0xFF, 0x30, 0x00, 0x00, 0x00, 0x00, 0x05, 0xFF, 0xFE, 0x10, 0x00, 0x00, 0x00, 0x00, 0x00, 0x8E, 0xD4, 0x00, 0x00, 0x00,
  0x00, 0x00, 0x00, 0x00, 0x02, 0x6A, 0xCD, 0xFF, 0xEC, 0x95, 0x10, 0x00, 0x00, 0x00, 0x00, 0x00, 0x00, 0x00, 0x3B, 0xFF, 0xFF, 0xFF, 0xFF, 0xFF,
  0xFE, 0x91, 0x00, 0x00, 0x00, 0x00, 0x00, 0x01, 0xAF, 0xFF, 0xFF, 0xFF, 0xFF, 0xFF, 0xFF, 0xFF, 0xE6, 0x00, 0x00, 0x00, 0x00, 0x02, 0xDF, 0xFF,
  0xFF, 0xB8, 0x65, 0x56, 0x9D, 0xFF, 0xFF, 0xF8, 0x00, 0x00, 0x00, 0x01, 0xDF, 0xFF, 0xF8, 0x10, 0x00, 0x00, 0x00, 0x03, 0xAF, 0xFF, 0xF7, 0x00,
  0x00, 0x00, 0xBF, 0xFF, 0xD2, 0x00, 0x00, 0x00, 0x00, 0x00, 0x00, 0x6F, 0xFF, 0xF3, 0x00, 0x00, 0x5F, 0xFF, 0xD1, 0x00, 0x16, 0xCE, 0xEC, 0x51,
  0xAA, 0x90, 0x5F, 0xFF, 0xC0, 0x00, 0x0D, 0xFF, 0xF3, 0x00, 0x2C, 0xFF, 0xFF, 0xFF, 0xAF, 0xFD, 0x00, 0x9F, 0xFF, 0x40, 0x04, 0xFF, 0xF9, 0x00,
  0x1D, 0xFF, 0xFF, 0xFF, 0xFF, 0xFF, 0xD0, 0x02, 0xFF, 0xFA, 0x00, 0x8F, 0xFF, 0x20, 0x08, 0xFF, 0xFD, 0x75, 0x8E, 0xFF, 0xFD, 0x00, 0x0B, 0xFF,
  0xE0, 0x0C, 0xFF, 0xD0, 0x00, 0xEF, 0xFC, 0x10, 0x00, 0x3F, 0xFF, 0xD0, 0x00, 0x7F, 0xFF, 0x20, 0xEF, 0xFA, 0x00, 0x3F, 0xFF, 0x50, 0x00, 0x00,
  0x9F, 0xFD, 0x00, 0x05, 0xFF, 0xF3, 0x0F, 0xFF, 0x80, 0x05, 0xFF, 0xF1, 0x00, 0x00, 0x06, 0xFF, 0xD0, 0x00, 0x4F, 0xFF, 0x41, 0xFF, 0xF7, 0x00,
  0x6F, 0xFF, 0x00, 0x00, 0x00, 0x5F, 0xFD, 0x00, 0x05, 0xFF, 0xF4, 0x0F, 0xFF, 0x80, 0x05, 0xFF, 0xF1, 0x00, 0x00, 0x06, 0xFF, 0xD0, 0x00, 0x6F,
  0xFF, 0x30, 0xEF, 0xFA, 0x00, 0x3F, 0xFF, 0x50, 0x00, 0x00, 0x9F, 0xFD, 0x00, 0x0A, 0xFF, 0xF1, 0x0C, 0xFF, 0xD0, 0x00, 0xDF, 0xFC, 0x10, 0x00,
  0x2F, 0xFF, 0xE0, 0x01, 0xEF, 0xFC, 0x00, 0x8F, 0xFF, 0x20, 0x08, 0xFF, 0xFD, 0x75, 0x8E, 0xFF, 0xFF, 0x86, 0xDF, 0xFF, 0x70, 0x04, 0xFF, 0xF8,
  0x00, 0x1D, 0xFF, 0xFF, 0xFF, 0xFF, 0xDF, 0xFF, 0xFF, 0xFF, 0xD1, 0x00, 0x0D, 0xFF, 0xF2, 0x00, 0x2D, 0xFF, 0xFF, 0xFF, 0x85, 0xFF, 0xFF, 0xFF,
  0xD2, 0x00, 0x00, 0x5F, 0xFF, 0xD1, 0x00, 0x17, 0xCE, 0xEC, 0x60, 0x05, 0xCE, 0xEC, 0x81, 0x00, 0x00, 0x00, 0xBF, 0xFF, 0xC2, 0x00, 0x00, 0x00,
  0x00, 0x00, 0x00, 0x00, 0x00, 0x00, 0x00, 0x00, 0x01, 0xDF, 0xFF, 0xE8, 0x10, 0x00, 0x00, 0x00, 0x00, 0x30, 0x00, 0x00, 0x00, 0x00, 0x00, 0x02,
  0xDF, 0xFF, 0xFF, 0xB8, 0x65, 0x56, 0x8A, 0xEF, 0x30, 0x00, 0x00, 0x00, 0x00, 0x00, 0x01, 0xAF, 0xFF, 0xFF, 0xFF, 0xFF, 0xFF, 0xFF, 0xF9, 0x00,
  0x00, 0x00, 0x00, 0x00, 0x00, 0x00, 0x4B, 0xFF, 0xFF, 0xFF, 0xFF, 0xFF, 0xFF, 0xC0, 0x00, 0x00, 0x00, 0x00, 0x00, 0x00, 0x00, 0x02, 0x6A, 0xCD,
  0xFF, 0xED, 0xA7, 0x30, 0x00, 0x00, 0x00, 0x00, 0x00, 0x00, 0x00, 0x0A, 0xFF, 0xFF, 0xF5, 0x00, 0x00, 0x00, 0x00, 0x00, 0x00, 0x01, 0xEF, 0xFF,
  0xFF, 0xA0, 0x00, 0x00, 0x00, 0x00, 0x00, 0x00, 0x5F, 0xFF, 0xFF, 0xFF, 0x10, 0x00, 0x00, 0x00, 0x00, 0x00, 0x0B, 0xFF, 0xFF, 0xFF, 0xF6, 0x00,
  0x00, 0x00, 0x00, 0x00, 0x01, 0xFF, 0xFF, 0xAF, 0xFF, 0xB0, 0x00, 0x00, 0x00, 0x00, 0x00, 0x6F, 0xFF, 0xD3, 0xFF, 0xFF, 0x10, 0x00, 0x00, 0x00,
  0x00, 0x0B, 0xFF, 0xF9, 0x0E, 0xFF, 0xF6, 0x00, 0x00, 0x00, 0x00, 0x02, 0xFF, 0xFF, 0x40, 0x9F, 0xFF, 0xC0, 0x00, 0x00, 0x00, 0x00, 0x7F, 0xFF,
  0xE0, 0x05, 0xFF, 0xFF, 0x20, 0x00, 0x00, 0x00, 0x0C, 0xFF, 0xFA, 0x00, 0x1E, 0xFF, 0xF7, 0x00, 0x00, 0x00, 0x03, 0xFF, 0xFF, 0x50, 0x00, 0xAF,
  0xFF, 0xD0, 0x00, 0x00, 0x00, 0x8F, 0xFF, 0xF1, 0x00, 0x06, 0xFF, 0xFF, 0x30, 0x00, 0x00, 0x0D, 0xFF, 0xFA, 0x00, 0x00, 0x1F, 0xFF, 0xF8, 0x00,
  0x00, 0x03, 0xFF, 0xFF, 0xFF, 0xFF, 0xFF, 0xFF, 0xFF, 0xD0, 0x00, 0x00, 0x9F, 0xFF, 0xFF, 0xFF, 0xFF, 0xFF, 0xFF, 0xFF, 0x40, 0x00, 0x0E, 0xFF,
  0xFF, 0xFF, 0xFF, 0xFF, 0xFF, 0xFF, 0xF9, 0x00, 0x04, 0xFF, 0xFF, 0x75, 0x55, 0x55, 0x55, 0xBF, 0xFF, 0xE0, 0x00, 0xAF, 0xFF, 0xE0, 0x00, 0x00,
  0x00, 0x06, 0xFF, 0xFF, 0x50, 0x1E, 0xFF, 0xFA, 0x00, 0x00, 0x00, 0x00, 0x1F, 0xFF, 0xFA, 0x05, 0xFF, 0xFF, 0x50, 0x00, 0x00, 0x00, 0x00, 0xBF,
  0xFF, 0xE1, 0xBF, 0xFF, 0xE1, 0x00, 0x00, 0x00, 0x00, 0x07, 0xFF, 0xFF, 0x60, 0x6F, 0xFF, 0xFF, 0xFF, 0xFF, 0xEB, 0x61, 0x00, 0x06, 0xFF, 0xFF,
  0xFF, 0xFF, 0xFF, 0xFF, 0xE4, 0x00, 0x6F, 0xFF, 0xFF, 0xFF, 0xFF, 0xFF, 0xFF, 0xE3, 0x06, 0xFF, 0xFD, 0x55, 0x55, 0x7C, 0xFF, 0xFF, 0xB0, 0x6F,
  0xFF, 0xC0, 0x00, 0x00, 0x0B, 0xFF, 0xFF, 0x06, 0xFF, 0xFC, 0x00, 0x00, 0x00, 0x5F, 0xFF, 0xF1, 0x6F, 0xFF, 0xC0, 0x00, 0x00, 0x04, 0xFF, 0xFF,
  0x16, 0xFF, 0xFC, 0x00, 0x00, 0x00, 0x9F, 0xFF, 0xB0, 0x6F, 0xFF, 0xC0, 0x00, 0x02, 0x7F, 0xFF, 0xE3, 0x06, 0xFF, 0xFF, 0xFF, 0xFF, 0xFF, 0xFF,
  0xC3, 0x00, 0x6F, 0xFF, 0xFF, 0xFF, 0xFF, 0xFF, 0xD6, 0x10, 0x06, 0xFF, 0xFF, 0xFF, 0xFF, 0xFF, 0xFF, 0xFE, 0x40, 0x6F, 0xFF, 0xD5, 0x55, 0x56,
  0x9E, 0xFF, 0xFE, 0x26, 0xFF, 0xFC, 0x00, 0x00, 0x00, 0x3E, 0xFF, 0xF9, 0x6F, 0xFF, 0xC0, 0x00, 0x00, 0x00, 0xAF, 0xFF, 0xD6, 0xFF, 0xFC, 0x00,
  0x00, 0x00, 0x0A, 0xFF, 0xFD, 0x6F, 0xFF, 0xC0, 0x00, 0x00, 0x02, 0xEF, 0xFF, 0xB6, 0xFF, 0xFD, 0x55, 0x55, 0x69, 0xEF, 0xFF, 0xF6, 0x6F, 0xFF,
  0xFF, 0xFF, 0xFF, 0xFF, 0xFF, 0xFC, 0x06, 0xFF, 0xFF, 0xFF, 0xFF, 0xFF, 0xFF, 0xFB, 0x10, 0x6F, 0xFF, 0xFF, 0xFF, 0xFF, 0xED, 0x94, 0x00, 0x00,
  0x00, 0x00, 0x00, 0x27, 0xBE, 0xFE, 0xDA, 0x61, 0x00, 0x00, 0x00, 0x00, 0x01, 0x8F, 0xFF, 0xFF, 0xFF, 0xFF, 0xE6, 0x00, 0x00, 0x00, 0x01, 0xCF,
  0xFF, 0xFF, 0xFF, 0xFF, 0xFF, 0xFA, 0x00, 0x00, 0x01, 0xCF, 0xFF, 0xFD, 0x86, 0x68, 0xEF, 0xFF, 0xF9, 0x00, 0x00, 0x8F, 0xFF, 0xF8, 0x00, 0x00,
  0x01, 0xBF, 0xFF, 0xF3, 0x00, 0x2F, 0xFF, 0xFA, 0x00, 0x00, 0x00, 0x01, 0xDF, 0xFF, 0xA0, 0x07, 0xFF, 0xFF, 0x10, 0x00, 0x00, 0x00, 0x07, 0xFF,
  0xFE, 0x00, 0xCF, 0xFF, 0xA0, 0x00, 0x00, 0x00, 0x00, 0x15, 0x55, 0x51, 0x0E, 0xFF, 0xF7, 0x00, 0x00, 0x00, 0x00, 0x00, 0x00, 0x00, 0x01, 0xFF,
  0xFF, 0x50, 0x00, 0x00, 0x00, 0x00, 0x00, 0x00, 0x00, 0x1F, 0xFF, 0xF4, 0x00, 0x00, 0x00, 0x00, 0x00, 0x00, 0x00, 0x01, 0xFF, 0xFF, 0x50, 0x00,
  0x00, 0x00, 0x00, 0x00, 0x00, 0x00, 0x0E, 0xFF, 0xF7, 0x00, 0x00, 0x00, 0x00, 0x00, 0x00, 0x00, 0x00, 0xCF, 0xFF, 0xA0, 0x00, 0x00, 0x00, 0x00,
  0x14, 0x44, 0x41, 0x07, 0xFF, 0xFF, 0x10, 0x00, 0x00, 0x00, 0x07, 0xFF, 0xFE, 0x00, 0x2F, 0xFF, 0xFA, 0x00, 0x00, 0x00, 0x01, 0xDF, 0xFF, 0xA0,
  0x00, 0x8F, 0xFF, 0xF8, 0x00, 0x00, 0x01, 0xBF, 0xFF, 0xF3, 0x00, 0x01, 0xCF, 0xFF, 0xFD, 0x86, 0x58, 0xEF, 0xFF, 0xF9, 0x00, 0x00, 0x01, 0xCF,
  0xFF, 0xFF, 0xFF, 0xFF, 0xFF, 0xFA, 0x00, 0x00, 0x00, 0x01, 0x8F, 0xFF, 0xFF, 0xFF, 0xFF, 0xE6, 0x00, 0x00, 0x00, 0x00, 0x00, 0x27, 0xBE, 0xFE,
  0xDA, 0x61, 0x00, 0x00, 0x00, 0x6F, 0xFF, 0xFF, 0xFF, 0xFE, 0xC8, 0x30, 0x00, 0x00, 0x06, 0xFF, 0xFF, 0xFF, 0xFF, 0xFF, 0xFF, 0xB2, 0x00, 0x00,
  0x6F, 0xFF, 0xFF, 0xFF, 0xFF, 0xFF, 0xFF, 0xE5, 0x00, 0x06, 0xFF, 0xFE, 0x55, 0x56, 0x8C, 0xFF, 0xFF, 0xF4, 0x00, 0x6F, 0xFF, 0xE0, 0x00, 0x00,
  0x05, 0xEF, 0xFF, 0xD1, 0x06, 0xFF, 0xFE, 0x00, 0x00, 0x00, 0x04, 0xFF, 0xFF, 0x60, 0x6F, 0xFF, 0xE0, 0x00, 0x00, 0x00, 0x0B, 0xFF, 0xFC, 0x06,
  0xFF, 0xFE, 0x00, 0x00, 0x00, 0x00, 0x5F, 0xFF, 0xF2, 0x6F, 0xFF, 0xE0, 0x00, 0x00, 0x00, 0x02, 0xFF, 0xFF, 0x46, 0xFF, 0xFE, 0x00, 0x00, 0x00,
  0x00, 0x0F, 0xFF, 0xF6, 0x6F, 0xFF, 0xE0, 0x00, 0x00, 0x00, 0x00, 0xFF, 0xFF, 0x66, 0xFF, 0xFE, 0x00, 0x00, 0x00, 0x00, 0x0F, 0xFF, 0xF6, 0x6F,
  0xFF, 0xE0, 0x00, 0x00, 0x00, 0x02, 0xFF, 0xFF, 0x46, 0xFF, 0xFE, 0x00, 0x00, 0x00, 0x00, 0x5F, 0xFF, 0xF2, 0x6F, 0xFF, 0xE0, 0x00, 0x00, 0x00,
  0x0B, 0xFF, 0xFC, 0x06, 0xFF, 0xFE, 0x00, 0x00, 0x00, 0x04, 0xFF, 0xFF, 0x60, 0x6F, 0xFF, 0xE0, 0x00, 0x00, 0x05, 0xEF, 0xFF, 0xD1, 0x06, 0xFF,
  0xFE, 0x55, 0x56, 0x8C, 0xFF, 0xFF, 0xF4, 0x00, 0x6F, 0xFF, 0xFF, 0xFF, 0xFF, 0xFF, 0xFF, 0xE5, 0x00, 0x06, 0xFF, 0xFF, 0xFF, 0xFF, 0xFF, 0xFF,
  0xB2, 0x00, 0x00, 0x6F, 0xFF, 0xFF, 0xFF, 0xFE, 0xC8, 0x30, 0x00, 0x00, 0x00, 0x6F, 0xFF, 0xFF, 0xFF, 0xFF, 0xFF, 0xFF, 0xFB, 0x6F, 0xFF, 0xFF,
  0xFF, 0xFF, 0xFF, 0xFF, 0xFB, 0x6F, 0xFF, 0xFF, 0xFF, 0xFF, 0xFF, 0xFF, 0xFB, 0x6F, 0xFF, 0xE5, 0x55, 0x55, 0x55, 0x55, 0x53, 0x6F, 0xFF, 0xE0,
  0x00, 0x00, 0x00, 0x00, 0x00, 0x6F, 0xFF, 0xE0, 0x00, 0x00, 0x00, 0x00, 0x00, 0x6F, 0xFF, 0xE0, 0x00, 0x00, 0x00, 0x00, 0x00, 0x6F, 0xFF, 0xE0,
  0x00, 0x00, 0x00, 0x00, 0x00, 0x6F, 0xFF, 0xE0, 0x00, 0x00, 0x00, 0x00, 0x00, 0x6F, 0xFF, 0xFF, 0xFF, 0xFF, 0xFF, 0xFF, 0xE0, 0x6F, 0xFF, 0xFF,
  0xFF, 0xFF, 0xFF, 0xFF, 0xE0, 0x6F, 0xFF, 0xFF, 0xFF, 0xFF, 0xFF, 0xFF, 0xE0, 0x6F, 0xFF, 0xE5, 0x55, 0x55, 0x55, 0x55, 0x40, 0x6F, 0xFF, 0xE0,
  0x00, 0x00, 0x00, 0x00, 0x00, 0x6F, 0xFF, 0xE0, 0x00, 0x00, 0x00, 0x00, 0x00, 0x6F, 0xFF, 0xE0, 0x00, 0x00, 0x00, 0x00, 0x00, 0x6F, 0xFF, 0xE0,
  0x00, 0x00, 0x00, 0x00, 0x00, 0x6F, 0xFF, 0xE5, 0x55, 0x55, 0x55, 0x55, 0x53, 0x6F, 0xFF, 0xFF, 0xFF, 0xFF, 0xFF, 0xFF, 0xFB, 0x6F, 0xFF, 0xFF,
  0xFF, 0xFF, 0xFF, 0xFF, 0xFB, 0x6F, 0xFF, 0xFF, 0xFF, 0xFF, 0xFF, 0xFF, 0xFB, 0x6F, 0xFF, 0xFF, 0xFF, 0xFF, 0xFF, 0xFF, 0xF4, 0x6F, 0xFF, 0xFF,
  0xFF, 0xFF, 0xFF, 0xFF, 0xF4, 0x6F, 0xFF, 0xFF, 0xFF, 0xFF, 0xFF, 0xFF, 0xF4, 0x6F, 0xFF, 0xE5, 0x55, 0x55, 0x55, 0x55, 0x51, 0x6F, 0xFF, 0xE0,
  0x00, 0x00, 0x00, 0x00, 0x00, 0x6F, 0xFF, 0xE0, 0x00, 0x00, 0x00, 0x00, 0x00, 0x6F, 0xFF, 0xE0, 0x00, 0x00, 0x00, 0x00, 0x00, 0x6F, 0xFF, 0xE0,
  0x00, 0x00, 0x00, 0x00, 0x00, 0x6F, 0xFF, 0xE0, 0x00, 0x00, 0x00, 0x00, 0x00, 0x6F, 0xFF, 0xFF, 0xFF, 0xFF, 0xFF, 0xFF, 0x80, 0x6F, 0xFF, 0xFF,
  0xFF, 0xFF, 0xFF, 0xFF, 0x80, 0x6F, 0xFF, 0xFF, 0xFF, 0xFF, 0xFF, 0xFF, 0x80, 0x6F, 0xFF, 0xE5, 0x55, 0x55, 0x55, 0x55, 0x30, 0x6F, 0xFF, 0xE0,
  0x00, 0x00, 0x00, 0x00, 0x00, 0x6F, 0xFF, 0xE0, 0x00, 0x00, 0x00, 0x00, 0x00, 0x6F, 0xFF, 0xE0, 0x00, 0x00, 0x00, 0x00, 0x00, 0x6F, 0xFF, 0xE0,
  0x00, 0x00, 0x00, 0x00, 0x00, 0x6F, 0xFF, 0xE0, 0x00, 0x00, 0x00, 0x00, 0x00, 0x6F, 0xFF, 0xE0, 0x00, 0x00, 0x00, 0x00, 0x00, 0x6F, 0xFF, 0xE0,
  0x00, 0x00, 0x00, 0x00, 0x00, 0x6F, 0xFF, 0xE0, 0x00, 0x00, 0x00, 0x00, 0x00, 0x00, 0x00, 0x00, 0x27, 0xBE, 0xFE, 0xDA, 0x61, 0x00, 0x00, 0x00,
  0x00, 0x01, 0x8F, 0xFF, 0xFF, 0xFF, 0xFF, 0xE7, 0x00, 0x00, 0x00, 0x01, 0xCF, 0xFF, 0xFF, 0xFF, 0xFF, 0xFF, 0xFB, 0x10, 0x00, 0x01, 0xCF, 0xFF,
  0xFD, 0x86, 0x68, 0xEF, 0xFF, 0xFA, 0x00, 0x00, 0x8F, 0xFF, 0xF9, 0x00, 0x00, 0x01, 0xAF, 0xFF, 0xF5, 0x00, 0x2F, 0xFF, 0xFA, 0x00, 0x00, 0x00,
  0x00, 0xDF, 0xFF, 0xB0, 0x07, 0xFF, 0xFF, 0x10, 0x00, 0x00, 0x00, 0x06, 0xDD, 0xDD, 0x10, 0xCF, 0xFF, 0xA0, 0x00, 0x00, 0x00, 0x00, 0x00, 0x00,
  0x00, 0x0E, 0xFF, 0xF7, 0x00, 0x00, 0x00, 0x00, 0x00, 0x00, 0x00, 0x01, 0xFF, 0xFF, 0x50, 0x00, 0x00, 0x35, 0x55, 0x55, 0x55, 0x51, 0x1F, 0xFF,
  0xF4, 0x00, 0x00, 0x09, 0xFF, 0xFF, 0xFF, 0xFF, 0x41, 0xFF, 0xFF, 0x50, 0x00, 0x00, 0x9F, 0xFF, 0xFF, 0xFF, 0xF4, 0x0E, 0xFF, 0xF7, 0x00, 0x00,
  0x09, 0xFF, 0xFF, 0xFF, 0xFF, 0x40, 0xCF, 0xFF, 0xA0, 0x00, 0x00, 0x00, 0x00, 0x1F, 0xFF, 0xF3, 0x07, 0xFF, 0xFF, 0x10, 0x00, 0x00, 0x00, 0x04,
  0xFF, 0xFF, 0x10, 0x2F, 0xFF, 0xFA, 0x00, 0x00, 0x00, 0x00, 0xBF, 0xFF, 0xB0, 0x00, 0x8F, 0xFF, 0xF9, 0x00, 0x00, 0x00, 0x9F, 0xFF, 0xF4, 0x00,
  0x01, 0xCF, 0xFF, 0xFD, 0x86, 0x58, 0xDF, 0xFF, 0xF8, 0x00, 0x00, 0x01, 0xCF, 0xFF, 0xFF, 0xFF, 0xFF, 0xFF, 0xFA, 0x00, 0x00, 0x00, 0x01, 0x8F,
  0xFF, 0xFF, 0xFF, 0xFF, 0xE6, 0x00, 0x00, 0x00, 0x00, 0x00, 0x27, 0xBE, 0xFF, 0xDB, 0x71, 0x00, 0x00, 0x00, 0x6F, 0xFF, 0xE0, 0x00, 0x00, 0x00,
  0x02, 0xFF, 0xFF, 0x46, 0xFF, 0xFE, 0x00, 0x00, 0x00, 0x00, 0x2F, 0xFF, 0xF4, 0x6F, 0xFF, 0xE0, 0x00, 0x00, 0x00, 0x02, 0xFF, 0xFF, 0x46, 0xFF,
  0xFE, 0x00, 0x00, 0x00, 0x00, 0x2F, 0xFF, 0xF4, 0x6F, 0xFF, 0xE0, 0x00, 0x00, 0x00, 0x02, 0xFF, 0xFF, 0x46, 0xFF, 0xFE, 0x00, 0x00, 0x00, 0x00,
  0x2F, 0xFF, 0xF4, 0x6F, 0xFF, 0xE0, 0x00, 0x00, 0x00, 0x02, 0xFF, 0xFF, 0x46, 0xFF, 0xFE, 0x00, 0x00, 0x00, 0x00, 0x2F, 0xFF, 0xF4, 0x6F, 0xFF,
  0xE5, 0x55, 0x55, 0x55, 0x56, 0xFF, 0xFF, 0x46, 0xFF, 0xFF, 0xFF, 0xFF, 0xFF, 0xFF, 0xFF, 0xFF, 0xF4, 0x6F, 0xFF, 0xFF, 0xFF, 0xFF, 0xFF, 0xFF,
  0xFF, 0xFF, 0x46, 0xFF, 0xFF, 0xFF, 0xFF, 0xFF, 0xFF, 0xFF, 0xFF, 0xF4, 0x6F, 0xFF, 0xE0, 0x00, 0x00, 0x00, 0x02, 0xFF, 0xFF, 0x46, 0xFF, 0xFE,
  0x00, 0x00, 0x00, 0x00, 0x2F, 0xFF, 0xF4, 0x6F, 0xFF, 0xE0, 0x00, 0x00, 0x00, 0x02, 0xFF, 0xFF, 0x46, 0xFF, 0xFE, 0x00, 0x00, 0x00, 0x00, 0x2F,
  0xFF, 0xF4, 0x6F, 0xFF, 0xE0, 0x00, 0x00, 0x00, 0x02, 0xFF, 0xFF, 0x46, 0xFF, 0xFE, 0x00, 0x00, 0x00, 0x00, 0x2F, 0xFF, 0xF4, 0x6F, 0xFF, 0xE0,
  0x00, 0x00, 0x00, 0x02, 0xFF, 0xFF, 0x46, 0xFF, 0xFE, 0x00, 0x00, 0x00, 0x00, 0x2F, 0xFF, 0xF4, 0x6F, 0xFF, 0xE0, 0x00, 0x00, 0x00, 0x02, 0xFF,
  0xFF, 0x40, 0x6F, 0xFF, 0xE6, 0xFF, 0xFE, 0x6F, 0xFF, 0xE6, 0xFF, 0xFE, 0x6F, 0xFF, 0xE6, 0xFF, 0xFE, 0x6F, 0xFF, 0xE6, 0xFF, 0xFE, 0x6F, 0xFF,
  0xE6, 0xFF, 0xFE, 0x6F, 0xFF, 0xE6, 0xFF, 0xFE, 0x6F, 0xFF, 0xE6, 0xFF, 0xFE, 0x6F, 0xFF, 0xE6, 0xFF, 0xFE, 0x6F, 0xFF, 0xE6, 0xFF, 0xFE, 0x6F,
  0xFF, 0xE6, 0xFF, 0xFE, 0x6F, 0xFF, 0xE0, 0x00, 0x00, 0x00, 0x00, 0x00, 0x9F, 0xFF, 0xC0, 0x00, 0x00, 0x00, 0x00, 0x09, 0xFF, 0xFC, 0x00, 0x00,
  0x00, 0x00, 0x00, 0x9F, 0xFF, 0xC0, 0x00, 0x00, 0x00, 0x00, 0x09, 0xFF, 0xFC, 0x00, 0x00, 0x00, 0x00, 0x00, 0x9F, 0xFF, 0xC0, 0x00, 0x00, 0x00,
  0x00, 0x09, 0xFF, 0xFC, 0x00, 0x00, 0x00, 0x00, 0x00, 0x9F, 0xFF, 0xC0, 0x00, 0x00, 0x00, 0x00, 0x09, 0xFF, 0xFC, 0x00, 0x00, 0x00, 0x00, 0x00,
  0x9F, 0xFF, 0xC0, 0x00, 0x00, 0x00, 0x00, 0x09, 0xFF, 0xFC, 0x00, 0x00, 0x00, 0x00, 0x00, 0x9F, 0xFF, 0xC0, 0x00, 0x00, 0x00, 0x00, 0x09, 0xFF,
  0xFC, 0x00, 0x00, 0x00, 0x00, 0x00, 0x9F, 0xFF, 0xC2, 0xCC, 0xCB, 0x00, 0x00, 0x09, 0xFF, 0xFC, 0x2F, 0xFF, 0xE0, 0x00, 0x00, 0x9F, 0xFF, 0xC2,
  0xFF, 0xFF, 0x10, 0x00, 0x0A, 0xFF, 0xFA, 0x0E, 0xFF, 0xF7, 0x00, 0x02, 0xEF, 0xFF, 0x80, 0x9F, 0xFF, 0xF9, 0x67, 0xEF, 0xFF, 0xF3, 0x02, 0xEF,
  0xFF, 0xFF, 0xFF, 0xFF, 0xF9, 0x00, 0x03, 0xDF, 0xFF, 0xFF, 0xFF, 0xF9, 0x00, 0x00, 0x01, 0x6B, 0xEF, 0xED, 0x93, 0x00, 0x00, 0x6F, 0xFF, 0xE0,
  0x00, 0x00, 0x00, 0x3E, 0xFF, 0xFE, 0x26, 0xFF, 0xFE, 0x00, 0x00, 0x00, 0x2D, 0xFF, 0xFF, 0x40, 0x6F, 0xFF, 0xE0, 0x00, 0x00, 0x1C, 0xFF, 0xFF,
  0x50, 0x06, 0xFF, 0xFE, 0x00, 0x00, 0x0A, 0xFF, 0xFF, 0x80, 0x00, 0x6F, 0xFF, 0xE0, 0x00, 0x08, 0xFF, 0xFF, 0xA0, 0x00, 0x06, 0xFF, 0xFE, 0x00,
  0x06, 0xFF, 0xFF, 0xB0, 0x00, 0x00, 0x6F, 0xFF, 0xE0, 0x04, 0xFF, 0xFF, 0xD1, 0x00, 0x00, 0x06, 0xFF, 0xFE, 0x02, 0xEF, 0xFF, 0xE2, 0x00, 0x00,
  0x00, 0x6F, 0xFF, 0xE1, 0xCF, 0xFF, 0xF4, 0x00, 0x00, 0x00, 0x06, 0xFF, 0xFE, 0xAF, 0xFF, 0xFC, 0x00, 0x00, 0x00, 0x00, 0x6F, 0xFF, 0xFF, 0xFF,
  0xFF, 0xF7, 0x00, 0x00, 0x00, 0x06, 0xFF, 0xFF, 0xFF, 0xFF, 0xFF, 0xF3, 0x00, 0x00, 0x00, 0x6F, 0xFF, 0xFF, 0xF7, 0xEF, 0xFF, 0xC0, 0x00, 0x00,
  0x06, 0xFF, 0xFF, 0xF8, 0x05, 0xFF, 0xFF, 0x80, 0x00, 0x00, 0x6F, 0xFF, 0xF9, 0x00, 0x0A, 0xFF, 0xFF, 0x40, 0x00, 0x06, 0xFF, 0xFE, 0x00, 0x00,
  0x1E, 0xFF, 0xFD, 0x10, 0x00, 0x6F, 0xFF, 0xE0, 0x00, 0x00, 0x5F, 0xFF, 0xF9, 0x00, 0x06, 0xFF, 0xFE, 0x00, 0x00, 0x00, 0xAF, 0xFF, 0xF5, 0x00,
  0x6F, 0xFF, 0xE0, 0x00, 0x00, 0x01, 0xEF, 0xFF, 0xE1, 0x06, 0xFF, 0xFE, 0x00, 0x00, 0x00, 0x05, 0xFF, 0xFF, 0xA0, 0x6F, 0xFF, 0xE0, 0x00, 0x00,
  0x00, 0x0A, 0xFF, 0xFF, 0x60, 0x6F, 0xFF, 0xE0, 0x00, 0x00, 0x00, 0x00, 0x06, 0xFF, 0xFE, 0x00, 0x00, 0x00, 0x00, 0x00, 0x6F, 0xFF, 0xE0, 0x00,
  0x00, 0x00, 0x00, 0x06, 0xFF, 0xFE, 0x00, 0x00, 0x00, 0x00, 0x00, 0x6F, 0xFF, 0xE0, 0x00, 0x00, 0x00, 0x00, 0x06, 0xFF, 0xFE, 0x00, 0x00, 0x00,
  0x00, 0x00, 0x6F, 0xFF, 0xE0, 0x00, 0x00, 0x00, 0x00, 0x06, 0xFF, 0xFE, 0x00, 0x00, 0x00, 0x00, 0x00, 0x6F, 0xFF, 0xE0, 0x00, 0x00, 0x00, 0x00,
  0x06, 0xFF, 0xFE, 0x00, 0x00, 0x00, 0x00, 0x00, 0x6F, 0xFF, 0xE0, 0x00, 0x00, 0x00, 0x00, 0x06, 0xFF, 0xFE, 0x00, 0x00, 0x00, 0x00, 0x00, 0x6F,
  0xFF, 0xE0, 0x00, 0x00, 0x00, 0x00, 0x06, 0xFF, 0xFE, 0x00, 0x00, 0x00, 0x00, 0x00, 0x6F, 0xFF, 0xE0, 0x00, 0x00, 0x00, 0x00, 0x06, 0xFF, 0xFE,
  0x00, 0x00, 0x00, 0x00, 0x00, 0x6F, 0xFF, 0xE0, 0x00, 0x00, 0x00, 0x00, 0x06, 0xFF, 0xFE, 0x55, 0x55, 0x55, 0x55, 0x53, 0x6F, 0xFF, 0xFF, 0xFF,
  0xFF, 0xFF, 0xFF, 0x86, 0xFF, 0xFF, 0xFF, 0xFF, 0xFF, 0xFF, 0xF8, 0x6F, 0xFF, 0xFF, 0xFF, 0xFF, 0xFF, 0xFF, 0x80, 0x6F, 0xFF, 0xFF, 0xF2, 0x00,
  0x00, 0x00, 0x00, 0x3F, 0xFF, 0xFF, 0xF5, 0x6F, 0xFF, 0xFF, 0xF7, 0x00, 0x00, 0x00, 0x00, 0x8F, 0xFF, 0xFF, 0xF5, 0x6F, 0xFF, 0xFF, 0xFC, 0x00,
  0x00, 0x00, 0x00, 0xDF, 0xFF, 0xFF, 0xF5, 0x6F, 0xFF, 0xFF, 0xFF, 0x30, 0x00, 0x00, 0x04, 0xFF, 0xFF, 0xFF, 0xF5, 0x6F, 0xFF, 0xFF, 0xFF, 0x80,
  0x00, 0x00, 0x09, 0xFF, 0xFF, 0xFF, 0xF5, 0x6F, 0xFF, 0xEF, 0xFF, 0xD0, 0x00, 0x00, 0x0E, 0xFF, 0xFD, 0xFF, 0xF5, 0x6F, 0xFF, 0xBD, 0xFF, 0xF3,
  0x00, 0x00, 0x4F, 0xFF, 0xBC, 0xFF, 0xF5, 0x6F, 0xFF, 0xC9, 0xFF, 0xF9, 0x00, 0x00, 0xAF, 0xFF, 0x7D, 0xFF, 0xF5, 0x6F, 0xFF, 0xC4, 0xFF, 0xFE,
  0x00, 0x01, 0xEF, 0xFF, 0x2D, 0xFF, 0xF5, 0x6F, 0xFF, 0xC0, 0xEF, 0xFF, 0x40, 0x05, 0xFF, 0xFD, 0x0E, 0xFF, 0xF5, 0x6F, 0xFF, 0xD0, 0x9F, 0xFF,
  0x90, 0x0A, 0xFF, 0xF8, 0x0E, 0xFF, 0xF5, 0x6F, 0xFF, 0xD0, 0x4F, 0xFF, 0xE0, 0x0E, 0xFF, 0xF3, 0x0E, 0xFF, 0xF5, 0x6F, 0xFF, 0xD0, 0x0E, 0xFF,
  0xF3, 0x4F, 0xFF, 0xC0, 0x0E, 0xFF, 0xF5, 0x6F, 0xFF, 0xD0, 0x08, 0xFF, 0xF8, 0x8F, 0xFF, 0x70, 0x0E, 0xFF, 0xF5, 0x6F, 0xFF, 0xD0, 0x03, 0xFF,
  0xFC, 0xDF, 0xFF, 0x20, 0x0E, 0xFF, 0xF5, 0x6F, 0xFF, 0xD0, 0x00, 0xCF, 0xFF, 0xFF, 0xFB, 0x00, 0x0E, 0xFF, 0xF5, 0x6F, 0xFF, 0xD0, 0x00, 0x7F,
  0xFF, 0xFF, 0xF6, 0x00, 0x0E, 0xFF, 0xF5, 0x6F, 0xFF, 0xD0, 0x00, 0x1F, 0xFF, 0xFF, 0xE1, 0x00, 0x0E, 0xFF, 0xF5, 0x6F, 0xFF, 0xD0, 0x00, 0x0B,
  0xFF, 0xFF, 0xA0, 0x00, 0x0E, 0xFF, 0xF5, 0x6F, 0xFF, 0xD0, 0x00, 0x05, 0xFF, 0xFF, 0x40, 0x00, 0x0E, 0xFF, 0xF5, 0x6F, 0xFF, 0xD0, 0x00, 0x01,
  0xEF, 0xFE, 0x00, 0x00, 0x0E, 0xFF, 0xF5, 0x6F, 0xFF, 0xF7, 0x00, 0x00, 0x00, 0x00, 0xDF, 0xFF, 0x76, 0xFF, 0xFF, 0xE2, 0x00, 0x00, 0x00, 0x0D,
  0xFF, 0xF7, 0x6F, 0xFF, 0xFF, 0xB0, 0x00, 0x00, 0x00, 0xDF, 0xFF, 0x76, 0xFF, 0xFF, 0xFF, 0x50, 0x00, 0x00, 0x0D, 0xFF, 0xF7, 0x6F, 0xFF, 0xFF,
  0xFE, 0x10, 0x00, 0x00, 0xDF, 0xFF, 0x76, 0xFF, 0xFF, 0xFF, 0xF9, 0x00, 0x00, 0x0D, 0xFF, 0xF7, 0x6F, 0xFF, 0xEF, 0xFF, 0xF4, 0x00, 0x00, 0xDF,
  0xFF, 0x76, 0xFF, 0xFD, 0xAF, 0xFF, 0xD0, 0x00, 0x0D, 0xFF, 0xF7, 0x6F, 0xFF, 0xD2, 0xEF, 0xFF, 0x70, 0x00, 0xDF, 0xFF, 0x76, 0xFF, 0xFE, 0x07,
  0xFF, 0xFF, 0x20, 0x0D, 0xFF, 0xF7, 0x6F, 0xFF, 0xE0, 0x0D, 0xFF, 0xFB, 0x00, 0xDF, 0xFF, 0x76, 0xFF, 0xFE, 0x00, 0x4F, 0xFF, 0xF5, 0x0D, 0xFF,
  0xF7, 0x6F, 0xFF, 0xE0, 0x00, 0x9F, 0xFF, 0xD1, 0xDF, 0xFF, 0x76, 0xFF, 0xFE, 0x00, 0x01, 0xDF, 0xFF, 0x8D, 0xFF, 0xF7, 0x6F, 0xFF, 0xE0, 0x00,
  0x05, 0xFF, 0xFE, 0xEF, 0xFF, 0x76, 0xFF, 0xFE, 0x00, 0x00, 0x0A, 0xFF, 0xFF, 0xFF, 0xF7, 0x6F, 0xFF, 0xE0, 0x00, 0x00, 0x1E, 0xFF, 0xFF, 0xFF,
  0x76, 0xFF, 0xFE, 0x00, 0x00, 0x00, 0x6F, 0xFF, 0xFF, 0xF7, 0x6F, 0xFF, 0xE0, 0x00, 0x00, 0x00, 0xBF, 0xFF, 0xFF, 0x76, 0xFF, 0xFE, 0x00, 0x00,
  0x00, 0x02, 0xEF, 0xFF, 0xF7, 0x6F, 0xFF, 0xE0, 0x00, 0x00, 0x00, 0x07, 0xFF, 0xFF, 0x70, 0x00, 0x00, 0x00, 0x27, 0xBE, 0xFE, 0xDA, 0x50, 0x00,
  0x00, 0x00, 0x00, 0x01, 0x8F, 0xFF, 0xFF, 0xFF, 0xFF, 0xD5, 0x00, 0x00, 0x00, 0x01, 0xCF, 0xFF, 0xFF, 0xFF, 0xFF, 0xFF, 0xF8, 0x00, 0x00, 0x01,
  0xCF, 0xFF, 0xFD, 0x85, 0x69, 0xEF, 0xFF, 0xF8, 0x00, 0x00, 0x8F, 0xFF, 0xF8, 0x00, 0x00, 0x02, 0xCF, 0xFF, 0xF3, 0x00, 0x2F, 0xFF, 0xFA, 0x00,
  0x00, 0x00, 0x01, 0xEF, 0xFF, 0xB0, 0x07, 0xFF, 0xFF, 0x10, 0x00, 0x00, 0x00, 0x06, 0xFF, 0xFF, 0x20, 0xCF, 0xFF, 0xA0, 0x00, 0x00, 0x00, 0x00,
  0x1F, 0xFF, 0xF7, 0x0E, 0xFF, 0xF7, 0x00, 0x00, 0x00, 0x00, 0x00, 0xCF, 0xFF, 0x91, 0xFF, 0xFF, 0x50, 0x00, 0x00, 0x00, 0x00, 0x0A, 0xFF, 0xFB,
  0x1F, 0xFF, 0xF4, 0x00, 0x00, 0x00, 0x00, 0x00, 0x9F, 0xFF, 0xC1, 0xFF, 0xFF, 0x50, 0x00, 0x00, 0x00, 0x00, 0x0A, 0xFF, 0xFB, 0x0E, 0xFF, 0xF7,
  0x00, 0x00, 0x00, 0x00, 0x00, 0xCF, 0xFF, 0x90, 0xCF, 0xFF, 0xA0, 0x00, 0x00, 0x00, 0x00, 0x1F, 0xFF, 0xF7, 0x07, 0xFF, 0xFF, 0x10, 0x00, 0x00,
  0x00, 0x06, 0xFF, 0xFF, 0x20, 0x2F, 0xFF, 0xF9, 0x00, 0x00, 0x00, 0x01, 0xEF, 0xFF, 0xB0, 0x00, 0x8F, 0xFF, 0xF8, 0x00, 0x00, 0x02, 0xCF, 0xFF,
  0xF3, 0x00, 0x01, 0xCF, 0xFF, 0xFD, 0x85, 0x69, 0xEF, 0xFF, 0xF8, 0x00, 0x00, 0x01, 0xCF, 0xFF, 0xFF, 0xFF, 0xFF, 0xFF, 0xF9, 0x00, 0x00, 0x00,
  0x01, 0x8F, 0xFF, 0xFF, 0xFF, 0xFF, 0xE5, 0x00, 0x00, 0x00, 0x00, 0x00, 0x27, 0xBE, 0xFF, 0xDA, 0x60, 0x00, 0x00, 0x00, 0x6F, 0xFF, 0xFF, 0xFF,
  0xFE, 0xDA, 0x50, 0x00, 0x06, 0xFF, 0xFF, 0xFF, 0xFF, 0xFF, 0xFF, 0xC2, 0x00, 0x6F, 0xFF, 0xFF, 0xFF, 0xFF, 0xFF, 0xFF, 0xE2, 0x06, 0xFF, 0xFE,
  0x55, 0x55, 0x7C, 0xFF, 0xFF, 0xB0, 0x6F, 0xFF, 0xE0, 0x00, 0x00, 0x08, 0xFF, 0xFF, 0x36, 0xFF, 0xFE, 0x00, 0x00, 0x00, 0x0E, 0xFF, 0xF6, 0x6F,
  0xFF, 0xE0, 0x00, 0x00, 0x00, 0xAF, 0xFF, 0x86, 0xFF, 0xFE, 0x00, 0x00, 0x00, 0x0A, 0xFF, 0xF8, 0x6F, 0xFF, 0xE0, 0x00, 0x00, 0x00, 0xEF, 0xFF,
  0x66, 0xFF, 0xFE, 0x00, 0x00, 0x00, 0x8F, 0xFF, 0xF2, 0x6F, 0xFF, 0xE5, 0x55, 0x57, 0xCF, 0xFF, 0xFB, 0x06, 0xFF, 0xFF, 0xFF, 0xFF, 0xFF, 0xFF,
  0xFE, 0x20, 0x6F, 0xFF, 0xFF, 0xFF, 0xFF, 0xFF, 0xFC, 0x20, 0x06, 0xFF, 0xFF, 0xFF, 0xFF, 0xED, 0xA4, 0x00, 0x00, 0x6F, 0xFF, 0xE0, 0x00, 0x00,
  0x00, 0x00, 0x00, 0x06, 0xFF, 0xFE, 0x00, 0x00, 0x00, 0x00, 0x00, 0x00, 0x6F, 0xFF, 0xE0, 0x00, 0x00, 0x00, 0x00, 0x00, 0x06, 0xFF, 0xFE, 0x00,
  0x00, 0x00, 0x00, 0x00, 0x00, 0x6F, 0xFF, 0xE0, 0x00, 0x00, 0x00, 0x00, 0x00, 0x06, 0xFF, 0xFE, 0x00, 0x00, 0x00, 0x00, 0x00, 0x00, 0x6F, 0xFF,
  0xE0, 0x00, 0x00, 0x00, 0x00, 0x00, 0x00, 0x00, 0x00, 0x00, 0x27, 0xBE, 0xFE, 0xDA, 0x50, 0x00, 0x00, 0x00, 0x00, 0x01, 0x8F, 0xFF, 0xFF, 0xFF,
  0xFF, 0xD5, 0x00, 0x00, 0x00, 0x01, 0xCF, 0xFF, 0xFF, 0xFF, 0xFF, 0xFF, 0xF8, 0x00, 0x00, 0x01, 0xCF, 0xFF, 0xFD, 0x85, 0x69, 0xEF, 0xFF, 0xF7,
  0x00, 0x00, 0x8F, 0xFF, 0xF8, 0x00, 0x00, 0x02, 0xCF, 0xFF, 0xF3, 0x00, 0x2F, 0xFF, 0xFA, 0x00, 0x00, 0x00, 0x01, 0xEF, 0xFF, 0xB0, 0x07, 0xFF,
  0xFF, 0x10, 0x00, 0x00, 0x00, 0x06, 0xFF, 0xFF, 0x20, 0xCF, 0xFF, 0xA0, 0x00, 0x00, 0x00, 0x00, 0x1F, 0xFF, 0xF6, 0x0E, 0xFF, 0xF7, 0x00, 0x00,
  0x00, 0x00, 0x00, 0xCF, 0xFF, 0x91, 0xFF, 0xFF, 0x50, 0x00, 0x00, 0x00, 0x00, 0x0A, 0xFF, 0xFB, 0x1F, 0xFF, 0xF4, 0x00, 0x00, 0x00, 0x00, 0x00,
  0x9F, 0xFF, 0xB1, 0xFF, 0xFF, 0x50, 0x00, 0x00, 0x00, 0x00, 0x0A, 0xFF, 0xFB, 0x0E, 0xFF, 0xF7, 0x00, 0x00, 0x00, 0x00, 0x00, 0xCF, 0xFF, 0x90,
  0xCF, 0xFF, 0xA0, 0x00, 0x22, 0x22, 0x00, 0x1F, 0xFF, 0xF7, 0x07, 0xFF, 0xFF, 0x10, 0x06, 0xFF, 0xF5, 0x06, 0xFF, 0xFF, 0x20, 0x2F, 0xFF, 0xF9,
  0x00, 0x0A, 0xFF, 0xE3, 0xDF, 0xFF, 0xC0, 0x00, 0x8F, 0xFF, 0xF8, 0x00, 0x1D, 0xFF, 0xFF, 0xFF, 0xF4, 0x00, 0x01, 0xCF, 0xFF, 0xFD, 0x85, 0x8F,
  0xFF, 0xFF, 0xFA, 0x00, 0x00, 0x01, 0xCF, 0xFF, 0xFF, 0xFF, 0xFF, 0xFF, 0xFB, 0x00, 0x00, 0x00, 0x01, 0x8F, 0xFF, 0xFF, 0xFF, 0xFF, 0xFF, 0x80,
  0x00, 0x00, 0x00, 0x00, 0x27, 0xBE, 0xFE, 0xDA, 0x9F, 0xFF, 0x60, 0x00, 0x00, 0x00, 0x00, 0x00, 0x00, 0x00, 0x00, 0x9F, 0xFF, 0x40, 0x00, 0x00,
  0x00, 0x00, 0x00, 0x00, 0x00, 0x00, 0x77, 0x77, 0x00, 0x6F, 0xFF, 0xFF, 0xFF, 0xFE, 0xDA, 0x50, 0x00, 0x00, 0x6F, 0xFF, 0xFF, 0xFF, 0xFF, 0xFF,
  0xFD, 0x30, 0x00, 0x6F, 0xFF, 0xFF, 0xFF, 0xFF, 0xFF, 0xFF, 0xE3, 0x00, 0x6F, 0xFF, 0xE5, 0x55, 0x57, 0xBF, 0xFF, 0xFD, 0x00, 0x6F, 0xFF, 0xE0,
  0x00, 0x00, 0x06, 0xFF, 0xFF, 0x40, 0x6F, 0xFF, 0xE0, 0x00, 0x00, 0x00, 0xCF, 0xFF, 0x80, 0x6F, 0xFF, 0xE0, 0x00, 0x00, 0x00, 0x8F, 0xFF, 0xA0,
  0x6F, 0xFF, 0xE0, 0x00, 0x00, 0x00, 0x9F, 0xFF, 0xA0, 0x6F, 0xFF, 0xE0, 0x00, 0x00, 0x00, 0xCF, 0xFF, 0x90, 0x6F, 0xFF, 0xE0, 0x00, 0x00, 0x07,
  0xFF, 0xFF, 0x50, 0x6F, 0xFF, 0xE5, 0x55, 0x57, 0xBF, 0xFF, 0xFD, 0x00, 0x6F, 0xFF, 0xFF, 0xFF, 0xFF, 0xFF, 0xFF, 0xE3, 0x00, 0x6F, 0xFF, 0xFF,
  0xFF, 0xFF, 0xFF, 0xFD, 0x30, 0x00, 0x6F, 0xFF, 0xFF, 0xFF, 0xFF, 0xFF, 0xF3, 0x00, 0x00, 0x6F, 0xFF, 0xE0, 0x00, 0x1E, 0xFF, 0xFA, 0x00, 0x00,
  0x6F, 0xFF, 0xE0, 0x00, 0x06, 0xFF, 0xFF, 0x30, 0x00, 0x6F, 0xFF, 0xE0, 0x00, 0x00, 0xDF, 0xFF, 0xB0, 0x00, 0x6F, 0xFF, 0xE0, 0x00, 0x00, 0x5F,
  0xFF, 0xF4, 0x00, 0x6F, 0xFF, 0xE0, 0x00, 0x00, 0x0C, 0xFF, 0xFC, 0x00, 0x6F, 0xFF, 0xE0, 0x00, 0x00, 0x04, 0xFF, 0xFF, 0x60, 0x6F, 0xFF, 0xE0,
  0x00, 0x00, 0x00, 0xBF, 0xFF, 0xD1, 0x00, 0x00, 0x49, 0xCE, 0xFE, 0xC9, 0x40, 0x00, 0x00, 0x03, 0xCF, 0xFF, 0xFF, 0xFF, 0xFF, 0xB1, 0x00, 0x03,
  0xEF, 0xFF, 0xFF, 0xFF, 0xFF, 0xFF, 0xD1, 0x00, 0xDF, 0xFF, 0xFB, 0x75, 0x7C, 0xFF, 0xFF, 0x90, 0x5F, 0xFF, 0xF5, 0x00, 0x00, 0x09, 0xFF, 0xFF,
  0x17, 0xFF, 0xFC, 0x00, 0x00, 0x00, 0x0E, 0xFF, 0xF4, 0x8F, 0xFF, 0xE0, 0x00, 0x00, 0x00, 0x68, 0x88, 0x36, 0xFF, 0xFF, 0xB2, 0x00, 0x00, 0x00,
  0x00, 0x00, 0x1E, 0xFF, 0xFF, 0xFD, 0x96, 0x20, 0x00, 0x00, 0x00, 0x5F, 0xFF, 0xFF, 0xFF, 0xFF, 0xE9, 0x30, 0x00, 0x00, 0x4D, 0xFF, 0xFF, 0xFF,
  0xFF, 0xFF, 0xA1, 0x00, 0x00, 0x05, 0xAD, 0xFF, 0xFF, 0xFF, 0xFF, 0xC1, 0x00, 0x00, 0x00, 0x02, 0x58, 0xDF, 0xFF, 0xFF, 0x70, 0x00, 0x00, 0x00,
  0x00, 0x00, 0x5F, 0xFF, 0xFC, 0xEE, 0xEE, 0x40, 0x00, 0x00, 0x00, 0x8F, 0xFF, 0xDD, 0xFF, 0xF8, 0x00, 0x00, 0x00, 0x07, 0xFF, 0xFD, 0x9F, 0xFF,
  0xE4, 0x00, 0x00, 0x02, 0xDF, 0xFF, 0x92, 0xFF, 0xFF, 0xFB, 0x75, 0x69, 0xFF, 0xFF, 0xF3, 0x06, 0xFF, 0xFF, 0xFF, 0xFF, 0xFF, 0xFF, 0xF7, 0x00,
  0x05, 0xEF, 0xFF, 0xFF, 0xFF, 0xFF, 0xE6, 0x00, 0x00, 0x01, 0x5A, 0xDE, 0xFE, 0xDA, 0x61, 0x00, 0x00, 0x5F, 0xFF, 0xFF, 0xFF, 0xFF, 0xFF, 0xFF,
  0xFF, 0xFC, 0x5F, 0xFF, 0xFF, 0xFF, 0xFF, 0xFF, 0xFF, 0xFF, 0xFC, 0x5F, 0xFF, 0xFF, 0xFF, 0xFF, 0xFF, 0xFF, 0xFF, 0xFC, 0x25, 0x55, 0x55, 0x5F,
  0xFF, 0xF9, 0x55, 0x55, 0x54, 0x00, 0x00, 0x00, 0x0F, 0xFF, 0xF6, 0x00, 0x00, 0x00, 0x00, 0x00, 0x00, 0x0F, 0xFF, 0xF6, 0x00, 0x00, 0x00, 0x00,
  0x00, 0x00, 0x0F, 0xFF, 0xF6, 0x00, 0x00, 0x00, 0x00, 0x00, 0x00, 0x0F, 0xFF, 0xF6, 0x00, 0x00, 0x00, 0x00, 0x00, 0x00, 0x0F, 0xFF, 0xF6, 0x00,
  0x00, 0x00, 0x00, 0x00, 0x00, 0x0F, 0xFF, 0xF6, 0x00, 0x00, 0x00, 0x00, 0x00, 0x00, 0x0F, 0xFF, 0xF6, 0x00, 0x00, 0x00, 0x00, 0x00, 0x00, 0x0F,
  0xFF, 0xF6, 0x00, 0x00, 0x00, 0x00, 0x00, 0x00, 0x0F, 0xFF, 0xF6, 0x00, 0x00, 0x00, 0x00, 0x00, 0x00, 0x0F, 0xFF, 0xF6, 0x00, 0x00, 0x00, 0x00,
  0x00, 0x00, 0x0F, 0xFF, 0xF6, 0x00, 0x00, 0x00, 0x00, 0x00, 0x00, 0x0F, 0xFF, 0xF6, 0x00, 0x00, 0x00, 0x00, 0x00, 0x00, 0x0F, 0xFF, 0xF6, 0x00,
  0x00, 0x00, 0x00, 0x00, 0x00, 0x0F, 0xFF, 0xF6, 0x00, 0x00, 0x00, 0x00, 0x00, 0x00, 0x0F, 0xFF, 0xF6, 0x00, 0x00, 0x00, 0x00, 0x00, 0x00, 0x0F,
  0xFF, 0xF6, 0x00, 0x00, 0x00, 0x00, 0x00, 0x00, 0x0F, 0xFF, 0xF6, 0x00, 0x00, 0x00, 0x7F, 0xFF, 0xC0, 0x00, 0x00, 0x00, 0x05, 0xFF, 0xFE, 0x7F,
  0xFF, 0xC0, 0x00, 0x00, 0x00, 0x05, 0xFF, 0xFE, 0x7F, 0xFF, 0xC0, 0x00, 0x00, 0x00, 0x05, 0xFF, 0xFE, 0x7F, 0xFF, 0xC0, 0x00, 0x00, 0x00, 0x05,
  0xFF, 0xFE, 0x7F, 0xFF, 0xC0, 0x00, 0x00, 0x00, 0x05, 0xFF, 0xFE, 0x7F, 0xFF, 0xC0, 0x00, 0x00, 0x00, 0x05, 0xFF, 0xFE, 0x7F, 0xFF, 0xC0, 0x00,
  0x00, 0x00, 0x05, 0xFF, 0xFE, 0x7F, 0xFF, 0xC0, 0x00, 0x00, 0x00, 0x05, 0xFF, 0xFE, 0x7F, 0xFF, 0xC0, 0x00, 0x00, 0x00, 0x05, 0xFF, 0xFE, 0x7F,
  0xFF, 0xC0, 0x00, 0x00, 0x00, 0x05, 0xFF, 0xFE, 0x7F, 0xFF, 0xC0, 0x00, 0x00, 0x00, 0x05, 0xFF, 0xFE, 0x7F, 0xFF, 0xC0, 0x00, 0x00, 0x00, 0x05,
  0xFF, 0xFE, 0x7F, 0xFF, 0xC0, 0x00, 0x00, 0x00, 0x05, 0xFF, 0xFE, 0x7F, 0xFF, 0xC0, 0x00, 0x00, 0x00, 0x06, 0xFF, 0xFD, 0x6F, 0xFF, 0xE0, 0x00,
  0x00, 0x00, 0x08, 0xFF, 0xFC, 0x3F, 0xFF, 0xF5, 0x00, 0x00, 0x00, 0x0D, 0xFF, 0xFA, 0x0D, 0xFF, 0xFE, 0x30, 0x00, 0x00, 0x9F, 0xFF, 0xF4, 0x05,
  0xFF, 0xFF, 0xF9, 0x65, 0x7D, 0xFF, 0xFF, 0xB0, 0x00, 0x7F, 0xFF, 0xFF, 0xFF, 0xFF, 0xFF, 0xFC, 0x10, 0x00, 0x05, 0xEF, 0xFF, 0xFF, 0xFF, 0xFF,
  0x91, 0x00, 0x00, 0x00, 0x15, 0xAD, 0xEF, 0xDC, 0x72, 0x00, 0x00, 0xBF, 0xFF, 0xF1, 0x00, 0x00, 0x00, 0x00, 0x08, 0xFF, 0xFF, 0x25, 0xFF, 0xFF,
  0x60, 0x00, 0x00, 0x00, 0x00, 0xDF, 0xFF, 0xC0, 0x1E, 0xFF, 0xFB, 0x00, 0x00, 0x00, 0x00, 0x2F, 0xFF, 0xF7, 0x00, 0xAF, 0xFF, 0xF1, 0x00, 0x00,
  0x00, 0x07, 0xFF, 0xFF, 0x20, 0x04, 0xFF, 0xFF, 0x60, 0x00, 0x00, 0x00, 0xCF, 0xFF, 0xC0, 0x00, 0x0E, 0xFF, 0xFB, 0x00, 0x00, 0x00, 0x2F, 0xFF,
  0xF6, 0x00, 0x00, 0x9F, 0xFF, 0xF1, 0x00, 0x00, 0x07, 0xFF, 0xFF, 0x10, 0x00, 0x03, 0xFF, 0xFF, 0x60, 0x00, 0x00, 0xCF, 0xFF, 0xB0, 0x00, 0x00,
  0x0D, 0xFF, 0xFB, 0x00, 0x00, 0x2F, 0xFF, 0xF6, 0x00, 0x00, 0x00, 0x8F, 0xFF, 0xF1, 0x00, 0x06, 0xFF, 0xFF, 0x10, 0x00, 0x00, 0x03, 0xFF, 0xFF,
  0x50, 0x00, 0xBF, 0xFF, 0xB0, 0x00, 0x00, 0x00, 0x0C, 0xFF, 0xFA, 0x00, 0x1F, 0xFF, 0xF5, 0x00, 0x00, 0x00, 0x00, 0x7F, 0xFF, 0xE0, 0x05, 0xFF,
  0xFE, 0x10, 0x00, 0x00, 0x00, 0x02, 0xFF, 0xFF, 0x40, 0x9F, 0xFF, 0xA0, 0x00, 0x00, 0x00, 0x00, 0x0B, 0xFF, 0xF9, 0x0E, 0xFF, 0xF5, 0x00, 0x00,
  0x00, 0x00, 0x00, 0x6F, 0xFF, 0xD3, 0xFF, 0xFE, 0x00, 0x00, 0x00, 0x00, 0x00, 0x01, 0xFF, 0xFF, 0xAF, 0xFF, 0x90, 0x00, 0x00, 0x00, 0x00, 0x00,
  0x0B, 0xFF, 0xFF, 0xFF, 0xF4, 0x00, 0x00, 0x00, 0x00, 0x00, 0x00, 0x5F, 0xFF, 0xFF, 0xFE, 0x00, 0x00, 0x00, 0x00, 0x00, 0x00, 0x01, 0xEF, 0xFF,
  0xFF, 0x90, 0x00, 0x00, 0x00, 0x00, 0x00, 0x00, 0x0A, 0xFF, 0xFF, 0xF4, 0x00, 0x00, 0x00, 0x00, 0xBF, 0xFF, 0xD0, 0x00, 0x00, 0x00, 0xDF, 0xFF,
  0xC0, 0x00, 0x00, 0x00, 0xFF, 0xFF, 0xA7, 0xFF, 0xFF, 0x20, 0x00, 0x00, 0x2F, 0xFF, 0xFF, 0x10, 0x00, 0x00, 0x4F, 0xFF, 0xF6, 0x3F, 0xFF, 0xF5,
  0x00, 0x00, 0x06, 0xFF, 0xFF, 0xF4, 0x00, 0x00, 0x07, 0xFF, 0xFF, 0x20, 0xEF, 0xFF, 0x90, 0x00, 0x00, 0xAF, 0xFF, 0xFF, 0x80, 0x00, 0x00, 0xBF,
  0xFF, 0xC0, 0x0A, 0xFF, 0xFD, 0x00, 0x00, 0x0D, 0xFF, 0xFF, 0xFC, 0x00, 0x00, 0x0E, 0xFF, 0xF8, 0x00, 0x6F, 0xFF, 0xF1, 0x00, 0x02, 0xFF, 0xFF,
  0xFF, 0xF1, 0x00, 0x03, 0xFF, 0xFF, 0x40, 0x02, 0xFF, 0xFF, 0x50, 0x00, 0x6F, 0xFF, 0xDF, 0xFF, 0x40, 0x00, 0x6F, 0xFF, 0xF1, 0x00, 0x0D, 0xFF,
  0xF8, 0x00, 0x0A, 0xFF, 0xF7, 0xFF, 0xF8, 0x00, 0x0A, 0xFF, 0xFB, 0x00, 0x00, 0x9F, 0xFF, 0xC0, 0x00, 0xDF, 0xFE, 0x1F, 0xFF, 0xC0, 0x00, 0xDF,
  0xFF, 0x70, 0x00, 0x05, 0xFF, 0xFF, 0x10, 0x2F, 0xFF, 0xB0, 0xCF, 0xFF, 0x10, 0x2F, 0xFF, 0xF3, 0x00, 0x00, 0x1F, 0xFF, 0xF4, 0x06, 0xFF, 0xF7,
  0x08, 0xFF, 0xF4, 0x05, 0xFF, 0xFE, 0x00, 0x00, 0x00, 0xCF, 0xFF, 0x70, 0x9F, 0xFF, 0x30, 0x4F, 0xFF, 0x80, 0x9F, 0xFF, 0xA0, 0x00, 0x00, 0x08,
  0xFF, 0xFA, 0x0D, 0xFF, 0xE0, 0x01, 0xFF, 0xFB, 0x0C, 0xFF, 0xF6, 0x00, 0x00, 0x00, 0x3F, 0xFF, 0xD1, 0xFF, 0xFA, 0x00, 0x0B, 0xFF, 0xE1, 0xFF,
  0xFF, 0x20, 0x00, 0x00, 0x00, 0xEF, 0xFF, 0x6F, 0xFF, 0x60, 0x00, 0x7F, 0xFF, 0x6F, 0xFF, 0xD0, 0x00, 0x00, 0x00, 0x0A, 0xFF, 0xFC, 0xFF, 0xF2,
  0x00, 0x03, 0xFF, 0xFC, 0xFF, 0xF9, 0x00, 0x00, 0x00, 0x00, 0x6F, 0xFF, 0xFF, 0xFD, 0x00, 0x00, 0x0E, 0xFF, 0xFF, 0xFF, 0x50, 0x00, 0x00, 0x00,
  0x02, 0xFF, 0xFF, 0xFF, 0x90, 0x00, 0x00, 0xAF, 0xFF, 0xFF, 0xF1, 0x00, 0x00, 0x00, 0x00, 0x0D, 0xFF, 0xFF, 0xF5, 0x00, 0x00, 0x06, 0xFF, 0xFF,
  0xFC, 0x00, 0x00, 0x00, 0x00, 0x00, 0x9F, 0xFF, 0xFF, 0x10, 0x00, 0x00, 0x2F, 0xFF, 0xFF, 0x70, 0x00, 0x00, 0x00, 0x00, 0x05, 0xFF, 0xFF, 0xC0,
  0x00, 0x00, 0x00, 0xDF, 0xFF, 0xF3, 0x00, 0x00, 0x00, 0x0C, 0xFF, 0xFE, 0x20, 0x00, 0x00, 0x00, 0xBF, 0xFF, 0xE2, 0x03, 0xFF, 0xFF, 0xB0, 0x00,
  0x00, 0x05, 0xFF, 0xFF, 0x70, 0x00, 0x8F, 0xFF, 0xF5, 0x00, 0x00, 0x1E, 0xFF, 0xFC, 0x00, 0x00, 0x0C, 0xFF, 0xFE, 0x10, 0x00, 0xAF, 0xFF, 0xE2,
  0x00, 0x00, 0x03, 0xFF, 0xFF, 0x90, 0x04, 0xFF, 0xFF, 0x70, 0x00, 0x00, 0x00, 0x8F, 0xFF, 0xF4, 0x1D, 0xFF, 0xFC, 0x00, 0x00, 0x00, 0x00, 0x0C,
  0xFF, 0xFC, 0x8F, 0xFF, 0xF2, 0x00, 0x00, 0x00, 0x00, 0x03, 0xFF, 0xFF, 0xFF, 0xFF, 0x70, 0x00, 0x00, 0x00, 0x00, 0x00, 0x8F, 0xFF, 0xFF, 0xFC,
  0x00, 0x00, 0x00, 0x00, 0x00, 0x00, 0x0C, 0xFF, 0xFF, 0xF2, 0x00, 0x00, 0x00, 0x00, 0x00, 0x00, 0x06, 0xFF, 0xFF, 0xC0, 0x00, 0x00, 0x00, 0x00,
  0x00, 0x00, 0x2E, 0xFF, 0xFF, 0xF7, 0x00, 0x00, 0x00, 0x00, 0x00, 0x00, 0xBF, 0xFF, 0xFF, 0xFF, 0x30, 0x00, 0x00, 0x00, 0x00, 0x07, 0xFF, 0xFF,
  0xEF, 0xFF, 0xC0, 0x00, 0x00, 0x00, 0x00, 0x3F, 0xFF, 0xF8, 0x5F, 0xFF, 0xF8, 0x00, 0x00, 0x00, 0x01, 0xDF, 0xFF, 0xD1, 0x0A, 0xFF, 0xFF, 0x40,
  0x00, 0x00, 0x09, 0xFF, 0xFF, 0x30, 0x02, 0xEF, 0xFF, 0xD1, 0x00, 0x00, 0x5F, 0xFF, 0xF8, 0x00, 0x00, 0x5F, 0xFF, 0xF9, 0x00, 0x02, 0xEF, 0xFF,
  0xC0, 0x00, 0x00, 0x0A, 0xFF, 0xFF, 0x50, 0x0B, 0xFF, 0xFE, 0x20, 0x00, 0x00, 0x01, 0xEF, 0xFF, 0xE1, 0x7F, 0xFF, 0xF6, 0x00, 0x00, 0x00, 0x00,
  0x5F, 0xFF, 0xFA, 0x9F, 0xFF, 0xF6, 0x00, 0x00, 0x00, 0x00, 0x6F, 0xFF, 0xF9, 0x1E, 0xFF, 0xFE, 0x10, 0x00, 0x00, 0x00, 0xDF, 0xFF, 0xE1, 0x06,
  0xFF, 0xFF, 0x80, 0x00, 0x00, 0x07, 0xFF, 0xFF, 0x60, 0x00, 0xCF, 0xFF, 0xE2, 0x00, 0x00, 0x1E, 0xFF, 0xFC, 0x00, 0x00, 0x3F, 0xFF, 0xF9, 0x00,
  0x00, 0x8F, 0xFF, 0xF4, 0x00, 0x00, 0x0A, 0xFF, 0xFF, 0x30, 0x02, 0xEF, 0xFF, 0xA0, 0x00, 0x00, 0x01, 0xEF, 0xFF, 0xB0, 0x09, 0xFF, 0xFF, 0x20,
  0x00, 0x00, 0x00, 0x7F, 0xFF, 0xF4, 0x2F, 0xFF, 0xF8, 0x00, 0x00, 0x00, 0x00, 0x0D, 0xFF, 0xFC, 0xAF, 0xFF, 0xD1, 0x00, 0x00, 0x00, 0x00, 0x04,
  0xFF, 0xFF, 0xFF, 0xFF, 0x50, 0x00, 0x00, 0x00, 0x00, 0x00, 0xAF, 0xFF, 0xFF, 0xFC, 0x00, 0x00, 0x00, 0x00, 0x00, 0x00, 0x2F, 0xFF, 0xFF, 0xF3,
  0x00, 0x00, 0x00, 0x00, 0x00, 0x00, 0x08, 0xFF, 0xFF, 0x90, 0x00, 0x00, 0x00, 0x00, 0x00, 0x00, 0x01, 0xFF, 0xFF, 0x30, 0x00, 0x00, 0x00, 0x00,
  0x00, 0x00, 0x01, 0xFF, 0xFF, 0x30, 0x00, 0x00, 0x00, 0x00, 0x00, 0x00, 0x01, 0xFF, 0xFF, 0x30, 0x00, 0x00, 0x00, 0x00, 0x00, 0x00, 0x01, 0xFF,
  0xFF, 0x30, 0x00, 0x00, 0x00, 0x00, 0x00, 0x00, 0x01, 0xFF, 0xFF, 0x30, 0x00, 0x00, 0x00, 0x00, 0x00, 0x00, 0x01, 0xFF, 0xFF, 0x30, 0x00, 0x00,
  0x00, 0x00, 0x00, 0x00, 0x01, 0xFF, 0xFF, 0x30, 0x00, 0x00, 0x00, 0x00, 0x00, 0x00, 0x01, 0xFF, 0xFF, 0x30, 0x00, 0x00, 0x00, 0x0E, 0xFF, 0xFF,
  0xFF, 0xFF, 0xFF, 0xFF, 0xFF, 0xF8, 0x0E, 0xFF, 0xFF, 0xFF, 0xFF, 0xFF, 0xFF, 0xFF, 0xF8, 0x0E, 0xFF, 0xFF, 0xFF, 0xFF, 0xFF, 0xFF, 0xFF, 0xF8,
  0x05, 0x55, 0x55, 0x55, 0x55, 0x56, 0xEF, 0xFF, 0xE3, 0x00, 0x00, 0x00, 0x00, 0x00, 0x0B, 0xFF, 0xFF, 0x60, 0x00, 0x00, 0x00, 0x00, 0x00, 0x8F,
  0xFF, 0xF9, 0x00, 0x00, 0x00, 0x00, 0x00, 0x05, 0xFF, 0xFF, 0xC0, 0x00, 0x00, 0x00, 0x00, 0x00, 0x2E, 0xFF, 0xFE, 0x20, 0x00, 0x00, 0x00, 0x00,
  0x01, 0xCF, 0xFF, 0xF5, 0x00, 0x00, 0x00, 0x00, 0x00, 0x0A, 0xFF, 0xFF, 0x80, 0x00, 0x00, 0x00, 0x00, 0x00, 0x6F, 0xFF, 0xFB, 0x00, 0x00, 0x00,
  0x00, 0x00, 0x03, 0xFF, 0xFF, 0xE1, 0x00, 0x00, 0x00, 0x00, 0x00, 0x1D, 0xFF, 0xFF, 0x40, 0x00, 0x00, 0x00, 0x00, 0x00, 0xBF, 0xFF, 0xF7, 0x00,
  0x00, 0x00, 0x00, 0x00, 0x08, 0xFF, 0xFF, 0xA0, 0x00, 0x00, 0x00, 0x00, 0x00, 0x5F, 0xFF, 0xFD, 0x10, 0x00, 0x00, 0x00, 0x00, 0x02, 0xEF, 0xFF,
  0xE2, 0x00, 0x00, 0x00, 0x00, 0x00, 0x1C, 0xFF, 0xFF, 0x95, 0x55, 0x55, 0x55, 0x55, 0x53, 0x4F, 0xFF, 0xFF, 0xFF, 0xFF, 0xFF, 0xFF, 0xFF, 0xFA,
  0x4F, 0xFF, 0xFF, 0xFF, 0xFF, 0xFF, 0xFF, 0xFF, 0xFA, 0x4F, 0xFF, 0xFF, 0xFF, 0xFF, 0xFF, 0xFF, 0xFF, 0xFA, 0x2F, 0xFF, 0xFF, 0xFA, 0x2F, 0xFF,
  0xFF, 0xFA, 0x2F, 0xFF, 0xFF, 0xFA, 0x2F, 0xFF, 0xF5, 0x53, 0x2F, 0xFF, 0xF0, 0x00, 0x2F, 0xFF, 0xF0, 0x00, 0x2F, 0xFF, 0xF0, 0x00, 0x2F, 0xFF,
  0xF0, 0x00, 0x2F, 0xFF, 0xF0, 0x00, 0x2F, 0xFF, 0xF0, 0x00, 0x2F, 0xFF, 0xF0, 0x00, 0x2F, 0xFF, 0xF0, 0x00, 0x2F, 0xFF, 0xF0, 0x00, 0x2F, 0xFF,
  0xF0, 0x00, 0x2F, 0xFF, 0xF0, 0x00, 0x2F, 0xFF, 0xF0, 0x00, 0x2F, 0xFF, 0xF0, 0x00, 0x2F, 0xFF, 0xF0, 0x00, 0x2F, 0xFF, 0xF0, 0x00, 0x2F, 0xFF,
  0xF0, 0x00, 0x2F, 0xFF, 0xF0, 0x00, 0x2F, 0xFF, 0xF0, 0x00, 0x2F, 0xFF, 0xF5, 0x53, 0x2F, 0xFF, 0xFF, 0xFA, 0x2F, 0xFF, 0xFF, 0xFA, 0x2F, 0xFF,
  0xFF, 0xFA, 0xCF, 0xFD, 0x00, 0x00, 0x00, 0x08, 0xFF, 0xF2, 0x00, 0x00, 0x00, 0x4F, 0xFF, 0x60, 0x00, 0x00, 0x00, 0xEF, 0xFA, 0x00, 0x00, 0x00,
  0x0B, 0xFF, 0xE0, 0x00, 0x00, 0x00, 0x7F, 0xFF, 0x30, 0x00, 0x00, 0x03, 0xFF, 0xF7, 0x00, 0x00, 0x00, 0x0D, 0xFF, 0xB0, 0x00, 0x00, 0x00, 0x9F,
  0xFF, 0x10, 0x00, 0x00, 0x05, 0xFF, 0xF4, 0x00, 0x00, 0x00, 0x1F, 0xFF, 0x80, 0x00, 0x00, 0x00, 0xCF, 0xFC, 0x00, 0x00, 0x00, 0x08, 0xFF, 0xF2,
  0x00, 0x00, 0x00, 0x4F, 0xFF, 0x60, 0x00, 0x00, 0x00, 0xEF, 0xFA, 0x00, 0x00, 0x00, 0x0B, 0xFF, 0xE0, 0x00, 0x00, 0x00, 0x7F, 0xFF, 0x30, 0x00,
  0x00, 0x03, 0xFF, 0xF7, 0x00, 0x00, 0x00, 0x0E, 0xFF, 0xB0, 0x00, 0x00, 0x00, 0xAF, 0xFF, 0x10, 0x00, 0x00, 0x06, 0xFF, 0xF4, 0x00, 0x00, 0x00,
  0x1F, 0xFF, 0x80, 0x00, 0x00, 0x00, 0xCF, 0xFC, 0x00, 0x00, 0x00, 0x08, 0xFF, 0xF1, 0x00, 0x00, 0x00, 0x4F, 0xFF, 0x50, 0x0F, 0xFF, 0xFF, 0xFC,
  0x0F, 0xFF, 0xFF, 0xFC, 0x0F, 0xFF, 0xFF, 0xFC, 0x05, 0x59, 0xFF, 0xFC, 0x00, 0x06, 0xFF, 0xFC, 0x00, 0x06, 0xFF, 0xFC, 0x00, 0x06, 0xFF, 0xFC,
  0x00, 0x06, 0xFF, 0xFC, 0x00, 0x06, 0xFF, 0xFC, 0x00, 0x06, 0xFF, 0xFC, 0x00, 0x06, 0xFF, 0xFC, 0x00, 0x06, 0xFF, 0xFC, 0x00, 0x06, 0xFF, 0xFC,
  0x00, 0x06, 0xFF, 0xFC, 0x00, 0x06, 0xFF, 0xFC, 0x00, 0x06, 0xFF, 0xFC, 0x00, 0x06, 0xFF, 0xFC, 0x00, 0x06, 0xFF, 0xFC, 0x00, 0x06, 0xFF, 0xFC,
  0x00, 0x06, 0xFF, 0xFC, 0x00, 0x06, 0xFF, 0xFC, 0x00, 0x06, 0xFF, 0xFC, 0x05, 0x59, 0xFF, 0xFC, 0x0F, 0xFF, 0xFF, 0xFC, 0x0F, 0xFF, 0xFF, 0xFC,
  0x0F, 0xFF, 0xFF, 0xFC, 0x00, 0x00, 0x4F, 0xFF, 0xA0, 0x00, 0x00, 0x00, 0x0B, 0xFF, 0xFF, 0x20, 0x00, 0x00, 0x03, 0xFF, 0xFF, 0xFA, 0x00, 0x00,
  0x00, 0xBF, 0xF6, 0xEF, 0xF2, 0x00, 0x00, 0x3F, 0xFD, 0x07, 0xFF, 0x90, 0x00, 0x0A, 0xFF, 0x70, 0x1E, 0xFF, 0x20, 0x02, 0xFF, 0xE1, 0x00, 0x9F,
  0xF8, 0x00, 0x9F, 0xF8, 0x00, 0x02, 0xFF, 0xE1, 0x2F, 0xFF, 0x20, 0x00, 0x0A, 0xFF, 0x80, 0x55, 0x55, 0x55, 0x55, 0x55, 0x55, 0x54, 0xFF, 0xFF,
  0xFF, 0xFF, 0xFF, 0xFF, 0xFC, 0xFF, 0xFF, 0xFF, 0xFF, 0xFF, 0xFF, 0xFC, 0xFF, 0xFF, 0xFF, 0xFF, 0xFF, 0xFF, 0xFC, 0x9F, 0xFF, 0x50, 0x00, 0xAF,
  0xFD, 0x10, 0x01, 0xCF, 0xF8, 0x00, 0x01, 0xDF, 0xF3, 0x00, 0x00, 0x5A, 0xDE, 0xFE, 0xB6, 0x00, 0x00, 0x01, 0xBF, 0xFF, 0xFF, 0xFF, 0xFD, 0x20,
  0x00, 0xBF, 0xFF, 0xFF, 0xFF, 0xFF, 0xFD, 0x00, 0x4F, 0xFF, 0xF9, 0x66, 0xBF, 0xFF, 0xF5, 0x08, 0xFF, 0xF8, 0x00, 0x00, 0xBF, 0xFF, 0x80, 0x00,
  0x00, 0x00, 0x00, 0x0B, 0xFF, 0xF8, 0x00, 0x00, 0x26, 0x89, 0xBE, 0xFF, 0xFF, 0x80, 0x05, 0xDF, 0xFF, 0xFF, 0xFF, 0xFF, 0xF8, 0x06, 0xFF, 0xFF,
  0xB7, 0x52, 0x8F, 0xFF, 0x80, 0xDF, 0xFF, 0x30, 0x00, 0x09, 0xFF, 0xF8, 0x1F, 0xFF, 0xF1, 0x00, 0x02, 0xEF, 0xFF, 0x80, 0xFF, 0xFF, 0xC6, 0x68,
  0xEF, 0xFF, 0xF8, 0x0B, 0xFF, 0xFF, 0xFF, 0xFF, 0xCF, 0xFF, 0x80, 0x3E, 0xFF, 0xFF, 0xFF, 0x98, 0xFF, 0xF8, 0x00, 0x18, 0xDF, 0xEC, 0x60, 0x8F,
  0xFF, 0x80, 0x8F, 0xFF, 0xA0, 0x00, 0x00, 0x00, 0x00, 0x00, 0x8F, 0xFF, 0xA0, 0x00, 0x00, 0x00, 0x00, 0x00, 0x8F, 0xFF, 0xA0, 0x00, 0x00, 0x00,
  0x00, 0x00, 0x8F, 0xFF, 0xA0, 0x00, 0x00, 0x00, 0x00, 0x00, 0x8F, 0xFF, 0xA0, 0x00, 0x00, 0x00, 0x00, 0x00, 0x8F, 0xFF, 0xA0, 0x00, 0x00, 0x00,
  0x00, 0x00, 0x8F, 0xFF, 0xA0, 0x6C, 0xEE, 0xC7, 0x10, 0x00, 0x8F, 0xFF, 0xA9, 0xFF, 0xFF, 0xFF, 0xD2, 0x00, 0x8F, 0xFF, 0xEF, 0xFF, 0xFF, 0xFF,
  0xFE, 0x10, 0x8F, 0xFF, 0xFF, 0xA6, 0x6B, 0xFF, 0xFF, 0x90, 0x8F, 0xFF, 0xF7, 0x00, 0x00, 0x9F, 0xFF, 0xE1, 0x8F, 0xFF, 0xD0, 0x00, 0x00, 0x1F,
  0xFF, 0xF4, 0x8F, 0xFF, 0x90, 0x00, 0x00, 0x0C, 0xFF, 0xF6, 0x8F, 0xFF, 0x70, 0x00, 0x00, 0x0B, 0xFF, 0xF7, 0x8F, 0xFF, 0x90, 0x00, 0x00, 0x0C,
  0xFF, 0xF6, 0x8F, 0xFF, 0xD0, 0x00, 0x00, 0x1F, 0xFF, 0xF5, 0x8F, 0xFF, 0xF7, 0x00, 0x00, 0x9F, 0xFF, 0xF1, 0x8F, 0xFF, 0xFF, 0xA6, 0x6B, 0xFF,
  0xFF, 0x90, 0x8F, 0xFF, 0xEF, 0xFF, 0xFF, 0xFF, 0xFE, 0x10, 0x8F, 0xFF, 0x9A, 0xFF, 0xFF, 0xFF, 0xD3, 0x00, 0x8F, 0xFF, 0x90, 0x6C, 0xEE, 0xC7,
  0x10, 0x00, 0x00, 0x00, 0x17, 0xCE, 0xFD, 0xB6, 0x00, 0x00, 0x00, 0x06, 0xEF, 0xFF, 0xFF, 0xFF, 0xC3, 0x00, 0x00, 0x6F, 0xFF, 0xFF, 0xFF, 0xFF,
  0xFE, 0x20, 0x02, 0xFF, 0xFF, 0xD7, 0x58, 0xEF, 0xFF, 0xA0, 0x09, 0xFF, 0xFD, 0x10, 0x00, 0x4F, 0xFF, 0xF1, 0x0E, 0xFF, 0xF6, 0x00, 0x00, 0x09,
  0xBB, 0xB3, 0x1F, 0xFF, 0xF2, 0x00, 0x00, 0x00, 0x00, 0x00, 0x2F, 0xFF, 0xF1, 0x00, 0x00, 0x00, 0x00, 0x00, 0x1F, 0xFF, 0xF2, 0x00, 0x00, 0x00,
  0x00, 0x00, 0x0E, 0xFF, 0xF6, 0x00, 0x00, 0x0A, 0xCC, 0xC3, 0x09, 0xFF, 0xFD, 0x10, 0x00, 0x4F, 0xFF, 0xF2, 0x03, 0xFF, 0xFF, 0xD7, 0x58, 0xEF,
  0xFF, 0xB0, 0x00, 0x6F, 0xFF, 0xFF, 0xFF, 0xFF, 0xFE, 0x20, 0x00, 0x06, 0xFF, 0xFF, 0xFF, 0xFF, 0xC3, 0x00, 0x00, 0x00, 0x27, 0xCE, 0xFD, 0xB6,
  0x00, 0x00, 0x00, 0x00, 0x00, 0x00, 0x00, 0x05, 0xFF, 0xFD, 0x00, 0x00, 0x00, 0x00, 0x00, 0x05, 0xFF, 0xFD, 0x00, 0x00, 0x00, 0x00, 0x00, 0x05,
  0xFF, 0xFD, 0x00, 0x00, 0x00, 0x00, 0x00, 0x05, 0xFF, 0xFD, 0x00, 0x00, 0x00, 0x00, 0x00, 0x05, 0xFF, 0xFD, 0x00, 0x00, 0x00, 0x00, 0x00, 0x05,
  0xFF, 0xFD, 0x00, 0x00, 0x5B, 0xDF, 0xD8, 0x15, 0xFF, 0xFD, 0x00, 0x1A, 0xFF, 0xFF, 0xFF, 0xD6, 0xFF, 0xFD, 0x00, 0xAF, 0xFF, 0xFF, 0xFF, 0xFE,
  0xFF, 0xFD, 0x04, 0xFF, 0xFF, 0xD7, 0x58, 0xEF, 0xFF, 0xFD, 0x0A, 0xFF, 0xFD, 0x10, 0x00, 0x2F, 0xFF, 0xFD, 0x0E, 0xFF, 0xF6, 0x00, 0x00, 0x08,
  0xFF, 0xFD, 0x1F, 0xFF, 0xF2, 0x00, 0x00, 0x04, 0xFF, 0xFD, 0x2F, 0xFF, 0xF1, 0x00, 0x00, 0x02, 0xFF, 0xFD, 0x1F, 0xFF, 0xF2, 0x00, 0x00, 0x04,
  0xFF, 0xFD, 0x0E, 0xFF, 0xF6, 0x00, 0x00, 0x08, 0xFF, 0xFD, 0x0A, 0xFF, 0xFD, 0x10, 0x00, 0x2E, 0xFF, 0xFD, 0x05, 0xFF, 0xFF, 0xD7, 0x58, 0xEF,
  0xFF, 0xFD, 0x00, 0xAF, 0xFF, 0xFF, 0xFF, 0xFE, 0xFF, 0xFD, 0x00, 0x1B, 0xFF, 0xFF, 0xFF, 0xD6, 0xFF, 0xFD, 0x00, 0x00, 0x5B, 0xEF, 0xD8, 0x14,
  0xFF, 0xFD, 0x00, 0x00, 0x27, 0xCE, 0xED, 0x93, 0x00, 0x00, 0x00, 0x05, 0xEF, 0xFF, 0xFF, 0xFF, 0x90, 0x00, 0x00, 0x6F, 0xFF, 0xFF, 0xFF, 0xFF,
  0xFB, 0x00, 0x02, 0xFF, 0xFF, 0xB7, 0x68, 0xEF, 0xFF, 0x60, 0x09, 0xFF, 0xF9, 0x00, 0x00, 0x2E, 0xFF, 0xD0, 0x0E, 0xFF, 0xF1, 0x00, 0x00, 0x09,
  0xFF, 0xF3, 0x1F, 0xFF, 0xFF, 0xFF, 0xFF, 0xFF, 0xFF, 0xF6, 0x2F, 0xFF, 0xFF, 0xFF, 0xFF, 0xFF, 0xFF, 0xF7, 0x1F, 0xFF, 0xFD, 0xDD, 0xDD, 0xDD,
  0xDD, 0xD7, 0x0E, 0xFF, 0xF1, 0x00, 0x00, 0x00, 0x00, 0x00, 0x09, 0xFF, 0xF8, 0x00, 0x00, 0x09, 0xCC, 0xC3, 0x03, 0xFF, 0xFF, 0xB7, 0x57, 0xCF,
  0xFF, 0xD0, 0x00, 0x6F, 0xFF, 0xFF, 0xFF, 0xFF, 0xFF, 0x30, 0x00, 0x06, 0xFF, 0xFF, 0xFF, 0xFF, 0xD3, 0x00, 0x00, 0x00, 0x28, 0xCE, 0xFD, 0xB6,
  0x00, 0x00, 0x00, 0x00, 0x3A, 0xDF, 0xFF, 0x30, 0x00, 0x4F, 0xFF, 0xFF, 0xF3, 0x00, 0x0C, 0xFF, 0xFF, 0xFF, 0x30, 0x00, 0xFF, 0xFF, 0xB5, 0x51,
  0x00, 0x1F, 0xFF, 0xF3, 0x00, 0x00, 0x01, 0xFF, 0xFF, 0x20, 0x00, 0xBF, 0xFF, 0xFF, 0xFF, 0xFF, 0x3B, 0xFF, 0xFF, 0xFF, 0xFF, 0xF3, 0xBF, 0xFF,
  0xFF, 0xFF, 0xFF, 0x34, 0x55, 0xFF, 0xFF, 0x65, 0x51, 0x00, 0x1F, 0xFF, 0xF2, 0x00, 0x00, 0x01, 0xFF, 0xFF, 0x20, 0x00, 0x00, 0x1F, 0xFF, 0xF2,
  0x00, 0x00, 0x01, 0xFF, 0xFF, 0x20, 0x00, 0x00, 0x1F, 0xFF, 0xF2, 0x00, 0x00, 0x01, 0xFF, 0xFF, 0x20, 0x00, 0x00, 0x1F, 0xFF, 0xF2, 0x00, 0x00,
  0x01, 0xFF, 0xFF, 0x20, 0x00, 0x00, 0x1F, 0xFF, 0xF2, 0x00, 0x00, 0x01, 0xFF, 0xFF, 0x20, 0x00, 0x00, 0x1F, 0xFF, 0xF2, 0x00, 0x00, 0x00, 0x00,
  0x5B, 0xDE, 0xD8, 0x14, 0xFF, 0xFD, 0x00, 0x0A, 0xFF, 0xFF, 0xFF, 0xD6, 0xFF, 0xFD, 0x00, 0x9F, 0xFF, 0xFF, 0xFF, 0xFE, 0xFF, 0xFD, 0x04, 0xFF,
  0xFF, 0xD7, 0x58, 0xEF, 0xFF, 0xFD, 0x0A, 0xFF, 0xFD, 0x10, 0x00, 0x2F, 0xFF, 0xFD, 0x0E, 0xFF, 0xF6, 0x00, 0x00, 0x08, 0xFF, 0xFD, 0x1F, 0xFF,
  0xF2, 0x00, 0x00, 0x04, 0xFF, 0xFD, 0x2F, 0xFF, 0xF1, 0x00, 0x00, 0x02, 0xFF, 0xFD, 0x1F, 0xFF, 0xF2, 0x00, 0x00, 0x04, 0xFF, 0xFD, 0x0E, 0xFF,
  0xF6, 0x00, 0x00, 0x08, 0xFF, 0xFD, 0x0A, 0xFF, 0xFD, 0x10, 0x00, 0x2E, 0xFF, 0xFD, 0x04, 0xFF, 0xFF, 0xD7, 0x58, 0xEF, 0xFF, 0xFD, 0x00, 0xAF,
  0xFF, 0xFF, 0xFF, 0xFE, 0xFF, 0xFD, 0x00, 0x1B, 0xFF, 0xFF, 0xFF, 0xD6, 0xFF, 0xFD, 0x00, 0x00, 0x5B, 0xEF, 0xD8, 0x14, 0xFF, 0xFC, 0x00, 0x00,
  0x00, 0x00, 0x00, 0x06, 0xFF, 0xFB, 0x04, 0xDD, 0xDB, 0x00, 0x00, 0x0C, 0xFF, 0xF8, 0x01, 0xEF, 0xFF, 0xC7, 0x57, 0xDF, 0xFF, 0xF3, 0x00, 0x7F,
  0xFF, 0xFF, 0xFF, 0xFF, 0xFF, 0x90, 0x00, 0x08, 0xFF, 0xFF, 0xFF, 0xFF, 0xF9, 0x00, 0x00, 0x00, 0x39, 0xCE, 0xFE, 0xC8, 0x30, 0x00, 0x8F, 0xFF,
  0xA0, 0x00, 0x00, 0x00, 0x00, 0x08, 0xFF, 0xFA, 0x00, 0x00, 0x00, 0x00, 0x00, 0x8F, 0xFF, 0xA0, 0x00, 0x00, 0x00, 0x00, 0x08, 0xFF, 0xFA, 0x00,
  0x00, 0x00, 0x00, 0x00, 0x8F, 0xFF, 0xA0, 0x00, 0x00, 0x00, 0x00, 0x08, 0xFF, 0xFA, 0x00, 0x00, 0x00, 0x00, 0x00, 0x8F, 0xFF, 0xA0, 0x5B, 0xEF,
  0xD8, 0x10, 0x08, 0xFF, 0xFA, 0x9F, 0xFF, 0xFF, 0xFD, 0x20, 0x8F, 0xFF, 0xEF, 0xFF, 0xFF, 0xFF, 0xFB, 0x08, 0xFF, 0xFF, 0xF8, 0x68, 0xEF, 0xFF,
  0xF2, 0x8F, 0xFF, 0xF4, 0x00, 0x03, 0xFF, 0xFF, 0x68, 0xFF, 0xFC, 0x00, 0x00, 0x0C, 0xFF, 0xF7, 0x8F, 0xFF, 0xA0, 0x00, 0x00, 0xAF, 0xFF, 0x78,
  0xFF, 0xFA, 0x00, 0x00, 0x0A, 0xFF, 0xF7, 0x8F, 0xFF, 0xA0, 0x00, 0x00, 0xAF, 0xFF, 0x78, 0xFF, 0xFA, 0x00, 0x00, 0x0A, 0xFF, 0xF7, 0x8F, 0xFF,
  0xA0, 0x00, 0x00, 0xAF, 0xFF, 0x78, 0xFF, 0xFA, 0x00, 0x00, 0x0A, 0xFF, 0xF7, 0x8F, 0xFF, 0xA0, 0x00, 0x00, 0xAF, 0xFF, 0x78, 0xFF, 0xFA, 0x00,
  0x00, 0x0A, 0xFF, 0xF7, 0x8F, 0xFF, 0xA0, 0x00, 0x00, 0xAF, 0xFF, 0x70, 0x2B, 0xEC, 0x3B, 0xFF, 0xFC, 0xBF, 0xFF, 0xC2, 0xCE, 0xC3, 0x00, 0x00,
  0x00, 0x00, 0x00, 0x8F, 0xFF, 0xA8, 0xFF, 0xFA, 0x8F, 0xFF, 0xA8, 0xFF, 0xFA, 0x8F, 0xFF, 0xA8, 0xFF, 0xFA, 0x8F, 0xFF, 0xA8, 0xFF, 0xFA, 0x8F,
  0xFF, 0xA8, 0xFF, 0xFA, 0x8F, 0xFF, 0xA8, 0xFF, 0xFA, 0x8F, 0xFF, 0xA8, 0xFF, 0xFA, 0x8F, 0xFF, 0xA0, 0x00, 0x02, 0xBE, 0xC3, 0x00, 0x0A, 0xFF,
  0xFC, 0x00, 0x0A, 0xFF, 0xFC, 0x00, 0x02, 0xBE, 0xC3, 0x00, 0x00, 0x00, 0x00, 0x00, 0x00, 0x00, 0x00, 0x00, 0x08, 0xFF, 0xFA, 0x00, 0x08, 0xFF,
  0xFA, 0x00, 0x08, 0xFF, 0xFA, 0x00, 0x08, 0xFF, 0xFA, 0x00, 0x08, 0xFF, 0xFA, 0x00, 0x08, 0xFF, 0xFA, 0x00, 0x08, 0xFF, 0xFA, 0x00, 0x08, 0xFF,
  0xFA, 0x00, 0x08, 0xFF, 0xFA, 0x00, 0x08, 0xFF, 0xFA, 0x00, 0x08, 0xFF, 0xFA, 0x00, 0x08, 0xFF, 0xFA, 0x00, 0x08, 0xFF, 0xFA, 0x00, 0x08, 0xFF,
  0xFA, 0x00, 0x08, 0xFF, 0xFA, 0x00, 0x08, 0xFF, 0xFA, 0x00, 0x09, 0xFF, 0xFA, 0x05, 0x7E, 0xFF, 0xF8, 0x0F, 0xFF, 0xFF, 0xF3, 0x0F, 0xFF, 0xFF,
  0x90, 0x0F, 0xFE, 0xB6, 0x00, 0x8F, 0xFF, 0xA0, 0x00, 0x00, 0x00, 0x00, 0x00, 0x8F, 0xFF, 0xA0, 0x00, 0x00, 0x00, 0x00, 0x00, 0x8F, 0xFF, 0xA0,
  0x00, 0x00, 0x00, 0x00, 0x00, 0x8F, 0xFF, 0xA0, 0x00, 0x00, 0x00, 0x00, 0x00, 0x8F, 0xFF, 0xA0, 0x00, 0x00, 0x00, 0x00, 0x00, 0x8F, 0xFF, 0xA0,
  0x00, 0x00, 0x00, 0x00, 0x00, 0x8F, 0xFF, 0xA0, 0x00, 0x08, 0xFF, 0xFF, 0x60, 0x8F, 0xFF, 0xA0, 0x00, 0x6F, 0xFF, 0xF7, 0x00, 0x8F, 0xFF, 0xA0,
  0x05, 0xFF, 0xFF, 0x90, 0x00, 0x8F, 0xFF, 0xA0, 0x4F, 0xFF, 0xFA, 0x00, 0x00, 0x8F, 0xFF, 0xA3, 0xEF, 0xFF, 0xC1, 0x00, 0x00, 0x8F, 0xFF, 0xCE,
  0xFF, 0xFD, 0x10, 0x00, 0x00, 0x8F, 0xFF, 0xFF, 0xFF, 0xF3, 0x00, 0x00, 0x00, 0x8F, 0xFF, 0xFF, 0xFF, 0xFA, 0x00, 0x00, 0x00, 0x8F, 0xFF, 0xFF,
  0xFF, 0xFF, 0x60, 0x00, 0x00, 0x8F, 0xFF, 0xF5, 0xBF, 0xFF, 0xE2, 0x00, 0x00, 0x8F, 0xFF, 0xA0, 0x1E, 0xFF, 0xFC, 0x00, 0x00, 0x8F, 0xFF, 0xA0,
  0x04, 0xFF, 0xFF, 0x90, 0x00, 0x8F, 0xFF, 0xA0, 0x00, 0x8F, 0xFF, 0xF5, 0x00, 0x8F, 0xFF, 0xA0, 0x00, 0x0C, 0xFF, 0xFE, 0x20, 0x8F, 0xFF, 0xA0,
  0x00, 0x02, 0xEF, 0xFF, 0xB0, 0x8F, 0xFF, 0xA8, 0xFF, 0xFA, 0x8F, 0xFF, 0xA8, 0xFF, 0xFA, 0x8F, 0xFF, 0xA8, 0xFF, 0xFA, 0x8F, 0xFF, 0xA8, 0xFF,
  0xFA, 0x8F, 0xFF, 0xA8, 0xFF, 0xFA, 0x8F, 0xFF, 0xA8, 0xFF, 0xFA, 0x8F, 0xFF, 0xA8, 0xFF, 0xFA, 0x8F, 0xFF, 0xA8, 0xFF, 0xFA, 0x8F, 0xFF, 0xA8,
  0xFF, 0xFA, 0x8F, 0xFF, 0xA8, 0xFF, 0xFA, 0x8F, 0xFF, 0xA0, 0x8F, 0xFF, 0x80, 0x5B, 0xEE, 0xB5, 0x00, 0x06, 0xBE, 0xFC, 0x70, 0x00, 0x8F, 0xFF,
  0x88, 0xFF, 0xFF, 0xFF, 0x80, 0xAF, 0xFF, 0xFF, 0xFB, 0x00, 0x8F, 0xFF, 0xBF, 0xFF, 0xFF, 0xFF, 0xFA, 0xFF, 0xFF, 0xFF, 0xFF, 0x80, 0x8F, 0xFF,
  0xFE, 0x86, 0xAF, 0xFF, 0xFF, 0xE8, 0x69, 0xFF, 0xFF, 0xE0, 0x8F, 0xFF, 0xF3, 0x00, 0x09, 0xFF, 0xFF, 0x40, 0x00, 0x6F, 0xFF, 0xF1, 0x8F, 0xFF,
  0xC0, 0x00, 0x04, 0xFF, 0xFE, 0x00, 0x00, 0x1F, 0xFF, 0xF2, 0x8F, 0xFF, 0xA0, 0x00, 0x03, 0xFF, 0xFC, 0x00, 0x00, 0x0F, 0xFF, 0xF2, 0x8F, 0xFF,
  0xA0, 0x00, 0x03, 0xFF, 0xFC, 0x00, 0x00, 0x0F, 0xFF, 0xF2, 0x8F, 0xFF, 0xA0, 0x00, 0x03, 0xFF, 0xFC, 0x00, 0x00, 0x0F, 0xFF, 0xF2, 0x8F, 0xFF,
  0xA0, 0x00, 0x03, 0xFF, 0xFC, 0x00, 0x00, 0x0F, 0xFF, 0xF2, 0x8F, 0xFF, 0xA0, 0x00, 0x03, 0xFF, 0xFC, 0x00, 0x00, 0x0F, 0xFF, 0xF2, 0x8F, 0xFF,
  0xA0, 0x00, 0x03, 0xFF, 0xFC, 0x00, 0x00, 0x0F, 0xFF, 0xF2, 0x8F, 0xFF, 0xA0, 0x00, 0x03, 0xFF, 0xFC, 0x00, 0x00, 0x0F, 0xFF, 0xF2, 0x8F, 0xFF,
  0xA0, 0x00, 0x03, 0xFF, 0xFC, 0x00, 0x00, 0x0F, 0xFF, 0xF2, 0x8F, 0xFF, 0xA0, 0x00, 0x03, 0xFF, 0xFC, 0x00, 0x00, 0x0F, 0xFF, 0xF2, 0x8F, 0xFF,
  0x90, 0x5B, 0xEF, 0xD8, 0x10, 0x08, 0xFF, 0xF9, 0x9F, 0xFF, 0xFF, 0xFD, 0x20, 0x8F, 0xFF, 0xEF, 0xFF, 0xFF, 0xFF, 0xFB, 0x08, 0xFF, 0xFF, 0xF8,
  0x68, 0xEF, 0xFF, 0xF2, 0x8F, 0xFF, 0xF4, 0x00, 0x03, 0xFF, 0xFF, 0x68, 0xFF, 0xFC, 0x00, 0x00, 0x0C, 0xFF, 0xF7, 0x8F, 0xFF, 0xA0, 0x00, 0x00,
  0xAF, 0xFF, 0x78, 0xFF, 0xFA, 0x00, 0x00, 0x0A, 0xFF, 0xF7, 0x8F, 0xFF, 0xA0, 0x00, 0x00, 0xAF, 0xFF, 0x78, 0xFF, 0xFA, 0x00, 0x00, 0x0A, 0xFF,
  0xF7, 0x8F, 0xFF, 0xA0, 0x00, 0x00, 0xAF, 0xFF, 0x78, 0xFF, 0xFA, 0x00, 0x00, 0x0A, 0xFF, 0xF7, 0x8F, 0xFF, 0xA0, 0x00, 0x00, 0xAF, 0xFF, 0x78,
  0xFF, 0xFA, 0x00, 0x00, 0x0A, 0xFF, 0xF7, 0x8F, 0xFF, 0xA0, 0x00, 0x00, 0xAF, 0xFF, 0x70, 0x00, 0x00, 0x17, 0xCD, 0xFD, 0xB6, 0x10, 0x00, 0x00,
  0x05, 0xEF, 0xFF, 0xFF, 0xFF, 0xD4, 0x00, 0x00, 0x6F, 0xFF, 0xFF, 0xFF, 0xFF, 0xFF, 0x40, 0x02, 0xFF, 0xFF, 0xD7, 0x58, 0xEF, 0xFF, 0xE1, 0x09,
  0xFF, 0xFD, 0x10, 0x00, 0x3F, 0xFF, 0xF6, 0x0E, 0xFF, 0xF6, 0x00, 0x00, 0x09, 0xFF, 0xFB, 0x1F, 0xFF, 0xF2, 0x00, 0x00, 0x05, 0xFF, 0xFE, 0x2F,
  0xFF, 0xF1, 0x00, 0x00, 0x03, 0xFF, 0xFF, 0x1F, 0xFF, 0xF2, 0x00, 0x00, 0x05, 0xFF, 0xFE, 0x0E, 0xFF, 0xF6, 0x00, 0x00, 0x08, 0xFF, 0xFC, 0x09,
  0xFF, 0xFD, 0x10, 0x00, 0x2F, 0xFF, 0xF6, 0x03, 0xFF, 0xFF, 0xD7, 0x58, 0xEF, 0xFF, 0xE1, 0x00, 0x6F, 0xFF, 0xFF, 0xFF, 0xFF, 0xFF, 0x40, 0x00,
  0x06, 0xEF, 0xFF, 0xFF, 0xFF, 0xE4, 0x00, 0x00, 0x00, 0x17, 0xCE, 0xFD, 0xB6, 0x10, 0x00, 0x8F, 0xFF, 0x90, 0x6C, 0xEE, 0xC7, 0x10, 0x00, 0x8F,
  0xFF, 0x9B, 0xFF, 0xFF, 0xFF, 0xD2, 0x00, 0x8F, 0xFF, 0xFF, 0xFF, 0xFF, 0xFF, 0xFE, 0x10, 0x8F, 0xFF, 0xFF, 0xA6, 0x6B, 0xFF, 0xFF, 0x90, 0x8F,
  0xFF, 0xF7, 0x00, 0x00, 0x9F, 0xFF, 0xE1, 0x8F, 0xFF, 0xD0, 0x00, 0x00, 0x1F, 0xFF, 0xF4, 0x8F, 0xFF, 0x90, 0x00, 0x00, 0x0C, 0xFF, 0xF6, 0x8F,
  0xFF, 0x70, 0x00, 0x00, 0x0B, 0xFF, 0xF7, 0x8F, 0xFF, 0x90, 0x00, 0x00, 0x0C, 0xFF, 0xF6, 0x8F, 0xFF, 0xD0, 0x00, 0x00, 0x1F, 0xFF, 0xF5, 0x8F,
  0xFF, 0xF7, 0x00, 0x00, 0x9F, 0xFF, 0xF1, 0x8F, 0xFF, 0xFF, 0xA6, 0x6B, 0xFF, 0xFF, 0x90, 0x8F, 0xFF, 0xEF, 0xFF, 0xFF, 0xFF, 0xFE, 0x10, 0x8F,
  0xFF, 0xA9, 0xFF, 0xFF, 0xFF, 0xD3, 0x00, 0x8F, 0xFF, 0xA0, 0x6C, 0xEE, 0xC7, 0x10, 0x00, 0x8F, 0xFF, 0xA0, 0x00, 0x00, 0x00, 0x00, 0x00, 0x8F,
  0xFF, 0xA0, 0x00, 0x00, 0x00, 0x00, 0x00, 0x8F, 0xFF, 0xA0, 0x00, 0x00, 0x00, 0x00, 0x00, 0x8F, 0xFF, 0xA0, 0x00, 0x00, 0x00, 0x00, 0x00, 0x8F,
  0xFF, 0xA0, 0x00, 0x00, 0x00, 0x00, 0x00, 0x8F, 0xFF, 0xA0, 0x00, 0x00, 0x00, 0x00, 0x00, 0x00, 0x00, 0x5B, 0xDF, 0xD8, 0x14, 0xFF, 0xFD, 0x00,
  0x1A, 0xFF, 0xFF, 0xFF, 0xE6, 0xFF, 0xFD, 0x00, 0xAF, 0xFF, 0xFF, 0xFF, 0xFF, 0xFF, 0xFD, 0x04, 0xFF, 0xFF, 0xD7, 0x58, 0xEF, 0xFF, 0xFD, 0x0A,
  0xFF, 0xFD, 0x10, 0x00, 0x2F, 0xFF, 0xFD, 0x0E, 0xFF, 0xF6, 0x00, 0x00, 0x08, 0xFF, 0xFD, 0x1F, 0xFF, 0xF2, 0x00, 0x00, 0x04, 0xFF, 0xFD, 0x2F,
  0xFF, 0xF1, 0x00, 0x00, 0x02, 0xFF, 0xFD, 0x1F, 0xFF, 0xF2, 0x00, 0x00, 0x04, 0xFF, 0xFD, 0x0E, 0xFF, 0xF6, 0x00, 0x00, 0x08, 0xFF, 0xFD, 0x0A,
  0xFF, 0xFD, 0x10, 0x00, 0x2E, 0xFF, 0xFD, 0x05, 0xFF, 0xFF, 0xD7, 0x58, 0xEF, 0xFF, 0xFD, 0x00, 0xAF, 0xFF, 0xFF, 0xFF, 0xFE, 0xFF, 0xFD, 0x00,
  0x1B, 0xFF, 0xFF, 0xFF, 0xD6, 0xFF, 0xFD, 0x00, 0x00, 0x5B, 0xEF, 0xD8, 0x15, 0xFF, 0xFD, 0x00, 0x00, 0x00, 0x00, 0x00, 0x05, 0xFF, 0xFD, 0x00,
  0x00, 0x00, 0x00, 0x00, 0x05, 0xFF, 0xFD, 0x00, 0x00, 0x00, 0x00, 0x00, 0x05, 0xFF, 0xFD, 0x00, 0x00, 0x00, 0x00, 0x00, 0x05, 0xFF, 0xFD, 0x00,
  0x00, 0x00, 0x00, 0x00, 0x05, 0xFF, 0xFD, 0x00, 0x00, 0x00, 0x00, 0x00, 0x05, 0xFF, 0xFD, 0x8F, 0xFF, 0x82, 0xAE, 0xF6, 0x8F, 0xFF, 0x8E, 0xFF,
  0xF6, 0x8F, 0xFF, 0xEF, 0xFF, 0xF6, 0x8F, 0xFF, 0xFF, 0x95, 0x52, 0x8F, 0xFF, 0xF5, 0x00, 0x00, 0x8F, 0xFF, 0xD0, 0x00, 0x00, 0x8F, 0xFF, 0xB0,
  0x00, 0x00, 0x8F, 0xFF, 0xA0, 0x00, 0x00, 0x8F, 0xFF, 0xA0, 0x00, 0x00, 0x8F, 0xFF, 0xA0, 0x00, 0x00, 0x8F, 0xFF, 0xA0, 0x00, 0x00, 0x8F, 0xFF,
  0xA0, 0x00, 0x00, 0x8F, 0xFF, 0xA0, 0x00, 0x00, 0x8F, 0xFF, 0xA0, 0x00, 0x00, 0x8F, 0xFF, 0xA0, 0x00, 0x00, 0x00, 0x03, 0x9C, 0xEF, 0xEC, 0x71,
  0x00, 0x00, 0x08, 0xFF, 0xFF, 0xFF, 0xFF, 0xE4, 0x00, 0x06, 0xFF, 0xFF, 0xFF, 0xFF, 0xFF, 0xF2, 0x00, 0xCF, 0xFF, 0xE8, 0x57, 0xEF, 0xFF, 0xA0,
  0x0D, 0xFF, 0xF6, 0x00, 0x02, 0xFF, 0xFD, 0x00, 0xBF, 0xFF, 0x91, 0x00, 0x02, 0x22, 0x20, 0x03, 0xFF, 0xFF, 0xEB, 0x96, 0x30, 0x00, 0x00, 0x03,
  0xBF, 0xFF, 0xFF, 0xFF, 0xE7, 0x00, 0x00, 0x00, 0x25, 0x8B, 0xEF, 0xFF, 0xFA, 0x00, 0x22, 0x22, 0x00, 0x00, 0x5F, 0xFF, 0xF2, 0x2F, 0xFF, 0xF2,
  0x00, 0x01, 0xEF, 0xFF, 0x40, 0xCF, 0xFF, 0xE7, 0x56, 0xCF, 0xFF, 0xF2, 0x04, 0xFF, 0xFF, 0xFF, 0xFF, 0xFF, 0xFA, 0x00, 0x05, 0xEF, 0xFF, 0xFF,
  0xFF, 0xFA, 0x10, 0x00, 0x01, 0x7B, 0xEF, 0xED, 0x94, 0x00, 0x00, 0x00, 0x18, 0x88, 0x80, 0x00, 0x00, 0x03, 0xFF, 0xFF, 0x00, 0x00, 0x00, 0x3F,
  0xFF, 0xF0, 0x00, 0x00, 0x03, 0xFF, 0xFF, 0x00, 0x00, 0xBF, 0xFF, 0xFF, 0xFF, 0xFF, 0x1B, 0xFF, 0xFF, 0xFF, 0xFF, 0xF1, 0xBF, 0xFF, 0xFF, 0xFF,
  0xFF, 0x14, 0x57, 0xFF, 0xFF, 0x55, 0x50, 0x00, 0x3F, 0xFF, 0xF0, 0x00, 0x00, 0x03, 0xFF, 0xFF, 0x00, 0x00, 0x00, 0x3F, 0xFF, 0xF0, 0x00, 0x00,
  0x03, 0xFF, 0xFF, 0x00, 0x00, 0x00, 0x3F, 0xFF, 0xF0, 0x00, 0x00, 0x03, 0xFF, 0xFF, 0x00, 0x00, 0x00, 0x3F, 0xFF, 0xF1, 0x00, 0x00, 0x02, 0xFF,
  0xFF, 0x95, 0x50, 0x00, 0x0E, 0xFF, 0xFF, 0xFF, 0x10, 0x00, 0x7F, 0xFF, 0xFF, 0xF1, 0x00, 0x00, 0x5B, 0xEF, 0xFF, 0x10, 0x8F, 0xFF, 0xA0, 0x00,
  0x00, 0xAF, 0xFF, 0x78, 0xFF, 0xFA, 0x00, 0x00, 0x0A, 0xFF, 0xF7, 0x8F, 0xFF, 0xA0, 0x00, 0x00, 0xAF, 0xFF, 0x78, 0xFF, 0xFA, 0x00, 0x00, 0x0A,
  0xFF, 0xF7, 0x8F, 0xFF, 0xA0, 0x00, 0x00, 0xAF, 0xFF, 0x78, 0xFF, 0xFA, 0x00, 0x00, 0x0A, 0xFF, 0xF7, 0x8F, 0xFF, 0xA0, 0x00, 0x00, 0xAF, 0xFF,
  0x78, 0xFF, 0xFA, 0x00, 0x00, 0x0A, 0xFF, 0xF7, 0x8F, 0xFF, 0xA0, 0x00, 0x00, 0xBF, 0xFF, 0x78, 0xFF, 0xFC, 0x00, 0x00, 0x0D, 0xFF, 0xF7, 0x6F,
  0xFF, 0xF2, 0x00, 0x04, 0xFF, 0xFF, 0x73, 0xFF, 0xFF, 0xE7, 0x68, 0xFF, 0xFF, 0xF7, 0x0C, 0xFF, 0xFF, 0xFF, 0xFF, 0xEF, 0xFF, 0x70, 0x2E, 0xFF,
  0xFF, 0xFF, 0x99, 0xFF, 0xF7, 0x00, 0x19, 0xDF, 0xEB, 0x50, 0x9F, 0xFF, 0x70, 0xAF, 0xFF, 0xB0, 0x00, 0x00, 0x09, 0xFF, 0xFB, 0x4F, 0xFF, 0xF1,
  0x00, 0x00, 0x0E, 0xFF, 0xF5, 0x0D, 0xFF, 0xF6, 0x00, 0x00, 0x4F, 0xFF, 0xE1, 0x08, 0xFF, 0xFB, 0x00, 0x00, 0x9F, 0xFF, 0x90, 0x03, 0xFF, 0xFF,
  0x10, 0x00, 0xEF, 0xFF, 0x40, 0x00, 0xCF, 0xFF, 0x60, 0x04, 0xFF, 0xFD, 0x00, 0x00, 0x7F, 0xFF, 0xB0, 0x08, 0xFF, 0xF7, 0x00, 0x00, 0x1F, 0xFF,
  0xF1, 0x0D, 0xFF, 0xF2, 0x00, 0x00, 0x0A, 0xFF, 0xF5, 0x3F, 0xFF, 0xB0, 0x00, 0x00, 0x05, 0xFF, 0xFA, 0x7F, 0xFF, 0x60, 0x00, 0x00, 0x00, 0xEF,
  0xFE, 0xCF, 0xFE, 0x10, 0x00, 0x00, 0x00, 0x9F, 0xFF, 0xFF, 0xFA, 0x00, 0x00, 0x00, 0x00, 0x3F, 0xFF, 0xFF, 0xF4, 0x00, 0x00, 0x00, 0x00, 0x0D,
  0xFF, 0xFF, 0xD0, 0x00, 0x00, 0x00, 0x00, 0x07, 0xFF, 0xFF, 0x80, 0x00, 0x00, 0xAF, 0xFF, 0xA0, 0x00, 0x02, 0xFF, 0xFD, 0x00, 0x00, 0x1F, 0xFF,
  0xF6, 0x6F, 0xFF, 0xE0, 0x00, 0x06, 0xFF, 0xFF, 0x20, 0x00, 0x4F, 0xFF, 0xF2, 0x1F, 0xFF, 0xF3, 0x00, 0x0B, 0xFF, 0xFF, 0x60, 0x00, 0x8F, 0xFF,
  0xC0, 0x0B, 0xFF, 0xF7, 0x00, 0x0E, 0xFF, 0xFF, 0xA0, 0x00, 0xCF, 0xFF, 0x70, 0x07, 0xFF, 0xFB, 0x00, 0x4F, 0xFF, 0xFF, 0xE0, 0x01, 0xFF, 0xFF,
  0x30, 0x02, 0xFF, 0xFE, 0x00, 0x8F, 0xFC, 0xFF, 0xF3, 0x04, 0xFF, 0xFD, 0x00, 0x00, 0xDF, 0xFF, 0x30, 0xCF, 0xF8, 0xCF, 0xF7, 0x08, 0xFF, 0xF8,
  0x00, 0x00, 0x8F, 0xFF, 0x71, 0xFF, 0xF4, 0x8F, 0xFB, 0x0B, 0xFF, 0xF4, 0x00, 0x00, 0x3F, 0xFF, 0xA4, 0xFF, 0xE0, 0x4F, 0xFE, 0x0E, 0xFF, 0xE0,
  0x00, 0x00, 0x0E, 0xFF, 0xD8, 0xFF, 0xA0, 0x0E, 0xFF, 0x6F, 0xFF, 0xA0, 0x00, 0x00, 0x09, 0xFF, 0xFD, 0xFF, 0x60, 0x0A, 0xFF, 0xDF, 0xFF, 0x50,
  0x00, 0x00, 0x05, 0xFF, 0xFF, 0xFF, 0x10, 0x06, 0xFF, 0xFF, 0xFF, 0x10, 0x00, 0x00, 0x01, 0xEF, 0xFF, 0xFC, 0x00, 0x01, 0xFF, 0xFF, 0xFB, 0x00,
  0x00, 0x00, 0x00, 0xAF, 0xFF, 0xF8, 0x00, 0x00, 0xCF, 0xFF, 0xF6, 0x00, 0x00, 0x00, 0x00, 0x6F, 0xFF, 0xF3, 0x00, 0x00, 0x8F, 0xFF, 0xF2, 0x00,
  0x00, 0x2F, 0xFF, 0xF6, 0x00, 0x00, 0xAF, 0xFF, 0xC0, 0x07, 0xFF, 0xFE, 0x10, 0x04, 0xFF, 0xFF, 0x20, 0x00, 0xCF, 0xFF, 0x90, 0x0D, 0xFF, 0xF7,
  0x00, 0x00, 0x2E, 0xFF, 0xF3, 0x7F, 0xFF, 0xB0, 0x00, 0x00, 0x07, 0xFF, 0xFC, 0xEF, 0xFE, 0x20, 0x00, 0x00, 0x00, 0xBF, 0xFF, 0xFF, 0xF5, 0x00,
  0x00, 0x00, 0x00, 0x2E, 0xFF, 0xFF, 0xA0, 0x00, 0x00, 0x00, 0x00, 0x0A, 0xFF, 0xFF, 0x50, 0x00, 0x00, 0x00, 0x00, 0x4F, 0xFF, 0xFF, 0xD1, 0x00,
  0x00, 0x00, 0x01, 0xDF, 0xFF, 0xFF, 0xFA, 0x00, 0x00, 0x00, 0x0A, 0xFF, 0xFA, 0xEF, 0xFF, 0x50, 0x00, 0x00, 0x6F, 0xFF, 0xE1, 0x6F, 0xFF, 0xE1,
  0x00, 0x02, 0xEF, 0xFF, 0x60, 0x0C, 0xFF, 0xFA, 0x00, 0x0B, 0xFF, 0xFB, 0x00, 0x03, 0xFF, 0xFF, 0x60, 0x7F, 0xFF, 0xE2, 0x00, 0x00, 0x8F, 0xFF,
  0xE2, 0xAF, 0xFF, 0xB0, 0x00, 0x00, 0x09, 0xFF, 0xFB, 0x4F, 0xFF, 0xF1, 0x00, 0x00, 0x0E, 0xFF, 0xF5, 0x0D, 0xFF, 0xF6, 0x00, 0x00, 0x4F, 0xFF,
  0xE0, 0x07, 0xFF, 0xFB, 0x00, 0x00, 0x9F, 0xFF, 0x90, 0x02, 0xFF, 0xFF, 0x10, 0x00, 0xEF, 0xFF, 0x30, 0x00, 0xBF, 0xFF, 0x60, 0x04, 0xFF, 0xFC,
  0x00, 0x00, 0x5F, 0xFF, 0xB0, 0x09, 0xFF, 0xF7, 0x00, 0x00, 0x0E, 0xFF, 0xF1, 0x0E, 0xFF, 0xF1, 0x00, 0x00, 0x09, 0xFF, 0xF5, 0x4F, 0xFF, 0xA0,
  0x00, 0x00, 0x03, 0xFF, 0xFA, 0x9F, 0xFF, 0x40, 0x00, 0x00, 0x00, 0xCF, 0xFE, 0xDF, 0xFE, 0x00, 0x00, 0x00, 0x00, 0x6F, 0xFF, 0xFF, 0xF8, 0x00,
  0x00, 0x00, 0x00, 0x1F, 0xFF, 0xFF, 0xF2, 0x00, 0x00, 0x00, 0x00, 0x0A, 0xFF, 0xFF, 0xC0, 0x00, 0x00, 0x00, 0x00, 0x04, 0xFF, 0xFF, 0x60, 0x00,
  0x00, 0x00, 0x00, 0x04, 0xFF, 0xFE, 0x10, 0x00, 0x00, 0x00, 0x00, 0x0A, 0xFF, 0xFA, 0x00, 0x00, 0x00, 0x01, 0x55, 0x8F, 0xFF, 0xF4, 0x00, 0x00,
  0x00, 0x02, 0xFF, 0xFF, 0xFF, 0xC0, 0x00, 0x00, 0x00, 0x02, 0xFF, 0xFF, 0xFE, 0x20, 0x00, 0x00, 0x00, 0x02, 0xFF, 0xFD, 0x92, 0x00, 0x00, 0x00,
  0x00, 0xAF, 0xFF, 0xFF, 0xFF, 0xFF, 0xFF, 0xAA, 0xFF, 0xFF, 0xFF, 0xFF, 0xFF, 0xFA, 0xAF, 0xFF, 0xFF, 0xFF, 0xFF, 0xFF, 0xA3, 0x55, 0x55, 0x55,
  0xAF, 0xFF, 0xF4, 0x00, 0x00, 0x00, 0x3F, 0xFF, 0xF6, 0x00, 0x00, 0x00, 0x2E, 0xFF, 0xF8, 0x00, 0x00, 0x00, 0x1C, 0xFF, 0xFB, 0x00, 0x00, 0x00,
  0x0A, 0xFF, 0xFD, 0x10, 0x00, 0x00, 0x08, 0xFF, 0xFE, 0x20, 0x00, 0x00, 0x06, 0xFF, 0xFF, 0x40, 0x00, 0x00, 0x04, 0xFF, 0xFF, 0x60, 0x00, 0x00,
  0x02, 0xEF, 0xFF, 0xC5, 0x55, 0x55, 0x54, 0x9F, 0xFF, 0xFF, 0xFF, 0xFF, 0xFF, 0xCA, 0xFF, 0xFF, 0xFF, 0xFF, 0xFF, 0xFC, 0xAF, 0xFF, 0xFF, 0xFF,
  0xFF, 0xFF, 0xC0, 0x00, 0x00, 0x00, 0x49, 0xCE, 0xB0, 0x00, 0x00, 0xAF, 0xFF, 0xFC, 0x00, 0x00, 0x7F, 0xFF, 0xFF, 0xC0, 0x00, 0x0D, 0xFF, 0xFD,
  0x74, 0x00, 0x01, 0xFF, 0xFF, 0x30, 0x00, 0x00, 0x2F, 0xFF, 0xE0, 0x00, 0x00, 0x03, 0xFF, 0xFD, 0x00, 0x00, 0x00, 0x3F, 0xFF, 0xD0, 0x00, 0x00,
  0x03, 0xFF, 0xFD, 0x00, 0x00, 0x00, 0x4F, 0xFF, 0xD0, 0x00, 0x00, 0x09, 0xFF, 0xFB, 0x00, 0x02, 0x6A, 0xFF, 0xFF, 0x50, 0x00, 0x5F, 0xFF, 0xFF,
  0x70, 0x00, 0x05, 0xFF, 0xFF, 0x70, 0x00, 0x00, 0x5F, 0xFF, 0xFF, 0xC1, 0x00, 0x00, 0x15, 0xEF, 0xFF, 0x80, 0x00, 0x00, 0x07, 0xFF, 0xFC, 0x00,
  0x00, 0x00, 0x4F, 0xFF, 0xD0, 0x00, 0x00, 0x03, 0xFF, 0xFD, 0x00, 0x00, 0x00, 0x3F, 0xFF, 0xD0, 0x00, 0x00, 0x03, 0xFF, 0xFE, 0x00, 0x00, 0x00,
  0x2F, 0xFF, 0xF2, 0x00, 0x00, 0x00, 0xEF, 0xFF, 0xD7, 0x40, 0x00, 0x09, 0xFF, 0xFF, 0xFC, 0x00, 0x00, 0x1B, 0xFF, 0xFF, 0xC0, 0x00, 0x00, 0x05,
  0xAD, 0xEB, 0xEF, 0xFF, 0xEF, 0xFF, 0xEF, 0xFF, 0xEF, 0xFF, 0xEF, 0xFF, 0xEF, 0xFF, 0xEF, 0xFF, 0xEF, 0xFF, 0xEF, 0xFF, 0xEF, 0xFF, 0xEF, 0xFF,
  0xEF, 0xFF, 0xEF, 0xFF, 0xEF, 0xFF, 0xEF, 0xFF, 0xEF, 0xFF, 0xEF, 0xFF, 0xEF, 0xFF, 0xEF, 0xFF, 0xEF, 0xFF, 0xEF, 0xFF, 0xEF, 0xFF, 0xEF, 0xFF,
  0xEF, 0xFF, 0xEF, 0xFF, 0xEF, 0xFF, 0xEF, 0xFF, 0xEF, 0xFF, 0xEF, 0xFF, 0xEF, 0xFF, 0xEF, 0xFF, 0xEF, 0xFF, 0xEF, 0xFF, 0xEF, 0xFF, 0x0F, 0xEC,
  0x93, 0x00, 0x00, 0x00, 0x0F, 0xFF, 0xFF, 0x70, 0x00, 0x00, 0x0F, 0xFF, 0xFF, 0xF4, 0x00, 0x00, 0x05, 0x8F, 0xFF, 0xFA, 0x00, 0x00, 0x00, 0x07,
  0xFF, 0xFD, 0x00, 0x00, 0x00, 0x03, 0xFF, 0xFE, 0x00, 0x00, 0x00, 0x02, 0xFF, 0xFE, 0x00, 0x00, 0x00, 0x02, 0xFF, 0xFE, 0x00, 0x00, 0x00, 0x02,
  0xFF, 0xFE, 0x00, 0x00, 0x00, 0x02, 0xFF, 0xFF, 0x10, 0x00, 0x00, 0x00, 0xEF, 0xFF, 0x60, 0x00, 0x00, 0x00, 0x9F, 0xFF, 0xE8, 0x50, 0x00, 0x00,
  0x1A, 0xFF, 0xFF, 0xF1, 0x00, 0x00, 0x01, 0x9F, 0xFF, 0xF1, 0x00, 0x00, 0x3E, 0xFF, 0xFF, 0xF1, 0x00, 0x00, 0xCF, 0xFF, 0xC3, 0x10, 0x00, 0x01,
  0xFF, 0xFF, 0x30, 0x00, 0x00, 0x02, 0xFF, 0xFF, 0x00, 0x00, 0x00, 0x02, 0xFF, 0xFE, 0x00, 0x00, 0x00, 0x02, 0xFF, 0xFE, 0x00, 0x00, 0x00, 0x03,
  0xFF, 0xFE, 0x00, 0x00, 0x00, 0x06, 0xFF, 0xFD, 0x00, 0x00, 0x05, 0x8E, 0xFF, 0xFA, 0x00, 0x00, 0x0F, 0xFF, 0xFF, 0xF5, 0x00, 0x00, 0x0F, 0xFF,
  0xFF, 0x80, 0x00, 0x00, 0x0F, 0xEC, 0x94, 0x00, 0x00, 0x00, 0x00, 0x00, 0x44, 0x20, 0x00, 0x00, 0x00, 0x00, 0x00, 0x04, 0xEF, 0xFF, 0xB2, 0x00,
  0x03, 0xCC, 0xC1, 0x03, 0xFF, 0xFF, 0xFF, 0xE3, 0x00, 0x6F, 0xFF, 0x00, 0xAF, 0xFF, 0xFF, 0xFF, 0xF7, 0x6E, 0xFF, 0xD0, 0x0E, 0xFF, 0xB1, 0x3C,
  0xFF, 0xFF, 0xFF, 0xF8, 0x01, 0xFF, 0xF4, 0x00, 0x1B, 0xFF, 0xFF, 0xFD, 0x10, 0x18, 0x88, 0x10, 0x00, 0x06, 0xCF, 0xE9, 0x10, 0x00, 0x00, 0x29,
  0xDE, 0xC7, 0x00, 0x00, 0x4E, 0xFF, 0xFF, 0xFC, 0x10, 0x1E, 0xFF, 0xFF, 0xFF, 0xF9, 0x07, 0xFF, 0xE7, 0x69, 0xFF, 0xF1, 0xAF, 0xF5, 0x00, 0x0A,
  0xFF, 0x4A, 0xFF, 0x50, 0x00, 0xAF, 0xF4, 0x7F, 0xFE, 0x76, 0x9F, 0xFF, 0x21, 0xEF, 0xFF, 0xFF, 0xFF, 0xA0, 0x04, 0xEF, 0xFF, 0xFF, 0xC1, 0x00,
  0x02, 0x9E, 0xFD, 0x70, 0x00,
};
static const Glyph LARGE_GLYPHS[] PROGMEM = {
  {0, 0, 0, 0, 0, 6}, {0, 5, 21, 1, -21, 7}, {53, 10, 8, 2, -21, 14}, {93, 19, 21, 0, -21, 18},
  {293, 17, 27, 1, -24, 19}, {523, 25, 21, 1, -21, 27}, {786, 19, 21, 0, -21, 19}, {986, 4, 8, 2, -21, 8},
  {1002, 8, 26, 1, -22, 10}, {1106, 8, 26, 0, -22, 10}, {1210, 13, 12, 1, -21, 16}, {1288, 15, 14, 2, -15, 19},
  {1393, 6, 8, 0, -3, 7}, {1417, 11, 4, 1, -11, 13}, {1439, 5, 5, 1, -5, 7}, {1452, 11, 25, 0, -22, 11},
  {1590, 18, 21, 0, -21, 19}, {1779, 10, 21, 0, -21, 11}, {1884, 16, 21, 1, -21, 17}, {2052, 17, 21, 1, -21, 18},
  {2231, 19, 21, 0, -21, 19}, {2431, 17, 21, 0, -21, 17}, {2610, 17, 21, 0, -21, 18}, {2789, 16, 21, 0, -21, 16},
  {2957, 17, 21, 0, -21, 18}, {3136, 17, 21, 0, -21, 18}, {3315, 5, 15, 1, -15, 7}, {3353, 6, 20, 0, -15, 7},
  {3413, 15, 17, 2, -17, 19}, {3541, 15, 10, 2, -13, 19}, {3616, 15, 17, 2, -17, 19}, {3744, 16, 21, 0, -21, 16},
  {3912, 29, 27, 0, -21, 29}, {4304, 21, 21, 0, -21, 21}, {4525, 17, 21, 1, -21, 19}, {4704, 21, 21, 0, -21, 21},
  {4925, 19, 21, 1, -21, 20}, {5125, 16, 21, 1, -21, 18}, {5293, 16, 21, 1, -21, 17}, {5461, 21, 21, 0, -21, 21},
  {5682, 19, 21, 1, -21, 21}, {5882, 5, 21, 1, -21, 8}, {5935, 15, 21, 0, -21, 16}, {6093, 19, 21, 1, -21, 20},
  {6293, 15, 21, 1, -21, 16}, {6451, 24, 21, 1, -21, 26}, {6703, 19, 21, 1, -21, 21}, {6903, 21, 21, 0, -21, 22},
  {7124, 17, 21, 1, -21, 18}, {7303, 21, 23, 0, -21, 22}, {7545, 18, 21, 1, -21, 19}, {7734, 17, 21, 1, -21, 19},
  {7913, 18, 21, 0, -21, 18}, {8102, 18, 21, 1, -21, 20}, {8291, 21, 21, 0, -21, 20}, {8512, 29, 21, 0, -21, 29},
  {8817, 20, 21, 0, -21, 20}, {9027, 20, 21, 0, -21, 20}, {9237, 18, 21, 0, -21, 18}, {9426, 8, 26, 1, -22, 10},
  {9530, 11, 25, 0, -22, 11}, {9668, 8, 26, 0, -22, 10}, {9772, 13, 9, 0, -20, 13}, {9831, 14, 4, 0, -1, 14},
  {9859, 7, 4, 1, -20, 9}, {9873, 15, 15, 0, -15, 16}, {9986, 16, 21, 1, -21, 17}, {10154, 16, 15, 0, -15, 16},
  {10274, 16, 21, 0, -21, 17}, {10442, 16, 15, 0, -15, 16}, {10562, 11, 21, 0, -21, 11}, {10678, 16, 21, 0, -15, 17},
  {10846, 15, 21, 1, -21, 17}, {11004, 5, 21, 1, -21, 7}, {11057, 8, 27, -2, -21, 7}, {11165, 16, 21, 1, -21, 16},
  {11333, 5, 21, 1, -21, 7}, {11386, 24, 15, 1, -15, 26}, {11566, 15, 15, 1, -15, 17}, {11679, 16, 15, 0, -15, 17},
  {11799, 16, 21, 1, -15, 17}, {11967, 16, 21, 0, -15, 17}, {12135, 10, 15, 1, -15, 11}, {12210, 15, 15, 0, -15, 15},
  {12323, 11, 19, 0, -19, 11}, {12428, 15, 15, 1, -15, 17}, {12541, 16, 15, 0, -15, 16}, {12661, 24, 15, 0, -15, 24},
  {12841, 16, 15, 0, -15, 16}, {12961, 16, 21, 0, -15, 16}, {13129, 13, 15, 1, -15, 15}, {13227, 11, 26, 1, -22, 13},
  {13370, 4, 34, 3, -27, 10}, {13438, 12, 26, 0, -22, 13}, {13594, 17, 7, 1, -12, 19}, {13654, 11, 10, 1, -21, 13},
};
static const Font LARGE_FONT = {LARGE_BITS, LARGE_GLYPHS, 32, 127, 29, 21};

// GIANT: InterDisplay-SemiBold.ttf, 46 px
static const uint8_t GIANT_BITS[] PROGMEM = {
  0x00, 0x00, 0x00, 0x00, 0x05, 0x9C, 0xEF, 0xED, 0xA7, 0x10, 0x00, 0x00, 0x00, 0x00, 0x00, 0x00, 0x00, 0x6E, 0xFF, 0xFF, 0xFF, 0xFF, 0xFF, 0x91,
  0x00, 0x00, 0x00, 0x00, 0x00, 0x01, 0xBF, 0xFF, 0xFF, 0xFF, 0xFF, 0xFF, 0xFF, 0xE4, 0x00, 0x00, 0x00, 0x00, 0x01, 0xDF, 0xFF, 0xFF, 0xFF, 0xFF,
  0xFF, 0xFF, 0xFF, 0xF5, 0x00, 0x00, 0x00, 0x00, 0xCF, 0xFF, 0xFF, 0xFF, 0xDB, 0xCE, 0xFF, 0xFF, 0xFF, 0xF3, 0x00, 0x00, 0x00, 0x8F, 0xFF, 0xFF,
  0xF9, 0x20, 0x00, 0x16, 0xEF, 0xFF, 0xFF, 0xD0, 0x00, 0x00, 0x2F, 0xFF, 0xFF, 0xF5, 0x00, 0x00, 0x00, 0x02, 0xDF, 0xFF, 0xFF, 0x70, 0x00, 0x09,
  0xFF, 0xFF, 0xF8, 0x00, 0x00, 0x00, 0x00, 0x03, 0xFF, 0xFF, 0xFE, 0x10, 0x01, 0xFF, 0xFF, 0xFD, 0x00, 0x00, 0x00, 0x00, 0x00, 0x09, 0xFF, 0xFF,
  0xF5, 0x00, 0x6F, 0xFF, 0xFF, 0x70, 0x00, 0x00, 0x00, 0x00, 0x00, 0x2F, 0xFF, 0xFF, 0xB0, 0x0A, 0xFF, 0xFF, 0xF2, 0x00, 0x00, 0x00, 0x00, 0x00,
  0x00, 0xCF, 0xFF, 0xFE, 0x00, 0xDF, 0xFF, 0xFC, 0x00, 0x00, 0x00, 0x00, 0x00, 0x00, 0x07, 0xFF, 0xFF, 0xF3, 0x1F, 0xFF, 0xFF, 0x90, 0x00, 0x00,
  0x00, 0x00, 0x00, 0x00, 0x4F, 0xFF, 0xFF, 0x63, 0xFF, 0xFF, 0xF7, 0x00, 0x00, 0x00, 0x00, 0x00, 0x00, 0x02, 0xFF, 0xFF, 0xF8, 0x4F, 0xFF, 0xFF,
  0x50, 0x00, 0x00, 0x00, 0x00, 0x00, 0x00, 0x0F, 0xFF, 0xFF, 0x95, 0xFF, 0xFF, 0xF4, 0x00, 0x00, 0x00, 0x00, 0x00, 0x00, 0x00, 0xEF, 0xFF, 0xFA,
  0x5F, 0xFF, 0xFF, 0x40, 0x00, 0x00, 0x00, 0x00, 0x00, 0x00, 0x0E, 0xFF, 0xFF, 0xB5, 0xFF, 0xFF, 0xF4, 0x00, 0x00, 0x00, 0x00, 0x00, 0x00, 0x00,
  0xEF, 0xFF, 0xFA, 0x5F, 0xFF, 0xFF, 0x50, 0x00, 0x00, 0x00, 0x00, 0x00, 0x00, 0x0F, 0xFF, 0xFF, 0xA4, 0xFF, 0xFF, 0xF6, 0x00, 0x00, 0x00, 0x00,
  0x00, 0x00, 0x01, 0xFF, 0xFF, 0xF9, 0x2F, 0xFF, 0xFF, 0x80, 0x00, 0x00, 0x00, 0x00, 0x00, 0x00, 0x3F, 0xFF, 0xFF, 0x70, 0xFF, 0xFF, 0xFA, 0x00,
  0x00, 0x00, 0x00, 0x00, 0x00, 0x05, 0xFF, 0xFF, 0xF5, 0x0C, 0xFF, 0xFF, 0xE0, 0x00, 0x00, 0x00, 0x00, 0x00, 0x00, 0x9F, 0xFF, 0xFF, 0x20, 0x8F,
  0xFF, 0xFF, 0x40, 0x00, 0x00, 0x00, 0x00, 0x00, 0x0E, 0xFF, 0xFF, 0xD0, 0x03, 0xFF, 0xFF, 0xFA, 0x00, 0x00, 0x00, 0x00, 0x00, 0x05, 0xFF, 0xFF,
  0xF8, 0x00, 0x0D, 0xFF, 0xFF, 0xF3, 0x00, 0x00, 0x00, 0x00, 0x00, 0xDF, 0xFF, 0xFF, 0x30, 0x00, 0x6F, 0xFF, 0xFF, 0xD1, 0x00, 0x00, 0x00, 0x00,
  0x9F, 0xFF, 0xFF, 0xB0, 0x00, 0x00, 0xDF, 0xFF, 0xFF, 0xC2, 0x00, 0x00, 0x00, 0x9F, 0xFF, 0xFF, 0xF3, 0x00, 0x00, 0x03, 0xFF, 0xFF, 0xFF, 0xE9,
  0x53, 0x47, 0xDF, 0xFF, 0xFF, 0xF8, 0x00, 0x00, 0x00, 0x06, 0xFF, 0xFF, 0xFF, 0xFF, 0xFF, 0xFF, 0xFF, 0xFF, 0xFB, 0x00, 0x00, 0x00, 0x00, 0x07,
  0xFF, 0xFF, 0xFF, 0xFF, 0xFF, 0xFF, 0xFF, 0xFB, 0x10, 0x00, 0x00, 0x00, 0x00, 0x04, 0xDF, 0xFF, 0xFF, 0xFF, 0xFF, 0xFF, 0xF8, 0x00, 0x00, 0x00,
  0x00, 0x00, 0x00, 0x01, 0x7D, 0xFF, 0xFF, 0xFF, 0xFE, 0x92, 0x00, 0x00, 0x00, 0x00, 0x00, 0x00, 0x00, 0x00, 0x02, 0x56, 0x77, 0x63, 0x00, 0x00,
  0x00, 0x00, 0x00, 0x00, 0x00, 0x00, 0x00, 0x7F, 0xFF, 0xFF, 0xB0, 0x00, 0x00, 0x02, 0xCF, 0xFF, 0xFF, 0xFB, 0x00, 0x00, 0x07, 0xFF, 0xFF, 0xFF,
  0xFF, 0xB0, 0x00, 0x2B, 0xFF, 0xFF, 0xFF, 0xFF, 0xFB, 0x00, 0x6E, 0xFF, 0xFF, 0xFF, 0xFF, 0xFF, 0xB0, 0xBF, 0xFF, 0xFF, 0xFF, 0xFF, 0xFF, 0xFB,
  0x1F, 0xFF, 0xFF, 0xFC, 0x3F, 0xFF, 0xFF, 0xB1, 0xFF, 0xFF, 0xE6, 0x00, 0xFF, 0xFF, 0xFB, 0x1F, 0xFF, 0xA2, 0x00, 0x0F, 0xFF, 0xFF, 0xB1, 0xFD,
  0x50, 0x00, 0x00, 0xFF, 0xFF, 0xFB, 0x19, 0x10, 0x00, 0x00, 0x0F, 0xFF, 0xFF, 0xB0, 0x00, 0x00, 0x00, 0x00, 0xFF, 0xFF, 0xFB, 0x00, 0x00, 0x00,
  0x00, 0x0F, 0xFF, 0xFF, 0xB0, 0x00, 0x00, 0x00, 0x00, 0xFF, 0xFF, 0xFB, 0x00, 0x00, 0x00, 0x00, 0x0F, 0xFF, 0xFF, 0xB0, 0x00, 0x00, 0x00, 0x00,
  0xFF, 0xFF, 0xFB, 0x00, 0x00, 0x00, 0x00, 0x0F, 0xFF, 0xFF, 0xB0, 0x00, 0x00, 0x00, 0x00, 0xFF, 0xFF, 0xFB, 0x00, 0x00, 0x00, 0x00, 0x0F, 0xFF,
  0xFF, 0xB0, 0x00, 0x00, 0x00, 0x00, 0xFF, 0xFF, 0xFB, 0x00, 0x00, 0x00, 0x00, 0x0F, 0xFF, 0xFF, 0xB0, 0x00, 0x00, 0x00, 0x00, 0xFF, 0xFF, 0xFB,
  0x00, 0x00, 0x00, 0x00, 0x0F, 0xFF, 0xFF, 0xB0, 0x00, 0x00, 0x00, 0x00, 0xFF, 0xFF, 0xFB, 0x00, 0x00, 0x00, 0x00, 0x0F, 0xFF, 0xFF, 0xB0, 0x00,
  0x00, 0x00, 0x00, 0xFF, 0xFF, 0xFB, 0x00, 0x00, 0x00, 0x00, 0x0F, 0xFF, 0xFF, 0xB0, 0x00, 0x00, 0x00, 0x00, 0xFF, 0xFF, 0xFB, 0x00, 0x00, 0x00,
  0x00, 0x0F, 0xFF, 0xFF, 0xB0, 0x00, 0x00, 0x00, 0x00, 0xFF, 0xFF, 0xFB, 0x00, 0x00, 0x00, 0x00, 0x0F, 0xFF, 0xFF, 0xB0, 0x00, 0x00, 0x00, 0x00,
  0xFF, 0xFF, 0xFB, 0x00, 0x00, 0x00, 0x00, 0x0F, 0xFF, 0xFF, 0xB0, 0x00, 0x00, 0x00, 0x02, 0x6A, 0xDE, 0xFE, 0xDB, 0x72, 0x00, 0x00, 0x00, 0x00,
  0x00, 0x00, 0x2A, 0xFF, 0xFF, 0xFF, 0xFF, 0xFF, 0xFB, 0x20, 0x00, 0x00, 0x00, 0x00, 0x4E, 0xFF, 0xFF, 0xFF, 0xFF, 0xFF, 0xFF, 0xFF, 0x60, 0x00,
  0x00, 0x00, 0x5F, 0xFF, 0xFF, 0xFF, 0xFF, 0xFF, 0xFF, 0xFF, 0xFF, 0x80, 0x00, 0x00, 0x3F, 0xFF, 0xFF, 0xFF, 0xEC, 0xBB, 0xEF, 0xFF, 0xFF, 0xFF,
  0x50, 0x00, 0x0C, 0xFF, 0xFF, 0xFE, 0x60, 0x00, 0x00, 0x5D, 0xFF, 0xFF, 0xFD, 0x00, 0x04, 0xFF, 0xFF, 0xFD, 0x20, 0x00, 0x00, 0x00, 0x1D, 0xFF,
  0xFF, 0xF5, 0x00, 0x9F, 0xFF, 0xFF, 0x40, 0x00, 0x00, 0x00, 0x00, 0x3F, 0xFF, 0xFF, 0xA0, 0x0D, 0xFF, 0xFF, 0xC0, 0x00, 0x00, 0x00, 0x00, 0x00,
  0xCF, 0xFF, 0xFD, 0x01, 0xFF, 0xFF, 0xF8, 0x00, 0x00, 0x00, 0x00, 0x00, 0x0A, 0xFF, 0xFF, 0xE0, 0x2F, 0xFF, 0xFF, 0x50, 0x00, 0x00, 0x00, 0x00,
  0x00, 0x9F, 0xFF, 0xFF, 0x01, 0x77, 0x77, 0x72, 0x00, 0x00, 0x00, 0x00, 0x00, 0x0B, 0xFF, 0xFF, 0xD0, 0x00, 0x00, 0x00, 0x00, 0x00, 0x00, 0x00,
  0x00, 0x00, 0xEF, 0xFF, 0xFA, 0x00, 0x00, 0x00, 0x00, 0x00, 0x00, 0x00, 0x00, 0x00, 0x7F, 0xFF, 0xFF, 0x60, 0x00, 0x00, 0x00, 0x00, 0x00, 0x00,
  0x00, 0x00, 0x3E, 0xFF, 0xFF, 0xE1, 0x00, 0x00, 0x00, 0x00, 0x00, 0x00, 0x00, 0x00, 0x2D, 0xFF, 0xFF, 0xF6, 0x00, 0x00, 0x00, 0x00, 0x00, 0x00,
  0x00, 0x00, 0x2D, 0xFF, 0xFF, 0xFA, 0x00, 0x00, 0x00, 0x00, 0x00, 0x00, 0x00, 0x00, 0x3E, 0xFF, 0xFF, 0xFC, 0x10, 0x00, 0x00, 0x00, 0x00, 0x00,
  0x00, 0x00, 0x4E, 0xFF, 0xFF, 0xFD, 0x10, 0x00, 0x00, 0x00, 0x00, 0x00, 0x00, 0x00, 0x6F, 0xFF, 0xFF, 0xFD, 0x20, 0x00, 0x00, 0x00, 0x00, 0x00,
  0x00, 0x00, 0x8F, 0xFF, 0xFF, 0xFC, 0x10, 0x00, 0x00, 0x00, 0x00, 0x00, 0x00, 0x01, 0xAF, 0xFF, 0xFF, 0xFB, 0x10, 0x00, 0x00, 0x00, 0x00, 0x00,
  0x00, 0x01, 0xCF, 0xFF, 0xFF, 0xF9, 0x00, 0x00, 0x00, 0x00, 0x00, 0x00, 0x00, 0x03, 0xDF, 0xFF, 0xFF, 0xF7, 0x00, 0x00, 0x00, 0x00, 0x00, 0x00,
  0x00, 0x04, 0xEF, 0xFF, 0xFF, 0xF5, 0x00, 0x00, 0x00, 0x00, 0x00, 0x00, 0x00, 0x06, 0xFF, 0xFF, 0xFF, 0xE4, 0x00, 0x00, 0x00, 0x00, 0x00, 0x00,
  0x00, 0x08, 0xFF, 0xFF, 0xFF, 0xD2, 0x00, 0x00, 0x00, 0x00, 0x00, 0x00, 0x00, 0x1A, 0xFF, 0xFF, 0xFF, 0xC1, 0x00, 0x00, 0x00, 0x00, 0x00, 0x00,
  0x00, 0x1C, 0xFF, 0xFF, 0xFF, 0xFB, 0xAA, 0xAA, 0xAA, 0xAA, 0xAA, 0xAA, 0xAA, 0x23, 0xFF, 0xFF, 0xFF, 0xFF, 0xFF, 0xFF, 0xFF, 0xFF, 0xFF, 0xFF,
  0xFF, 0xF2, 0x3F, 0xFF, 0xFF, 0xFF, 0xFF, 0xFF, 0xFF, 0xFF, 0xFF, 0xFF, 0xFF, 0xFF, 0x23, 0xFF, 0xFF, 0xFF, 0xFF, 0xFF, 0xFF, 0xFF, 0xFF, 0xFF,
  0xFF, 0xFF, 0xF2, 0x3F, 0xFF, 0xFF, 0xFF, 0xFF, 0xFF, 0xFF, 0xFF, 0xFF, 0xFF, 0xFF, 0xFF, 0x20, 0x00, 0x00, 0x00, 0x00, 0x49, 0xCE, 0xFF, 0xEC,
  0x95, 0x10, 0x00, 0x00, 0x00, 0x00, 0x00, 0x00, 0x6D, 0xFF, 0xFF, 0xFF, 0xFF, 0xFF, 0xE8, 0x10, 0x00, 0x00, 0x00, 0x00, 0x2C, 0xFF, 0xFF, 0xFF,
  0xFF, 0xFF, 0xFF, 0xFF, 0xE4, 0x00, 0x00, 0x00, 0x02, 0xDF, 0xFF, 0xFF, 0xFF, 0xFF, 0xFF, 0xFF, 0xFF, 0xFF, 0x40, 0x00, 0x00, 0x0C, 0xFF, 0xFF,
  0xFF, 0xFD, 0xBB, 0xCF, 0xFF, 0xFF, 0xFF, 0xE2, 0x00, 0x00, 0x6F, 0xFF, 0xFF, 0xF9, 0x20, 0x00, 0x01, 0x8F, 0xFF, 0xFF, 0xFA, 0x00, 0x00, 0xDF,
  0xFF, 0xFF, 0x60, 0x00, 0x00, 0x00, 0x04, 0xFF, 0xFF, 0xFF, 0x20, 0x03, 0xFF, 0xFF, 0xFB, 0x00, 0x00, 0x00, 0x00, 0x00, 0x8F, 0xFF, 0xFF, 0x60,
  0x06, 0xFF, 0xFF, 0xF5, 0x00, 0x00, 0x00, 0x00, 0x00, 0x3F, 0xFF, 0xFF, 0x70, 0x07, 0xFF, 0xFF, 0xF2, 0x00, 0x00, 0x00, 0x00, 0x00, 0x2F, 0xFF,
  0xFF, 0x70, 0x01, 0x22, 0x22, 0x20, 0x00, 0x00, 0x00, 0x00, 0x00, 0x3F, 0xFF, 0xFF, 0x50, 0x00, 0x00, 0x00, 0x00, 0x00, 0x00, 0x00, 0x00, 0x00,
  0x9F, 0xFF, 0xFF, 0x10, 0x00, 0x00, 0x00, 0x00, 0x00, 0x00, 0x00, 0x00, 0x07, 0xFF, 0xFF, 0xF9, 0x00, 0x00, 0x00, 0x00, 0x00, 0x00, 0x00, 0x01,
  0x36, 0xCF, 0xFF, 0xFF, 0xC0, 0x00, 0x00, 0x00, 0x00, 0x00, 0x05, 0xFF, 0xFF, 0xFF, 0xFF, 0xFF, 0xFA, 0x10, 0x00, 0x00, 0x00, 0x00, 0x00, 0x05,
  0xFF, 0xFF, 0xFF, 0xFF, 0xFA, 0x40, 0x00, 0x00, 0x00, 0x00, 0x00, 0x00, 0x05, 0xFF, 0xFF, 0xFF, 0xFF, 0xD9, 0x40, 0x00, 0x00, 0x00, 0x00, 0x00,
  0x00, 0x05, 0xFF, 0xFF, 0xFF, 0xFF, 0xFF, 0xFD, 0x40, 0x00, 0x00, 0x00, 0x00, 0x00, 0x03, 0xAA, 0xAB, 0xDF, 0xFF, 0xFF, 0xFF, 0xF5, 0x00, 0x00,
  0x00, 0x00, 0x00, 0x00, 0x00, 0x00, 0x01, 0x6D, 0xFF, 0xFF, 0xFF, 0x30, 0x00, 0x00, 0x00, 0x00, 0x00, 0x00, 0x00, 0x00, 0x01, 0xAF, 0xFF, 0xFF,
  0xC0, 0x00, 0x00, 0x00, 0x00, 0x00, 0x00, 0x00, 0x00, 0x00, 0x1D, 0xFF, 0xFF, 0xF3, 0x28, 0x88, 0x88, 0x50, 0x00, 0x00, 0x00, 0x00, 0x00, 0x07,
  0xFF, 0xFF, 0xF7, 0x2F, 0xFF, 0xFF, 0x90, 0x00, 0x00, 0x00, 0x00, 0x00, 0x05, 0xFF, 0xFF, 0xF8, 0x1F, 0xFF, 0xFF, 0xC0, 0x00, 0x00, 0x00, 0x00,
  0x00, 0x06, 0xFF, 0xFF, 0xF8, 0x0C, 0xFF, 0xFF, 0xF2, 0x00, 0x00, 0x00, 0x00, 0x00, 0x0A, 0xFF, 0xFF, 0xF6, 0x07, 0xFF, 0xFF, 0xFB, 0x00, 0x00,
  0x00, 0x00, 0x00, 0x4F, 0xFF, 0xFF, 0xF2, 0x01, 0xEF, 0xFF, 0xFF, 0xA1, 0x00, 0x00, 0x00, 0x06, 0xEF, 0xFF, 0xFF, 0xB0, 0x00, 0x7F, 0xFF, 0xFF,
  0xFE, 0x95, 0x33, 0x47, 0xCF, 0xFF, 0xFF, 0xFF, 0x30, 0x00, 0x0A, 0xFF, 0xFF, 0xFF, 0xFF, 0xFF, 0xFF, 0xFF, 0xFF, 0xFF, 0xF6, 0x00, 0x00, 0x00,
  0xAF, 0xFF, 0xFF, 0xFF, 0xFF, 0xFF, 0xFF, 0xFF, 0xFF, 0x60, 0x00, 0x00, 0x00, 0x06, 0xEF, 0xFF, 0xFF, 0xFF, 0xFF, 0xFF, 0xFF, 0xC3, 0x00, 0x00,
  0x00, 0x00, 0x00, 0x17, 0xDF, 0xFF, 0xFF, 0xFF, 0xFE, 0xA4, 0x00, 0x00, 0x00, 0x00, 0x00, 0x00, 0x00, 0x02, 0x46, 0x77, 0x75, 0x30, 0x00, 0x00,
  0x00, 0x00, 0x00, 0x00, 0x00, 0x00, 0x00, 0x00, 0x00, 0x1D, 0xFF, 0xFF, 0xFF, 0xB0, 0x00, 0x00, 0x00, 0x00, 0x00, 0x00, 0x00, 0x00, 0x00, 0xAF,
  0xFF, 0xFF, 0xFF, 0xB0, 0x00, 0x00, 0x00, 0x00, 0x00, 0x00, 0x00, 0x00, 0x06, 0xFF, 0xFF, 0xFF, 0xFF, 0xB0, 0x00, 0x00, 0x00, 0x00, 0x00, 0x00,
  0x00, 0x00, 0x2E, 0xFF, 0xFF, 0xFF, 0xFF, 0xB0, 0x00, 0x00, 0x00, 0x00, 0x00, 0x00, 0x00, 0x00, 0xCF, 0xFF, 0xFF, 0xFF, 0xFF, 0xB0, 0x00, 0x00,
  0x00, 0x00, 0x00, 0x00, 0x00, 0x08, 0xFF, 0xFF, 0xFF, 0xFF, 0xFF, 0xB0, 0x00, 0x00, 0x00, 0x00, 0x00, 0x00, 0x00, 0x4F, 0xFF, 0xFF, 0x9E, 0xFF,
  0xFF, 0xB0, 0x00, 0x00, 0x00, 0x00, 0x00, 0x00, 0x01, 0xDF, 0xFF, 0xFD, 0x1E, 0xFF, 0xFF, 0xB0, 0x00, 0x00, 0x00, 0x00, 0x00, 0x00, 0x0A, 0xFF,
  0xFF, 0xF3, 0x0E, 0xFF, 0xFF, 0xB0, 0x00, 0x00, 0x00, 0x00, 0x00, 0x00, 0x6F, 0xFF, 0xFF, 0x70, 0x0E, 0xFF, 0xFF, 0xB0, 0x00, 0x00, 0x00, 0x00,
  0x00, 0x02, 0xEF, 0xFF, 0xFB, 0x00, 0x0E, 0xFF, 0xFF, 0xB0, 0x00, 0x00, 0x00, 0x00, 0x00, 0x0C, 0xFF, 0xFF, 0xE2, 0x00, 0x0E, 0xFF, 0xFF, 0xB0,
  0x00, 0x00, 0x00, 0x00, 0x00, 0x8F, 0xFF, 0xFF, 0x50, 0x00, 0x0E, 0xFF, 0xFF, 0xB0, 0x00, 0x00, 0x00, 0x00, 0x04, 0xFF, 0xFF, 0xF9, 0x00, 0x00,
  0x0E, 0xFF, 0xFF, 0xB0, 0x00, 0x00, 0x00, 0x00, 0x1D, 0xFF, 0xFF, 0xD1, 0x00, 0x00, 0x0E, 0xFF, 0xFF, 0xB0, 0x00, 0x00, 0x00, 0x00, 0xAF, 0xFF,
  0xFF, 0x30, 0x00, 0x00, 0x0E, 0xFF, 0xFF, 0xB0, 0x00, 0x00, 0x00, 0x06, 0xFF, 0xFF, 0xF7, 0x00, 0x00, 0x00, 0x0E, 0xFF, 0xFF, 0xB0, 0x00, 0x00,
  0x00, 0x2E, 0xFF, 0xFF, 0xB0, 0x00, 0x00, 0x00, 0x0E, 0xFF, 0xFF, 0xB0, 0x00, 0x00, 0x00, 0xCF, 0xFF, 0xFE, 0x20, 0x00, 0x00, 0x00, 0x0E, 0xFF,
  0xFF, 0xB0, 0x00, 0x00, 0x08, 0xFF, 0xFF, 0xF5, 0x00, 0x00, 0x00, 0x00, 0x0E, 0xFF, 0xFF, 0xB0, 0x00, 0x00, 0x4F, 0xFF, 0xFF, 0x90, 0x00, 0x00,
  0x00, 0x00, 0x0E, 0xFF, 0xFF, 0xB0, 0x00, 0x00, 0xBF, 0xFF, 0xFF, 0xFF, 0xFF, 0xFF, 0xFF, 0xFF, 0xFF, 0xFF, 0xFF, 0xFF, 0xFF, 0xF5, 0xBF, 0xFF,
  0xFF, 0xFF, 0xFF, 0xFF, 0xFF, 0xFF, 0xFF, 0xFF, 0xFF, 0xFF, 0xFF, 0xF5, 0xBF, 0xFF, 0xFF, 0xFF, 0xFF, 0xFF, 0xFF, 0xFF, 0xFF, 0xFF, 0xFF, 0xFF,
  0xFF, 0xF5, 0xBF, 0xFF, 0xFF, 0xFF, 0xFF, 0xFF, 0xFF, 0xFF, 0xFF, 0xFF, 0xFF, 0xFF, 0xFF, 0xF5, 0x8A, 0xAA, 0xAA, 0xAA, 0xAA, 0xAA, 0xAA, 0xAA,
  0xAF, 0xFF, 0xFF, 0xEA, 0xAA, 0xA4, 0x00, 0x00, 0x00, 0x00, 0x00, 0x00, 0x00, 0x00, 0x0E, 0xFF, 0xFF, 0xB0, 0x00, 0x00, 0x00, 0x00, 0x00, 0x00,
  0x00, 0x00, 0x00, 0x00, 0x0E, 0xFF, 0xFF, 0xB0, 0x00, 0x00, 0x00, 0x00, 0x00, 0x00, 0x00, 0x00, 0x00, 0x00, 0x0E, 0xFF, 0xFF, 0xB0, 0x00, 0x00,
  0x00, 0x00, 0x00, 0x00, 0x00, 0x00, 0x00, 0x00, 0x0E, 0xFF, 0xFF, 0xB0, 0x00, 0x00, 0x00, 0x00, 0x00, 0x00, 0x00, 0x00, 0x00, 0x00, 0x0E, 0xFF,
  0xFF, 0xB0, 0x00, 0x00, 0x00, 0x00, 0x00, 0x00, 0x00, 0x00, 0x00, 0x00, 0x0E, 0xFF, 0xFF, 0xB0, 0x00, 0x00, 0x00, 0x00, 0x00, 0x00, 0x00, 0x00,
  0x00, 0x00, 0x0E, 0xFF, 0xFF, 0xB0, 0x00, 0x00, 0x01, 0xFF, 0xFF, 0xFF, 0xFF, 0xFF, 0xFF, 0xFF, 0xFF, 0xFF, 0xFF, 0xB0, 0x00, 0x1F, 0xFF, 0xFF,
  0xFF, 0xFF, 0xFF, 0xFF, 0xFF, 0xFF, 0xFF, 0xFB, 0x00, 0x02, 0xFF, 0xFF, 0xFF, 0xFF, 0xFF, 0xFF, 0xFF, 0xFF, 0xFF, 0xFF, 0xB0, 0x00, 0x3F, 0xFF,
  0xFF, 0xFF, 0xFF, 0xFF, 0xFF, 0xFF, 0xFF, 0xFF, 0xFB, 0x00, 0x04, 0xFF, 0xFF, 0xFC, 0xAA, 0xAA, 0xAA, 0xAA, 0xAA, 0xAA, 0xAA, 0x70, 0x00, 0x5F,
  0xFF, 0xFF, 0x30, 0x00, 0x00, 0x00, 0x00, 0x00, 0x00, 0x00, 0x00, 0x06, 0xFF, 0xFF, 0xF2, 0x00, 0x00, 0x00, 0x00, 0x00, 0x00, 0x00, 0x00, 0x00,
  0x6F, 0xFF, 0xFF, 0x10, 0x00, 0x00, 0x00, 0x00, 0x00, 0x00, 0x00, 0x00, 0x07, 0xFF, 0xFF, 0xF0, 0x00, 0x00, 0x00, 0x00, 0x00, 0x00, 0x00, 0x00,
  0x00, 0x8F, 0xFF, 0xFE, 0x00, 0x00, 0x00, 0x00, 0x00, 0x00, 0x00, 0x00, 0x00, 0x09, 0xFF, 0xFF, 0xD0, 0x00, 0x00, 0x00, 0x00, 0x00, 0x00, 0x00,
  0x00, 0x00, 0xAF, 0xFF, 0xFC, 0x00, 0x27, 0xBD, 0xFE, 0xDA, 0x51, 0x00, 0x00, 0x00, 0x0A, 0xFF, 0xFF, 0xA1, 0x9F, 0xFF, 0xFF, 0xFF, 0xFF, 0xE6,
  0x00, 0x00, 0x00, 0xBF, 0xFF, 0xFB, 0xCF, 0xFF, 0xFF, 0xFF, 0xFF, 0xFF, 0xFA, 0x10, 0x00, 0x0C, 0xFF, 0xFF, 0xFF, 0xFF, 0xFF, 0xFF, 0xFF, 0xFF,
  0xFF, 0xFB, 0x00, 0x00, 0xDF, 0xFF, 0xFF, 0xFF, 0xFE, 0xDB, 0xBE, 0xFF, 0xFF, 0xFF, 0xF9, 0x00, 0x0E, 0xFF, 0xFF, 0xFF, 0xC5, 0x10, 0x00, 0x04,
  0xCF, 0xFF, 0xFF, 0xF3, 0x00, 0xFF, 0xFF, 0xFF, 0x90, 0x00, 0x00, 0x00, 0x01, 0xCF, 0xFF, 0xFF, 0xB0, 0x0F, 0xFF, 0xFF, 0xC0, 0x00, 0x00, 0x00,
  0x00, 0x02, 0xEF, 0xFF, 0xFF, 0x10, 0x55, 0x55, 0x52, 0x00, 0x00, 0x00, 0x00, 0x00, 0x08, 0xFF, 0xFF, 0xF5, 0x00, 0x00, 0x00, 0x00, 0x00, 0x00,
  0x00, 0x00, 0x00, 0x4F, 0xFF, 0xFF, 0x80, 0x00, 0x00, 0x00, 0x00, 0x00, 0x00, 0x00, 0x00, 0x01, 0xFF, 0xFF, 0xF9, 0x00, 0x00, 0x00, 0x00, 0x00,
  0x00, 0x00, 0x00, 0x00, 0x1F, 0xFF, 0xFF, 0x96, 0xCC, 0xCC, 0xC3, 0x00, 0x00, 0x00, 0x00, 0x00, 0x02, 0xFF, 0xFF, 0xF8, 0x5F, 0xFF, 0xFF, 0x60,
  0x00, 0x00, 0x00, 0x00, 0x00, 0x6F, 0xFF, 0xFF, 0x62, 0xFF, 0xFF, 0xFC, 0x00, 0x00, 0x00, 0x00, 0x00, 0x0C, 0xFF, 0xFF, 0xF2, 0x0C, 0xFF, 0xFF,
  0xF7, 0x00, 0x00, 0x00, 0x00, 0x06, 0xFF, 0xFF, 0xFD, 0x00, 0x6F, 0xFF, 0xFF, 0xF8, 0x00, 0x00, 0x00, 0x06, 0xFF, 0xFF, 0xFF, 0x60, 0x00, 0xCF,
  0xFF, 0xFF, 0xFD, 0x84, 0x34, 0x7C, 0xFF, 0xFF, 0xFF, 0xC0, 0x00, 0x02, 0xEF, 0xFF, 0xFF, 0xFF, 0xFF, 0xFF, 0xFF, 0xFF, 0xFF, 0xE2, 0x00, 0x00,
  0x02, 0xDF, 0xFF, 0xFF, 0xFF, 0xFF, 0xFF, 0xFF, 0xFF, 0xE3, 0x00, 0x00, 0x00, 0x01, 0xAF, 0xFF, 0xFF, 0xFF, 0xFF, 0xFF, 0xFF, 0xB2, 0x00, 0x00,
  0x00, 0x00, 0x00, 0x39, 0xEF, 0xFF, 0xFF, 0xFF, 0xEA, 0x40, 0x00, 0x00, 0x00, 0x00, 0x00, 0x00, 0x00, 0x35, 0x77, 0x76, 0x31, 0x00, 0x00, 0x00,
  0x00, 0x00, 0x00, 0x00, 0x00, 0x16, 0x9C, 0xEF, 0xED, 0xB7, 0x30, 0x00, 0x00, 0x00, 0x00, 0x00, 0x00, 0x07, 0xEF, 0xFF, 0xFF, 0xFF, 0xFF, 0xFB,
  0x20, 0x00, 0x00, 0x00, 0x00, 0x02, 0xCF, 0xFF, 0xFF, 0xFF, 0xFF, 0xFF, 0xFF, 0xF7, 0x00, 0x00, 0x00, 0x00, 0x2D, 0xFF, 0xFF, 0xFF, 0xFF, 0xFF,
  0xFF, 0xFF, 0xFF, 0x70, 0x00, 0x00, 0x00, 0xCF, 0xFF, 0xFF, 0xFE, 0xCB, 0xBE, 0xFF, 0xFF, 0xFF, 0xF5, 0x00, 0x00, 0x08, 0xFF, 0xFF, 0xFE, 0x60,
  0x00, 0x00, 0x4C, 0xFF, 0xFF, 0xFD, 0x00, 0x00, 0x2F, 0xFF, 0xFF, 0xC1, 0x00, 0x00, 0x00, 0x01, 0xCF, 0xFF, 0xFF, 0x60, 0x00, 0x8F, 0xFF, 0xFE,
  0x20, 0x00, 0x00, 0x00, 0x00, 0x2F, 0xFF, 0xFF, 0xA0, 0x00, 0xEF, 0xFF, 0xF7, 0x00, 0x00, 0x00, 0x00, 0x00, 0x09, 0xBB, 0xBB, 0x90, 0x04, 0xFF,
  0xFF, 0xF1, 0x00, 0x00, 0x00, 0x00, 0x00, 0x00, 0x00, 0x00, 0x00, 0x08, 0xFF, 0xFF, 0xB0, 0x00, 0x00, 0x00, 0x00, 0x00, 0x00, 0x00, 0x00, 0x00,
  0x0C, 0xFF, 0xFF, 0x80, 0x00, 0x5A, 0xDE, 0xFE, 0xC8, 0x30, 0x00, 0x00, 0x00, 0x0E, 0xFF, 0xFF, 0x50, 0x4D, 0xFF, 0xFF, 0xFF, 0xFF, 0xFB, 0x30,
  0x00, 0x00, 0x2F, 0xFF, 0xFF, 0x47, 0xFF, 0xFF, 0xFF, 0xFF, 0xFF, 0xFF, 0xF6, 0x00, 0x00, 0x3F, 0xFF, 0xFF, 0x8F, 0xFF, 0xFF, 0xFF, 0xFF, 0xFF,
  0xFF, 0xFF, 0x60, 0x00, 0x4F, 0xFF, 0xFF, 0xFF, 0xFF, 0xFE, 0xCB, 0xDF, 0xFF, 0xFF, 0xFF, 0xF4, 0x00, 0x5F, 0xFF, 0xFF, 0xFF, 0xFE, 0x61, 0x00,
  0x02, 0x9F, 0xFF, 0xFF, 0xFD, 0x00, 0x5F, 0xFF, 0xFF, 0xFF, 0xD2, 0x00, 0x00, 0x00, 0x05, 0xFF, 0xFF, 0xFF, 0x50, 0x5F, 0xFF, 0xFF, 0xFE, 0x20,
  0x00, 0x00, 0x00, 0x00, 0x8F, 0xFF, 0xFF, 0xB0, 0x4F, 0xFF, 0xFF, 0xF8, 0x00, 0x00, 0x00, 0x00, 0x00, 0x1E, 0xFF, 0xFF, 0xE0, 0x3F, 0xFF, 0xFF,
  0xF3, 0x00, 0x00, 0x00, 0x00, 0x00, 0x0A, 0xFF, 0xFF, 0xF2, 0x2F, 0xFF, 0xFF, 0xF1, 0x00, 0x00, 0x00, 0x00, 0x00, 0x07, 0xFF, 0xFF, 0xF3, 0x0E,
  0xFF, 0xFF, 0xF0, 0x00, 0x00, 0x00, 0x00, 0x00, 0x07, 0xFF, 0xFF, 0xF3, 0x0B, 0xFF, 0xFF, 0xF2, 0x00, 0x00, 0x00, 0x00, 0x00, 0x08, 0xFF, 0xFF,
  0xF2, 0x07, 0xFF, 0xFF, 0xF6, 0x00, 0x00, 0x00, 0x00, 0x00, 0x0C, 0xFF, 0xFF, 0xF0, 0x02, 0xFF, 0xFF, 0xFC, 0x00, 0x00, 0x00, 0x00, 0x00, 0x4F,
  0xFF, 0xFF, 0xC0, 0x00, 0xBF, 0xFF, 0xFF, 0x70, 0x00, 0x00, 0x00, 0x01, 0xDF, 0xFF, 0xFF, 0x70, 0x00, 0x4F, 0xFF, 0xFF, 0xF8, 0x00, 0x00, 0x00,
  0x2D, 0xFF, 0xFF, 0xFE, 0x10, 0x00, 0x09, 0xFF, 0xFF, 0xFF, 0xD7, 0x43, 0x5A, 0xFF, 0xFF, 0xFF, 0xF6, 0x00, 0x00, 0x01, 0xDF, 0xFF, 0xFF, 0xFF,
  0xFF, 0xFF, 0xFF, 0xFF, 0xFF, 0xA0, 0x00, 0x00, 0x00, 0x2D, 0xFF, 0xFF, 0xFF, 0xFF, 0xFF, 0xFF, 0xFF, 0xFA, 0x00, 0x00, 0x00, 0x00, 0x01, 0xAF,
  0xFF, 0xFF, 0xFF, 0xFF, 0xFF, 0xFE, 0x70, 0x00, 0x00, 0x00, 0x00, 0x00, 0x04, 0xAF, 0xFF, 0xFF, 0xFF, 0xFD, 0x81, 0x00, 0x00, 0x00, 0x00, 0x00,
  0x00, 0x00, 0x01, 0x46, 0x77, 0x75, 0x20, 0x00, 0x00, 0x00, 0x00, 0xFF, 0xFF, 0xFF, 0xFF, 0xFF, 0xFF, 0xFF, 0xFF, 0xFF, 0xFF, 0xFF, 0xBF, 0xFF,
  0xFF, 0xFF, 0xFF, 0xFF, 0xFF, 0xFF, 0xFF, 0xFF, 0xFF, 0xFB, 0xFF, 0xFF, 0xFF, 0xFF, 0xFF, 0xFF, 0xFF, 0xFF, 0xFF, 0xFF, 0xFF, 0xBF, 0xFF, 0xFF,
  0xFF, 0xFF, 0xFF, 0xFF, 0xFF, 0xFF, 0xFF, 0xFF, 0xFB, 0xAA, 0xAA, 0xAA, 0xAA, 0xAA, 0xAA, 0xAA, 0xAA, 0xCF, 0xFF, 0xFF, 0xA0, 0x00, 0x00, 0x00,
  0x00, 0x00, 0x00, 0x00, 0x0A, 0xFF, 0xFF, 0xF5, 0x00, 0x00, 0x00, 0x00, 0x00, 0x00, 0x00, 0x03, 0xFF, 0xFF, 0xFC, 0x00, 0x00, 0x00, 0x00, 0x00,
  0x00, 0x00, 0x00, 0xBF, 0xFF, 0xFF, 0x40, 0x00, 0x00, 0x00, 0x00, 0x00, 0x00, 0x00, 0x3F, 0xFF, 0xFF, 0xC0, 0x00, 0x00, 0x00, 0x00, 0x00, 0x00,
  0x00, 0x0B, 0xFF, 0xFF, 0xF4, 0x00, 0x00, 0x00, 0x00, 0x00, 0x00, 0x00, 0x03, 0xFF, 0xFF, 0xFC, 0x00, 0x00, 0x00, 0x00, 0x00, 0x00, 0x00, 0x00,
  0xBF, 0xFF, 0xFF, 0x40, 0x00, 0x00, 0x00, 0x00, 0x00, 0x00, 0x00, 0x4F, 0xFF, 0xFF, 0xC0, 0x00, 0x00, 0x00, 0x00, 0x00, 0x00, 0x00, 0x0B, 0xFF,
  0xFF, 0xF4, 0x00, 0x00, 0x00, 0x00, 0x00, 0x00, 0x00, 0x04, 0xFF, 0xFF, 0xFC, 0x00, 0x00, 0x00, 0x00, 0x00, 0x00, 0x00, 0x00, 0xCF, 0xFF, 0xFF,
  0x40, 0x00, 0x00, 0x00, 0x00, 0x00, 0x00, 0x00, 0x4F, 0xFF, 0xFF, 0xB0, 0x00, 0x00, 0x00, 0x00, 0x00, 0x00, 0x00, 0x0C, 0xFF, 0xFF, 0xF4, 0x00,
  0x00, 0x00, 0x00, 0x00, 0x00, 0x00, 0x04, 0xFF, 0xFF, 0xFB, 0x00, 0x00, 0x00, 0x00, 0x00, 0x00, 0x00, 0x00, 0xCF, 0xFF, 0xFF, 0x40, 0x00, 0x00,
  0x00, 0x00, 0x00, 0x00, 0x00, 0x5F, 0xFF, 0xFF, 0xB0, 0x00, 0x00, 0x00, 0x00, 0x00, 0x00, 0x00, 0x0C, 0xFF, 0xFF, 0xF4, 0x00, 0x00, 0x00, 0x00,
  0x00, 0x00, 0x00, 0x05, 0xFF, 0xFF, 0xFB, 0x00, 0x00, 0x00, 0x00, 0x00, 0x00, 0x00, 0x00, 0xCF, 0xFF, 0xFF, 0x30, 0x00, 0x00, 0x00, 0x00, 0x00,
  0x00, 0x00, 0x5F, 0xFF, 0xFF, 0xB0, 0x00, 0x00, 0x00, 0x00, 0x00, 0x00, 0x00, 0x0D, 0xFF, 0xFF, 0xF3, 0x00, 0x00, 0x00, 0x00, 0x00, 0x00, 0x00,
  0x05, 0xFF, 0xFF, 0xFB, 0x00, 0x00, 0x00, 0x00, 0x00, 0x00, 0x00, 0x00, 0xDF, 0xFF, 0xFF, 0x30, 0x00, 0x00, 0x00, 0x00, 0x00, 0x00, 0x00, 0x6F,
  0xFF, 0xFF, 0xB0, 0x00, 0x00, 0x00, 0x00, 0x00, 0x00, 0x00, 0x0D, 0xFF, 0xFF, 0xF3, 0x00, 0x00, 0x00, 0x00, 0x00, 0x00, 0x00, 0x06, 0xFF, 0xFF,
  0xFA, 0x00, 0x00, 0x00, 0x00, 0x00, 0x00, 0x00, 0x00, 0xDF, 0xFF, 0xFF, 0x30, 0x00, 0x00, 0x00, 0x00, 0x00, 0x00, 0x00, 0x6F, 0xFF, 0xFF, 0xA0,
  0x00, 0x00, 0x00, 0x00, 0x00, 0x00, 0x00, 0x00, 0x00, 0x00, 0x01, 0x6A, 0xCE, 0xFF, 0xEC, 0x95, 0x00, 0x00, 0x00, 0x00, 0x00, 0x00, 0x01, 0x9F,
  0xFF, 0xFF, 0xFF, 0xFF, 0xFF, 0xE7, 0x00, 0x00, 0x00, 0x00, 0x00, 0x4E, 0xFF, 0xFF, 0xFF, 0xFF, 0xFF, 0xFF, 0xFF, 0xD2, 0x00, 0x00, 0x00, 0x05,
  0xFF, 0xFF, 0xFF, 0xFF, 0xFF, 0xFF, 0xFF, 0xFF, 0xFE, 0x20, 0x00, 0x00, 0x2E, 0xFF, 0xFF, 0xFF, 0xFC, 0xBB, 0xDF, 0xFF, 0xFF, 0xFF, 0xC0, 0x00,
  0x00, 0x9F, 0xFF, 0xFF, 0xF8, 0x10, 0x00, 0x02, 0xAF, 0xFF, 0xFF, 0xF6, 0x00, 0x00, 0xEF, 0xFF, 0xFF, 0x50, 0x00, 0x00, 0x00, 0x09, 0xFF, 0xFF,
  0xFB, 0x00, 0x02, 0xFF, 0xFF, 0xFB, 0x00, 0x00, 0x00, 0x00, 0x01, 0xFF, 0xFF, 0xFE, 0x00, 0x03, 0xFF, 0xFF, 0xF8, 0x00, 0x00, 0x00, 0x00, 0x00,
  0xCF, 0xFF, 0xFE, 0x00, 0x02, 0xFF, 0xFF, 0xF8, 0x00, 0x00, 0x00, 0x00, 0x00, 0xCF, 0xFF, 0xFD, 0x00, 0x00, 0xEF, 0xFF, 0xFC, 0x00, 0x00, 0x00,
  0x00, 0x01, 0xFF, 0xFF, 0xFA, 0x00, 0x00, 0x8F, 0xFF, 0xFF, 0x50, 0x00, 0x00, 0x00, 0x09, 0xFF, 0xFF, 0xF4, 0x00, 0x00, 0x1D, 0xFF, 0xFF, 0xF8,
  0x10, 0x00, 0x02, 0xAF, 0xFF, 0xFF, 0xA0, 0x00, 0x00, 0x02, 0xDF, 0xFF, 0xFF, 0xFC, 0xBB, 0xDF, 0xFF, 0xFF, 0xFA, 0x10, 0x00, 0x00, 0x00, 0x18,
  0xEF, 0xFF, 0xFF, 0xFF, 0xFF, 0xFF, 0xFD, 0x60, 0x00, 0x00, 0x00, 0x00, 0x00, 0x29, 0xFF, 0xFF, 0xFF, 0xFF, 0xFE, 0x71, 0x00, 0x00, 0x00, 0x00,
  0x00, 0x3B, 0xFF, 0xFF, 0xFF, 0xFF, 0xFF, 0xFF, 0xFE, 0x81, 0x00, 0x00, 0x00, 0x06, 0xFF, 0xFF, 0xFF, 0xFF, 0xFF, 0xFF, 0xFF, 0xFF, 0xFD, 0x30,
  0x00, 0x00, 0x6F, 0xFF, 0xFF, 0xFC, 0x62, 0x01, 0x37, 0xDF, 0xFF, 0xFF, 0xE3, 0x00, 0x03, 0xFF, 0xFF, 0xFF, 0x70, 0x00, 0x00, 0x00, 0x1A, 0xFF,
  0xFF, 0xFC, 0x00, 0x0A, 0xFF, 0xFF, 0xF8, 0x00, 0x00, 0x00, 0x00, 0x00, 0xBF, 0xFF, 0xFF, 0x60, 0x1F, 0xFF, 0xFF, 0xE0, 0x00, 0x00, 0x00, 0x00,
  0x00, 0x3F, 0xFF, 0xFF, 0xB0, 0x4F, 0xFF, 0xFF, 0xA0, 0x00, 0x00, 0x00, 0x00, 0x00, 0x0E, 0xFF, 0xFF, 0xF0, 0x5F, 0xFF, 0xFF, 0x90, 0x00, 0x00,
  0x00, 0x00, 0x00, 0x0D, 0xFF, 0xFF, 0xF1, 0x5F, 0xFF, 0xFF, 0xA0, 0x00, 0x00, 0x00, 0x00, 0x00, 0x0E, 0xFF, 0xFF, 0xF1, 0x3F, 0xFF, 0xFF, 0xE0,
  0x00, 0x00, 0x00, 0x00, 0x00, 0x3F, 0xFF, 0xFF, 0xF0, 0x1F, 0xFF, 0xFF, 0xF8, 0x00, 0x00, 0x00, 0x00, 0x00, 0xBF, 0xFF, 0xFF, 0xB0, 0x0A, 0xFF,
  0xFF, 0xFF, 0x80, 0x00, 0x00, 0x00, 0x1B, 0xFF, 0xFF, 0xFF, 0x60, 0x02, 0xEF, 0xFF, 0xFF, 0xFD, 0x84, 0x33, 0x59, 0xEF, 0xFF, 0xFF, 0xFC, 0x00,
  0x00, 0x5F, 0xFF, 0xFF, 0xFF, 0xFF, 0xFF, 0xFF, 0xFF, 0xFF, 0xFF, 0xE2, 0x00, 0x00, 0x06, 0xFF, 0xFF, 0xFF, 0xFF, 0xFF, 0xFF, 0xFF, 0xFF, 0xFE,
  0x30, 0x00, 0x00, 0x00, 0x3C, 0xFF, 0xFF, 0xFF, 0xFF, 0xFF, 0xFF, 0xFF, 0xA1, 0x00, 0x00, 0x00, 0x00, 0x00, 0x4A, 0xEF, 0xFF, 0xFF, 0xFF, 0xFE,
  0x93, 0x00, 0x00, 0x00, 0x00, 0x00, 0x00, 0x00, 0x03, 0x57, 0x77, 0x65, 0x20, 0x00, 0x00, 0x00, 0x00, 0x00, 0x00, 0x00, 0x02, 0x6A, 0xDE, 0xFE,
  0xDB, 0x72, 0x00, 0x00, 0x00, 0x00, 0x00, 0x00, 0x02, 0xAF, 0xFF, 0xFF, 0xFF, 0xFF, 0xFF, 0xA2, 0x00, 0x00, 0x00, 0x00, 0x00, 0x6F, 0xFF, 0xFF,
  0xFF, 0xFF, 0xFF, 0xFF, 0xFE, 0x50, 0x00, 0x00, 0x00, 0x07, 0xFF, 0xFF, 0xFF, 0xFF, 0xFF, 0xFF, 0xFF, 0xFF, 0xF6, 0x00, 0x00, 0x00, 0x5F, 0xFF,
  0xFF, 0xFF, 0xFC, 0xBC, 0xEF, 0xFF, 0xFF, 0xFF, 0x30, 0x00, 0x01, 0xEF, 0xFF, 0xFF, 0xF7, 0x10, 0x00, 0x16, 0xEF, 0xFF, 0xFF, 0xC0, 0x00, 0x07,
  0xFF, 0xFF, 0xFE, 0x30, 0x00, 0x00, 0x00, 0x2D, 0xFF, 0xFF, 0xF6, 0x00, 0x0D, 0xFF, 0xFF, 0xF5, 0x00, 0x00, 0x00, 0x00, 0x02, 0xEF, 0xFF, 0xFC,
  0x00, 0x2F, 0xFF, 0xFF, 0xC0, 0x00, 0x00, 0x00, 0x00, 0x00, 0x9F, 0xFF, 0xFF, 0x30, 0x4F, 0xFF, 0xFF, 0x70, 0x00, 0x00, 0x00, 0x00, 0x00, 0x4F,
  0xFF, 0xFF, 0x80, 0x5F, 0xFF, 0xFF, 0x50, 0x00, 0x00, 0x00, 0x00, 0x00, 0x2F, 0xFF, 0xFF, 0xB0, 0x5F, 0xFF, 0xFF, 0x50, 0x00, 0x00, 0x00, 0x00,
  0x00, 0x2F, 0xFF, 0xFF, 0xE0, 0x4F, 0xFF, 0xFF, 0x80, 0x00, 0x00, 0x00, 0x00, 0x00, 0x5F, 0xFF, 0xFF, 0xF1, 0x1F, 0xFF, 0xFF, 0xD0, 0x00, 0x00,
  0x00, 0x00, 0x00, 0xBF, 0xFF, 0xFF, 0xF2, 0x0C, 0xFF, 0xFF, 0xF7, 0x00, 0x00, 0x00, 0x00, 0x05, 0xFF, 0xFF, 0xFF, 0xF3, 0x07, 0xFF, 0xFF, 0xFF,
  0x60, 0x00, 0x00, 0x00, 0x5E, 0xFF, 0xFF, 0xFF, 0xF3, 0x01, 0xDF, 0xFF, 0xFF, 0xFB, 0x52, 0x02, 0x5B, 0xFF, 0xFF, 0xFF, 0xFF, 0xF3, 0x00, 0x4F,
  0xFF, 0xFF, 0xFF, 0xFF, 0xFF, 0xFF, 0xFF, 0xFF, 0xFF, 0xFF, 0xF3, 0x00, 0x06, 0xFF, 0xFF, 0xFF, 0xFF, 0xFF, 0xFF, 0xFF, 0xE7, 0xFF, 0xFF, 0xF2,
  0x00, 0x00, 0x5E, 0xFF, 0xFF, 0xFF, 0xFF, 0xFF, 0xFD, 0x36, 0xFF, 0xFF, 0xF0, 0x00, 0x00, 0x01, 0x9E, 0xFF, 0xFF, 0xFF, 0xFE, 0x81, 0x07, 0xFF,
  0xFF, 0xE0, 0x00, 0x00, 0x00, 0x01, 0x58, 0x9A, 0x97, 0x40, 0x00, 0x0A, 0xFF, 0xFF, 0xB0, 0x00, 0x00, 0x00, 0x00, 0x00, 0x00, 0x00, 0x00, 0x00,
  0x0E, 0xFF, 0xFF, 0x80, 0x00, 0x00, 0x00, 0x00, 0x00, 0x00, 0x00, 0x00, 0x00, 0x2F, 0xFF, 0xFF, 0x40, 0x1A, 0xAA, 0xAA, 0x60, 0x00, 0x00, 0x00,
  0x00, 0x00, 0x8F, 0xFF, 0xFE, 0x00, 0x0E, 0xFF, 0xFF, 0xC0, 0x00, 0x00, 0x00, 0x00, 0x01, 0xEF, 0xFF, 0xF9, 0x00, 0x0A, 0xFF, 0xFF, 0xF6, 0x00,
  0x00, 0x00, 0x00, 0x0B, 0xFF, 0xFF, 0xF3, 0x00, 0x04, 0xFF, 0xFF, 0xFE, 0x50, 0x00, 0x00, 0x01, 0xBF, 0xFF, 0xFF, 0xA0, 0x00, 0x00, 0xBF, 0xFF,
  0xFF, 0xFB, 0x63, 0x35, 0x9E, 0xFF, 0xFF, 0xFE, 0x20, 0x00, 0x00, 0x1D, 0xFF, 0xFF, 0xFF, 0xFF, 0xFF, 0xFF, 0xFF, 0xFF, 0xF4, 0x00, 0x00, 0x00,
  0x02, 0xEF, 0xFF, 0xFF, 0xFF, 0xFF, 0xFF, 0xFF, 0xFF, 0x50, 0x00, 0x00, 0x00, 0x00, 0x1A, 0xFF, 0xFF, 0xFF, 0xFF, 0xFF, 0xFF, 0xD3, 0x00, 0x00,
  0x00, 0x00, 0x00, 0x00, 0x4B, 0xFF, 0xFF, 0xFF, 0xFF, 0xC6, 0x00, 0x00, 0x00, 0x00, 0x00, 0x00, 0x00, 0x00, 0x14, 0x67, 0x76, 0x51, 0x00, 0x00,
  0x00, 0x00, 0x00, 0x00, 0x15, 0x75, 0x00, 0x02, 0xDF, 0xFF, 0xC1, 0x0A, 0xFF, 0xFF, 0xF9, 0x0E, 0xFF, 0xFF, 0xFD, 0x0E, 0xFF, 0xFF, 0xFD, 0x0A,
  0xFF, 0xFF, 0xF8, 0x01, 0xDF, 0xFF, 0xC1, 0x00, 0x15, 0x75, 0x00, 0x00, 0x00, 0x00, 0x00, 0x00, 0x00, 0x00, 0x00, 0x00, 0x00, 0x00, 0x00, 0x00,
  0x00, 0x00, 0x00, 0x00, 0x00, 0x00, 0x00, 0x00, 0x00, 0x00, 0x00, 0x00, 0x00, 0x00, 0x00, 0x00, 0x00, 0x00, 0x00, 0x00, 0x15, 0x75, 0x00, 0x02,
  0xDF, 0xFF, 0xC1, 0x0A, 0xFF, 0xFF, 0xF9, 0x0E, 0xFF, 0xFF, 0xFD, 0x0E, 0xFF, 0xFF, 0xFD, 0x0A, 0xFF, 0xFF, 0xF8, 0x01, 0xDF, 0xFF, 0xC1, 0x00,
  0x15, 0x75, 0x00,
};
static const Glyph GIANT_GLYPHS[] PROGMEM = {
  {0, 27, 34, 1, -33, 29}, {459, 15, 33, 0, -33, 18}, {707, 25, 33, 1, -33, 27}, {1120, 26, 34, 1, -33, 28},
  {1562, 28, 33, 1, -33, 30}, {2024, 25, 34, 1, -33, 27}, {2449, 26, 34, 1, -33, 28}, {2891, 23, 33, 1, -33, 25},
  {3271, 26, 34, 1, -33, 28}, {3713, 26, 34, 1, -33, 28}, {4155, 8, 24, 1, -23, 11},
};
static const Font GIANT_FONT = {GIANT_BITS, GIANT_GLYPHS, 48, 58, 46, 34};

// CLOCK: InterDisplay-Medium.ttf, 104 px
static const uint8_t CLOCK_BITS[] PROGMEM = {
  0x00, 0x00, 0x00, 0x00, 0x00, 0x00, 0x00, 0x00, 0x00, 0x00, 0x02, 0x58, 0xBC, 0xEE, 0xFE, 0xED, 0xB8, 0x62, 0x00, 0x00, 0x00, 0x00, 0x00, 0x00,
  0x00, 0x00, 0x00, 0x00, 0x00, 0x00, 0x00, 0x00, 0x00, 0x00, 0x00, 0x00, 0x00, 0x02, 0x7D, 0xFF, 0xFF, 0xFF, 0xFF, 0xFF, 0xFF, 0xFF, 0xFD, 0x82,
  0x00, 0x00, 0x00, 0x00, 0x00, 0x00, 0x00, 0x00, 0x00, 0x00, 0x00, 0x00, 0x00, 0x00, 0x00, 0x00, 0x00, 0x3A, 0xFF, 0xFF, 0xFF, 0xFF, 0xFF, 0xFF,
  0xFF, 0xFF, 0xFF, 0xFF, 0xFA, 0x30, 0x00, 0x00, 0x00, 0x00, 0x00, 0x00, 0x00, 0x00, 0x00, 0x00, 0x00, 0x00, 0x00, 0x00, 0x01, 0x9F, 0xFF, 0xFF,
  0xFF, 0xFF, 0xFF, 0xFF, 0xFF, 0xFF, 0xFF, 0xFF, 0xFF, 0xFF, 0xA1, 0x00, 0x00, 0x00, 0x00, 0x00, 0x00, 0x00, 0x00, 0x00, 0x00, 0x00, 0x00, 0x00,
  0x04, 0xEF, 0xFF, 0xFF, 0xFF, 0xFF, 0xFF, 0xFF, 0xFF, 0xFF, 0xFF, 0xFF, 0xFF, 0xFF, 0xFF, 0xE5, 0x00, 0x00, 0x00, 0x00, 0x00, 0x00, 0x00, 0x00,
  0x00, 0x00, 0x00, 0x00, 0x07, 0xFF, 0xFF, 0xFF, 0xFF, 0xFF, 0xFF, 0xFF, 0xFF, 0xFF, 0xFF, 0xFF, 0xFF, 0xFF, 0xFF, 0xFF, 0xF7, 0x00, 0x00, 0x00,
  0x00, 0x00, 0x00, 0x00, 0x00, 0x00, 0x00, 0x00, 0x09, 0xFF, 0xFF, 0xFF, 0xFF, 0xFF, 0xFF, 0xFF, 0xFF, 0xFF, 0xFF, 0xFF, 0xFF, 0xFF, 0xFF, 0xFF,
  0xFF, 0xF9, 0x00, 0x00, 0x00, 0x00, 0x00, 0x00, 0x00, 0x00, 0x00, 0x00, 0x0A, 0xFF, 0xFF, 0xFF, 0xFF, 0xFF, 0xFF, 0xFF, 0xFF, 0xFF, 0xFF, 0xFF,
  0xFF, 0xFF, 0xFF, 0xFF, 0xFF, 0xFF, 0xFB, 0x00, 0x00, 0x00, 0x00, 0x00, 0x00, 0x00, 0x00, 0x00, 0x08, 0xFF, 0xFF, 0xFF, 0xFF, 0xFF, 0xFF, 0xFF,
  0xFF, 0xFF, 0xFF, 0xFF, 0xFF, 0xFF, 0xFF, 0xFF, 0xFF, 0xFF, 0xFF, 0xF9, 0x00, 0x00, 0x00, 0x00, 0x00, 0x00, 0x00, 0x00, 0x06, 0xFF, 0xFF, 0xFF,
  0xFF, 0xFF, 0xFF, 0xFF, 0xFC, 0x96, 0x54, 0x56, 0x9C, 0xFF, 0xFF, 0xFF, 0xFF, 0xFF, 0xFF, 0xFF, 0xF6, 0x00, 0x00, 0x00, 0x00, 0x00, 0x00, 0x00,
  0x03, 0xFF, 0xFF, 0xFF, 0xFF, 0xFF, 0xFF, 0xFF, 0x82, 0x00, 0x00, 0x00, 0x00, 0x02, 0x8E, 0xFF, 0xFF, 0xFF, 0xFF, 0xFF, 0xFF, 0xF4, 0x00, 0x00,
  0x00, 0x00, 0x00, 0x00, 0x00, 0xDF, 0xFF, 0xFF, 0xFF, 0xFF, 0xFF, 0xFB, 0x20, 0x00, 0x00, 0x00, 0x00, 0x00, 0x00, 0x1A, 0xFF, 0xFF, 0xFF, 0xFF,
  0xFF, 0xFF, 0xD1, 0x00, 0x00, 0x00, 0x00, 0x00, 0x00, 0x7F, 0xFF, 0xFF, 0xFF, 0xFF, 0xFF, 0xF7, 0x00, 0x00, 0x00, 0x00, 0x00, 0x00, 0x00, 0x00,
  0x06, 0xFF, 0xFF, 0xFF, 0xFF, 0xFF, 0xFF, 0x80, 0x00, 0x00, 0x00, 0x00, 0x00, 0x2F, 0xFF, 0xFF, 0xFF, 0xFF, 0xFF, 0xF6, 0x00, 0x00, 0x00, 0x00,
  0x00, 0x00, 0x00, 0x00, 0x00, 0x05, 0xFF, 0xFF, 0xFF, 0xFF, 0xFF, 0xFF, 0x30, 0x00, 0x00, 0x00, 0x00, 0x0A, 0xFF, 0xFF, 0xFF, 0xFF, 0xFF, 0xF7,
  0x00, 0x00, 0x00, 0x00, 0x00, 0x00, 0x00, 0x00, 0x00, 0x00, 0x06, 0xFF, 0xFF, 0xFF, 0xFF, 0xFF, 0xFB, 0x00, 0x00, 0x00, 0x00, 0x02, 0xFF, 0xFF,
  0xFF, 0xFF, 0xFF, 0xFA, 0x00, 0x00, 0x00, 0x00, 0x00, 0x00, 0x00, 0x00, 0x00, 0x00, 0x00, 0x09, 0xFF, 0xFF, 0xFF, 0xFF, 0xFF, 0xF3, 0x00, 0x00,
  0x00, 0x00, 0x9F, 0xFF, 0xFF, 0xFF, 0xFF, 0xFE, 0x10, 0x00, 0x00, 0x00, 0x00, 0x00, 0x00, 0x00, 0x00, 0x00, 0x00, 0x00, 0x1D, 0xFF, 0xFF, 0xFF,
  0xFF, 0xFF, 0xA0, 0x00, 0x00, 0x00, 0x1F, 0xFF, 0xFF, 0xFF, 0xFF, 0xFF, 0x60, 0x00, 0x00, 0x00, 0x00, 0x00, 0x00, 0x00, 0x00, 0x00, 0x00, 0x00,
  0x00, 0x5F, 0xFF, 0xFF, 0xFF, 0xFF, 0xFF, 0x20, 0x00, 0x00, 0x07, 0xFF, 0xFF, 0xFF, 0xFF, 0xFF, 0xC0, 0x00, 0x00, 0x00, 0x00, 0x00, 0x00, 0x00,
  0x00, 0x00, 0x00, 0x00, 0x00, 0x00, 0xCF, 0xFF, 0xFF, 0xFF, 0xFF, 0xF8, 0x00, 0x00, 0x00, 0xDF, 0xFF, 0xFF, 0xFF, 0xFF, 0xF5, 0x00, 0x00, 0x00,
  0x00, 0x00, 0x00, 0x00, 0x00, 0x00, 0x00, 0x00, 0x00, 0x00, 0x04, 0xFF, 0xFF, 0xFF, 0xFF, 0xFF, 0xD0, 0x00, 0x00, 0x2F, 0xFF, 0xFF, 0xFF, 0xFF,
  0xFD, 0x00, 0x00, 0x00, 0x00, 0x00, 0x00, 0x00, 0x00, 0x00, 0x00, 0x00, 0x00, 0x00, 0x00, 0x0D, 0xFF, 0xFF, 0xFF, 0xFF, 0xFF, 0x30, 0x00, 0x07,
  0xFF, 0xFF, 0xFF, 0xFF, 0xFF, 0x70, 0x00, 0x00, 0x00, 0x00, 0x00, 0x00, 0x00, 0x00, 0x00, 0x00, 0x00, 0x00, 0x00, 0x00, 0x6F, 0xFF, 0xFF, 0xFF,
  0xFF, 0xF8, 0x00, 0x00, 0xCF, 0xFF, 0xFF, 0xFF, 0xFF, 0xF2, 0x00, 0x00, 0x00, 0x00, 0x00, 0x00, 0x00, 0x00, 0x00, 0x00, 0x00, 0x00, 0x00, 0x00,
  0x01, 0xFF, 0xFF, 0xFF, 0xFF, 0xFF, 0xD0, 0x00, 0x1F, 0xFF, 0xFF, 0xFF, 0xFF, 0xFC, 0x00, 0x00, 0x00, 0x00, 0x00, 0x00, 0x00, 0x00, 0x00, 0x00,
  0x00, 0x00, 0x00, 0x00, 0x00, 0x0B, 0xFF, 0xFF, 0xFF, 0xFF, 0xFF, 0x20, 0x04, 0xFF, 0xFF, 0xFF, 0xFF, 0xFF, 0x80, 0x00, 0x00, 0x00, 0x00, 0x00,
  0x00, 0x00, 0x00, 0x00, 0x00, 0x00, 0x00, 0x00, 0x00, 0x00, 0x7F, 0xFF, 0xFF, 0xFF, 0xFF, 0xF5, 0x00, 0x8F, 0xFF, 0xFF, 0xFF, 0xFF, 0xF4, 0x00,
  0x00, 0x00, 0x00, 0x00, 0x00, 0x00, 0x00, 0x00, 0x00, 0x00, 0x00, 0x00, 0x00, 0x00, 0x03, 0xFF, 0xFF, 0xFF, 0xFF, 0xFF, 0x80, 0x0B, 0xFF, 0xFF,
  0xFF, 0xFF, 0xFF, 0x00, 0x00, 0x00, 0x00, 0x00, 0x00, 0x00, 0x00, 0x00, 0x00, 0x00, 0x00, 0x00, 0x00, 0x00, 0x00, 0x0E, 0xFF, 0xFF, 0xFF, 0xFF,
  0xFC, 0x00, 0xEF, 0xFF, 0xFF, 0xFF, 0xFF, 0xC0, 0x00, 0x00, 0x00, 0x00, 0x00, 0x00, 0x00, 0x00, 0x00, 0x00, 0x00, 0x00, 0x00, 0x00, 0x00, 0x00,
  0xBF, 0xFF, 0xFF, 0xFF, 0xFF, 0xF0, 0x2F, 0xFF, 0xFF, 0xFF, 0xFF, 0xF9, 0x00, 0x00, 0x00, 0x00, 0x00, 0x00, 0x00, 0x00, 0x00, 0x00, 0x00, 0x00,
  0x00, 0x00, 0x00, 0x00, 0x09, 0xFF, 0xFF, 0xFF, 0xFF, 0xFF, 0x23, 0xFF, 0xFF, 0xFF, 0xFF, 0xFF, 0x70, 0x00, 0x00, 0x00, 0x00, 0x00, 0x00, 0x00,
  0x00, 0x00, 0x00, 0x00, 0x00, 0x00, 0x00, 0x00, 0x00, 0x6F, 0xFF, 0xFF, 0xFF, 0xFF, 0xF4, 0x5F, 0xFF, 0xFF, 0xFF, 0xFF, 0xF5, 0x00, 0x00, 0x00,
  0x00, 0x00, 0x00, 0x00, 0x00, 0x00, 0x00, 0x00, 0x00, 0x00, 0x00, 0x00, 0x00, 0x04, 0xFF, 0xFF, 0xFF, 0xFF, 0xFF, 0x67, 0xFF, 0xFF, 0xFF, 0xFF,
  0xFF, 0x30, 0x00, 0x00, 0x00, 0x00, 0x00, 0x00, 0x00, 0x00, 0x00, 0x00, 0x00, 0x00, 0x00, 0x00, 0x00, 0x00, 0x2F, 0xFF, 0xFF, 0xFF, 0xFF, 0xF8,
  0x9F, 0xFF, 0xFF, 0xFF, 0xFF, 0xF1, 0x00, 0x00, 0x00, 0x00, 0x00, 0x00, 0x00, 0x00, 0x00, 0x00, 0x00, 0x00, 0x00, 0x00, 0x00, 0x00, 0x00, 0xFF,
  0xFF, 0xFF, 0xFF, 0xFF, 0x9A, 0xFF, 0xFF, 0xFF, 0xFF, 0xFF, 0x00, 0x00, 0x00, 0x00, 0x00, 0x00, 0x00, 0x00, 0x00, 0x00, 0x00, 0x00, 0x00, 0x00,
  0x00, 0x00, 0x00, 0x0E, 0xFF, 0xFF, 0xFF, 0xFF, 0xFB, 0xBF, 0xFF, 0xFF, 0xFF, 0xFF, 0xE0, 0x00, 0x00, 0x00, 0x00, 0x00, 0x00, 0x00, 0x00, 0x00,
  0x00, 0x00, 0x00, 0x00, 0x00, 0x00, 0x00, 0x00, 0xDF, 0xFF, 0xFF, 0xFF, 0xFF, 0xBB, 0xFF, 0xFF, 0xFF, 0xFF, 0xFD, 0x00, 0x00, 0x00, 0x00, 0x00,
  0x00, 0x00, 0x00, 0x00, 0x00, 0x00, 0x00, 0x00, 0x00, 0x00, 0x00, 0x00, 0x0C, 0xFF, 0xFF, 0xFF, 0xFF, 0xFC, 0xCF, 0xFF, 0xFF, 0xFF, 0xFF, 0xD0,
  0x00, 0x00, 0x00, 0x00, 0x00, 0x00, 0x00, 0x00, 0x00, 0x00, 0x00, 0x00, 0x00, 0x00, 0x00, 0x00, 0x00, 0xCF, 0xFF, 0xFF, 0xFF, 0xFF, 0xDD, 0xFF,
  0xFF, 0xFF, 0xFF, 0xFC, 0x00, 0x00, 0x00, 0x00, 0x00, 0x00, 0x00, 0x00, 0x00, 0x00, 0x00, 0x00, 0x00, 0x00, 0x00, 0x00, 0x00, 0x0B, 0xFF, 0xFF,
  0xFF, 0xFF, 0xFD, 0xDF, 0xFF, 0xFF, 0xFF, 0xFF, 0xC0, 0x00, 0x00, 0x00, 0x00, 0x00, 0x00, 0x00, 0x00, 0x00, 0x00, 0x00, 0x00, 0x00, 0x00, 0x00,
  0x00, 0x00, 0xBF, 0xFF, 0xFF, 0xFF, 0xFF, 0xED, 0xFF, 0xFF, 0xFF, 0xFF, 0xFC, 0x00, 0x00, 0x00, 0x00, 0x00, 0x00, 0x00, 0x00, 0x00, 0x00, 0x00,
  0x00, 0x00, 0x00, 0x00, 0x00, 0x00, 0x0B, 0xFF, 0xFF, 0xFF, 0xFF, 0xFE, 0xDF, 0xFF, 0xFF, 0xFF, 0xFF, 0xC0, 0x00, 0x00, 0x00, 0x00, 0x00, 0x00,
  0x00, 0x00, 0x00, 0x00, 0x00, 0x00, 0x00, 0x00, 0x00, 0x00, 0x00, 0xBF, 0xFF, 0xFF, 0xFF, 0xFF, 0xDC, 0xFF, 0xFF, 0xFF, 0xFF, 0xFD, 0x00, 0x00,
  0x00, 0x00, 0x00, 0x00, 0x00, 0x00, 0x00, 0x00, 0x00, 0x00, 0x00, 0x00, 0x00, 0x00, 0x00, 0x0C, 0xFF, 0xFF, 0xFF, 0xFF, 0xFD, 0xBF, 0xFF, 0xFF,
  0xFF, 0xFF, 0xD0, 0x00, 0x00, 0x00, 0x00, 0x00, 0x00, 0x00, 0x00, 0x00, 0x00, 0x00, 0x00, 0x00, 0x00, 0x00, 0x00, 0x00, 0xCF, 0xFF, 0xFF, 0xFF,
  0xFF, 0xCB, 0xFF, 0xFF, 0xFF, 0xFF, 0xFE, 0x00, 0x00, 0x00, 0x00, 0x00, 0x00, 0x00, 0x00, 0x00, 0x00, 0x00, 0x00, 0x00, 0x00, 0x00, 0x00, 0x00,
  0x0D, 0xFF, 0xFF, 0xFF, 0xFF, 0xFC, 0xAF, 0xFF, 0xFF, 0xFF, 0xFF, 0xF0, 0x00, 0x00, 0x00, 0x00, 0x00, 0x00, 0x00, 0x00, 0x00, 0x00, 0x00, 0x00,
  0x00, 0x00, 0x00, 0x00, 0x00, 0xEF, 0xFF, 0xFF, 0xFF, 0xFF, 0xB9, 0xFF, 0xFF, 0xFF, 0xFF, 0xFF, 0x10, 0x00, 0x00, 0x00, 0x00, 0x00, 0x00, 0x00,
  0x00, 0x00, 0x00, 0x00, 0x00, 0x00, 0x00, 0x00, 0x00, 0x0F, 0xFF, 0xFF, 0xFF, 0xFF, 0xFA, 0x7F, 0xFF, 0xFF, 0xFF, 0xFF, 0xF3, 0x00, 0x00, 0x00,
  0x00, 0x00, 0x00, 0x00, 0x00, 0x00, 0x00, 0x00, 0x00, 0x00, 0x00, 0x00, 0x00, 0x02, 0xFF, 0xFF, 0xFF, 0xFF, 0xFF, 0x85, 0xFF, 0xFF, 0xFF, 0xFF,
  0xFF, 0x50, 0x00, 0x00, 0x00, 0x00, 0x00, 0x00, 0x00, 0x00, 0x00, 0x00, 0x00, 0x00, 0x00, 0x00, 0x00, 0x00, 0x4F, 0xFF, 0xFF, 0xFF, 0xFF, 0xF6,
  0x3F, 0xFF, 0xFF, 0xFF, 0xFF, 0xF7, 0x00, 0x00, 0x00, 0x00, 0x00, 0x00, 0x00, 0x00, 0x00, 0x00, 0x00, 0x00, 0x00, 0x00, 0x00, 0x00, 0x06, 0xFF,
  0xFF, 0xFF, 0xFF, 0xFF, 0x42, 0xFF, 0xFF, 0xFF, 0xFF, 0xFF, 0x90, 0x00, 0x00, 0x00, 0x00, 0x00, 0x00, 0x00, 0x00, 0x00, 0x00, 0x00, 0x00, 0x00,
  0x00, 0x00, 0x00, 0x8F, 0xFF, 0xFF, 0xFF, 0xFF, 0xF2, 0x0E, 0xFF, 0xFF, 0xFF, 0xFF, 0xFC, 0x00, 0x00, 0x00, 0x00, 0x00, 0x00, 0x00, 0x00, 0x00,
  0x00, 0x00, 0x00, 0x00, 0x00, 0x00, 0x00, 0x0B, 0xFF, 0xFF, 0xFF, 0xFF, 0xFF, 0x00, 0xBF, 0xFF, 0xFF, 0xFF, 0xFF, 0xF0, 0x00, 0x00, 0x00, 0x00,
  0x00, 0x00, 0x00, 0x00, 0x00, 0x00, 0x00, 0x00, 0x00, 0x00, 0x00, 0x00, 0xEF, 0xFF, 0xFF, 0xFF, 0xFF, 0xC0, 0x08, 0xFF, 0xFF, 0xFF, 0xFF, 0xFF,
  0x40, 0x00, 0x00, 0x00, 0x00, 0x00, 0x00, 0x00, 0x00, 0x00, 0x00, 0x00, 0x00, 0x00, 0x00, 0x00, 0x3F, 0xFF, 0xFF, 0xFF, 0xFF, 0xF9, 0x00, 0x5F,
  0xFF, 0xFF, 0xFF, 0xFF, 0xF7, 0x00, 0x00, 0x00, 0x00, 0x00, 0x00, 0x00, 0x00, 0x00, 0x00, 0x00, 0x00, 0x00, 0x00, 0x00, 0x07, 0xFF, 0xFF, 0xFF,
  0xFF, 0xFF, 0x50, 0x01, 0xFF, 0xFF, 0xFF, 0xFF, 0xFF, 0xC0, 0x00, 0x00, 0x00, 0x00, 0x00, 0x00, 0x00, 0x00, 0x00, 0x00, 0x00, 0x00, 0x00, 0x00,
  0x00, 0xBF, 0xFF, 0xFF, 0xFF, 0xFF, 0xF2, 0x00, 0x0D, 0xFF, 0xFF, 0xFF, 0xFF, 0xFF, 0x20, 0x00, 0x00, 0x00, 0x00, 0x00, 0x00, 0x00, 0x00, 0x00,
  0x00, 0x00, 0x00, 0x00, 0x00, 0x1F, 0xFF, 0xFF, 0xFF, 0xFF, 0xFD, 0x00, 0x00, 0x8F, 0xFF, 0xFF, 0xFF, 0xFF, 0xF7, 0x00, 0x00, 0x00, 0x00, 0x00,
  0x00, 0x00, 0x00, 0x00, 0x00, 0x00, 0x00, 0x00, 0x00, 0x06, 0xFF, 0xFF, 0xFF, 0xFF, 0xFF, 0x80, 0x00, 0x03, 0xFF, 0xFF, 0xFF, 0xFF, 0xFF, 0xD0,
  0x00, 0x00, 0x00, 0x00, 0x00, 0x00, 0x00, 0x00, 0x00, 0x00, 0x00, 0x00, 0x00, 0x00, 0xCF, 0xFF, 0xFF, 0xFF, 0xFF, 0xF3, 0x00, 0x00, 0x0D, 0xFF,
  0xFF, 0xFF, 0xFF, 0xFF, 0x50, 0x00, 0x00, 0x00, 0x00, 0x00, 0x00, 0x00, 0x00, 0x00, 0x00, 0x00, 0x00, 0x00, 0x4F, 0xFF, 0xFF, 0xFF, 0xFF, 0xFD,
  0x00, 0x00, 0x00, 0x8F, 0xFF, 0xFF, 0xFF, 0xFF, 0xFC, 0x00, 0x00, 0x00, 0x00, 0x00, 0x00, 0x00, 0x00, 0x00, 0x00, 0x00, 0x00, 0x00, 0x0B, 0xFF,
  0xFF, 0xFF, 0xFF, 0xFF, 0x80, 0x00, 0x00, 0x02, 0xFF, 0xFF, 0xFF, 0xFF, 0xFF, 0xF5, 0x00, 0x00, 0x00, 0x00, 0x00, 0x00, 0x00, 0x00, 0x00, 0x00,
  0x00, 0x00, 0x05, 0xFF, 0xFF, 0xFF, 0xFF, 0xFF, 0xF2, 0x00, 0x00, 0x00, 0x09, 0xFF, 0xFF, 0xFF, 0xFF, 0xFF, 0xE1, 0x00, 0x00, 0x00, 0x00, 0x00,
  0x00, 0x00, 0x00, 0x00, 0x00, 0x00, 0x01, 0xDF, 0xFF, 0xFF, 0xFF, 0xFF, 0xFA, 0x00, 0x00, 0x00, 0x00, 0x2F, 0xFF, 0xFF, 0xFF, 0xFF, 0xFF, 0xA0,
  0x00, 0x00, 0x00, 0x00, 0x00, 0x00, 0x00, 0x00, 0x00, 0x00, 0x00, 0x9F, 0xFF, 0xFF, 0xFF, 0xFF, 0xFF, 0x30, 0x00, 0x00, 0x00, 0x00, 0xAF, 0xFF,
  0xFF, 0xFF, 0xFF, 0xFF, 0x70, 0x00, 0x00, 0x00, 0x00, 0x00, 0x00, 0x00, 0x00, 0x00, 0x00, 0x6F, 0xFF, 0xFF, 0xFF, 0xFF, 0xFF, 0xB0, 0x00, 0x00,
  0x00, 0x00, 0x02, 0xFF, 0xFF, 0xFF, 0xFF, 0xFF, 0xFF, 0x60, 0x00, 0x00, 0x00, 0x00, 0x00, 0x00, 0x00, 0x00, 0x00, 0x5F, 0xFF, 0xFF, 0xFF, 0xFF,
  0xFF, 0xF3, 0x00, 0x00, 0x00, 0x00, 0x00, 0x07, 0xFF, 0xFF, 0xFF, 0xFF, 0xFF, 0xFF, 0x70, 0x00, 0x00, 0x00, 0x00, 0x00, 0x00, 0x00, 0x00, 0x6F,
  0xFF, 0xFF, 0xFF, 0xFF, 0xFF, 0xF8, 0x00, 0x00, 0x00, 0x00, 0x00, 0x00, 0x0D, 0xFF, 0xFF, 0xFF, 0xFF, 0xFF, 0xFF, 0xB2, 0x00, 0x00, 0x00, 0x00,
  0x00, 0x00, 0x01, 0xAF, 0xFF, 0xFF, 0xFF, 0xFF, 0xFF, 0xFD, 0x10, 0x00, 0x00, 0x00, 0x00, 0x00, 0x00, 0x3F, 0xFF, 0xFF, 0xFF, 0xFF, 0xFF, 0xFF,
  0xF8, 0x20, 0x00, 0x00, 0x00, 0x00, 0x28, 0xEF, 0xFF, 0xFF, 0xFF, 0xFF, 0xFF, 0xFF, 0x40, 0x00, 0x00, 0x00, 0x00, 0x00, 0x00, 0x00, 0x6F, 0xFF,
  0xFF, 0xFF, 0xFF, 0xFF, 0xFF, 0xFF, 0xC9, 0x65, 0x45, 0x69, 0xCF, 0xFF, 0xFF, 0xFF, 0xFF, 0xFF, 0xFF, 0xFF, 0x70, 0x00, 0x00, 0x00, 0x00, 0x00,
  0x00, 0x00, 0x00, 0x8F, 0xFF, 0xFF, 0xFF, 0xFF, 0xFF, 0xFF, 0xFF, 0xFF, 0xFF, 0xFF, 0xFF, 0xFF, 0xFF, 0xFF, 0xFF, 0xFF, 0xFF, 0xFF, 0x90, 0x00,
  0x00, 0x00, 0x00, 0x00, 0x00, 0x00, 0x00, 0x00, 0xAF, 0xFF, 0xFF, 0xFF, 0xFF, 0xFF, 0xFF, 0xFF, 0xFF, 0xFF, 0xFF, 0xFF, 0xFF, 0xFF, 0xFF, 0xFF,
  0xFF, 0xFF, 0xB0, 0x00, 0x00, 0x00, 0x00, 0x00, 0x00, 0x00, 0x00, 0x00, 0x00, 0x9F, 0xFF, 0xFF, 0xFF, 0xFF, 0xFF, 0xFF, 0xFF, 0xFF, 0xFF, 0xFF,
  0xFF, 0xFF, 0xFF, 0xFF, 0xFF, 0xFF, 0x90, 0x00, 0x00, 0x00, 0x00, 0x00, 0x00, 0x00, 0x00, 0x00, 0x00, 0x00, 0x7F, 0xFF, 0xFF, 0xFF, 0xFF, 0xFF,
  0xFF, 0xFF, 0xFF, 0xFF, 0xFF, 0xFF, 0xFF, 0xFF, 0xFF, 0xFF, 0x70, 0x00, 0x00, 0x00, 0x00, 0x00, 0x00, 0x00, 0x00, 0x00, 0x00, 0x00, 0x00, 0x5E,
  0xFF, 0xFF, 0xFF, 0xFF, 0xFF, 0xFF, 0xFF, 0xFF, 0xFF, 0xFF, 0xFF, 0xFF, 0xFF, 0xFE, 0x50, 0x00, 0x00, 0x00, 0x00, 0x00, 0x00, 0x00, 0x00, 0x00,
  0x00, 0x00, 0x00, 0x00, 0x19, 0xFF, 0xFF, 0xFF, 0xFF, 0xFF, 0xFF, 0xFF, 0xFF, 0xFF, 0xFF, 0xFF, 0xFF, 0xFA, 0x10, 0x00, 0x00, 0x00, 0x00, 0x00,
  0x00, 0x00, 0x00, 0x00, 0x00, 0x00, 0x00, 0x00, 0x00, 0x03, 0xAF, 0xFF, 0xFF, 0xFF, 0xFF, 0xFF, 0xFF, 0xFF, 0xFF, 0xFF, 0xFF, 0xB3, 0x00, 0x00,
  0x00, 0x00, 0x00, 0x00, 0x00, 0x00, 0x00, 0x00, 0x00, 0x00, 0x00, 0x00, 0x00, 0x00, 0x00, 0x28, 0xDF, 0xFF, 0xFF, 0xFF, 0xFF, 0xFF, 0xFF, 0xFF,
  0xD8, 0x20, 0x00, 0x00, 0x00, 0x00, 0x00, 0x00, 0x00, 0x00, 0x00, 0x00, 0x00, 0x00, 0x00, 0x00, 0x00, 0x00, 0x00, 0x00, 0x00, 0x25, 0x8B, 0xDE,
  0xFF, 0xFE, 0xDB, 0x96, 0x20, 0x00, 0x00, 0x00, 0x00, 0x00, 0x00, 0x00, 0x00, 0x00, 0x00, 0x00, 0x00, 0x00, 0x00, 0x00, 0x00, 0x00, 0x00, 0x01,
  0x9F, 0xFF, 0xFF, 0xFF, 0xFF, 0xFB, 0x00, 0x00, 0x00, 0x00, 0x00, 0x00, 0x00, 0x00, 0x4D, 0xFF, 0xFF, 0xFF, 0xFF, 0xFF, 0xFB, 0x00, 0x00, 0x00,
  0x00, 0x00, 0x00, 0x00, 0x19, 0xFF, 0xFF, 0xFF, 0xFF, 0xFF, 0xFF, 0xFB, 0x00, 0x00, 0x00, 0x00, 0x00, 0x00, 0x04, 0xDF, 0xFF, 0xFF, 0xFF, 0xFF,
  0xFF, 0xFF, 0xFB, 0x00, 0x00, 0x00, 0x00, 0x00, 0x01, 0x9F, 0xFF, 0xFF, 0xFF, 0xFF, 0xFF, 0xFF, 0xFF, 0xFB, 0x00, 0x00, 0x00, 0x00, 0x00, 0x4D,
  0xFF, 0xFF, 0xFF, 0xFF, 0xFF, 0xFF, 0xFF, 0xFF, 0xFB, 0x00, 0x00, 0x00, 0x00, 0x19, 0xFF, 0xFF, 0xFF, 0xFF, 0xFF, 0xFF, 0xFF, 0xFF, 0xFF, 0xFB,
  0x00, 0x00, 0x00, 0x04, 0xDF, 0xFF, 0xFF, 0xFF, 0xFF, 0xFF, 0xFF, 0xFF, 0xFF, 0xFF, 0xFB, 0x00, 0x00, 0x01, 0x9F, 0xFF, 0xFF, 0xFF, 0xFF, 0xFF,
  0xFF, 0xFF, 0xFF, 0xFF, 0xFF, 0xFB, 0x00, 0x00, 0x4D, 0xFF, 0xFF, 0xFF, 0xFF, 0xFF, 0xFF, 0xFF, 0xFF, 0xFF, 0xFF, 0xFF, 0xFB, 0x00, 0x19, 0xFF,
  0xFF, 0xFF, 0xFF, 0xFF, 0xFF, 0xFF, 0xFF, 0xFF, 0xFF, 0xFF, 0xFF, 0xFB, 0x04, 0xDF, 0xFF, 0xFF, 0xFF, 0xFF, 0xFF, 0xFF, 0xFE, 0x8F, 0xFF, 0xFF,
  0xFF, 0xFF, 0xFB, 0x7F, 0xFF, 0xFF, 0xFF, 0xFF, 0xFF, 0xFF, 0xFF, 0xB2, 0x3F, 0xFF, 0xFF, 0xFF, 0xFF, 0xFB, 0xBF, 0xFF, 0xFF, 0xFF, 0xFF, 0xFF,
  0xFF, 0xE6, 0x00, 0x3F, 0xFF, 0xFF, 0xFF, 0xFF, 0xFB, 0xBF, 0xFF, 0xFF, 0xFF, 0xFF, 0xFF, 0xFA, 0x10, 0x00, 0x3F, 0xFF, 0xFF, 0xFF, 0xFF, 0xFB,
  0xBF, 0xFF, 0xFF, 0xFF, 0xFF, 0xFE, 0x50, 0x00, 0x00, 0x3F, 0xFF, 0xFF, 0xFF, 0xFF, 0xFB, 0xBF, 0xFF, 0xFF, 0xFF, 0xFF, 0xA1, 0x00, 0x00, 0x00,
  0x3F, 0xFF, 0xFF, 0xFF, 0xFF, 0xFB, 0xBF, 0xFF, 0xFF, 0xFF, 0xD5, 0x00, 0x00, 0x00, 0x00, 0x3F, 0xFF, 0xFF, 0xFF, 0xFF, 0xFB, 0xBF, 0xFF, 0xFF,
  0xF9, 0x10, 0x00, 0x00, 0x00, 0x00, 0x3F, 0xFF, 0xFF, 0xFF, 0xFF, 0xFB, 0xBF, 0xFF, 0xFD, 0x40, 0x00, 0x00, 0x00, 0x00, 0x00, 0x3F, 0xFF, 0xFF,
  0xFF, 0xFF, 0xFB, 0xBF, 0xFF, 0x91, 0x00, 0x00, 0x00, 0x00, 0x00, 0x00, 0x3F, 0xFF, 0xFF, 0xFF, 0xFF, 0xFB, 0xBF, 0xD4, 0x00, 0x00, 0x00, 0x00,
  0x00, 0x00, 0x00, 0x3F, 0xFF, 0xFF, 0xFF, 0xFF, 0xFB, 0xB8, 0x10, 0x00, 0x00, 0x00, 0x00, 0x00, 0x00, 0x00, 0x3F, 0xFF, 0xFF, 0xFF, 0xFF, 0xFB,
  0x10, 0x00, 0x00, 0x00, 0x00, 0x00, 0x00, 0x00, 0x00, 0x3F, 0xFF, 0xFF, 0xFF, 0xFF, 0xFB, 0x00, 0x00, 0x00, 0x00, 0x00, 0x00, 0x00, 0x00, 0x00,
  0x3F, 0xFF, 0xFF, 0xFF, 0xFF, 0xFB, 0x00, 0x00, 0x00, 0x00, 0x00, 0x00, 0x00, 0x00, 0x00, 0x3F, 0xFF, 0xFF, 0xFF, 0xFF, 0xFB, 0x00, 0x00, 0x00,
  0x00, 0x00, 0x00, 0x00, 0x00, 0x00, 0x3F, 0xFF, 0xFF, 0xFF, 0xFF, 0xFB, 0x00, 0x00, 0x00, 0x00, 0x00, 0x00, 0x00, 0x00, 0x00, 0x3F, 0xFF, 0xFF,
  0xFF, 0xFF, 0xFB, 0x00, 0x00, 0x00, 0x00, 0x00, 0x00, 0x00, 0x00, 0x00, 0x3F, 0xFF, 0xFF, 0xFF, 0xFF, 0xFB, 0x00, 0x00, 0x00, 0x00, 0x00, 0x00,
  0x00, 0x00, 0x00, 0x3F, 0xFF, 0xFF, 0xFF, 0xFF, 0xFB, 0x00, 0x00, 0x00, 0x00, 0x00, 0x00, 0x00, 0x00, 0x00, 0x3F, 0xFF, 0xFF, 0xFF, 0xFF, 0xFB,
  0x00, 0x00, 0x00, 0x00, 0x00, 0x00, 0x00, 0x00, 0x00, 0x3F, 0xFF, 0xFF, 0xFF, 0xFF, 0xFB, 0x00, 0x00, 0x00, 0x00, 0x00, 0x00, 0x00, 0x00, 0x00,
  0x3F, 0xFF, 0xFF, 0xFF, 0xFF, 0xFB, 0x00, 0x00, 0x00, 0x00, 0x00, 0x00, 0x00, 0x00, 0x00, 0x3F, 0xFF, 0xFF, 0xFF, 0xFF, 0xFB, 0x00, 0x00, 0x00,
  0x00, 0x00, 0x00, 0x00, 0x00, 0x00, 0x3F, 0xFF, 0xFF, 0xFF, 0xFF, 0xFB, 0x00, 0x00, 0x00, 0x00, 0x00, 0x00, 0x00, 0x00, 0x00, 0x3F, 0xFF, 0xFF,
  0xFF, 0xFF, 0xFB, 0x00, 0x00, 0x00, 0x00, 0x00, 0x00, 0x00, 0x00, 0x00, 0x3F, 0xFF, 0xFF, 0xFF, 0xFF, 0xFB, 0x00, 0x00, 0x00, 0x00, 0x00, 0x00,
  0x00, 0x00, 0x00, 0x3F, 0xFF, 0xFF, 0xFF, 0xFF, 0xFB, 0x00, 0x00, 0x00, 0x00, 0x00, 0x00, 0x00, 0x00, 0x00, 0x3F, 0xFF, 0xFF, 0xFF, 0xFF, 0xFB,
  0x00, 0x00, 0x00, 0x00, 0x00, 0x00, 0x00, 0x00, 0x00, 0x3F, 0xFF, 0xFF, 0xFF, 0xFF, 0xFB, 0x00, 0x00, 0x00, 0x00, 0x00, 0x00, 0x00, 0x00, 0x00,
  0x3F, 0xFF, 0xFF, 0xFF, 0xFF, 0xFB, 0x00, 0x00, 0x00, 0x00, 0x00, 0x00, 0x00, 0x00, 0x00, 0x3F, 0xFF, 0xFF, 0xFF, 0xFF, 0xFB, 0x00, 0x00, 0x00,
  0x00, 0x00, 0x00, 0x00, 0x00, 0x00, 0x3F, 0xFF, 0xFF, 0xFF, 0xFF, 0xFB, 0x00, 0x00, 0x00, 0x00, 0x00, 0x00, 0x00, 0x00, 0x00, 0x3F, 0xFF, 0xFF,
  0xFF, 0xFF, 0xFB, 0x00, 0x00, 0x00, 0x00, 0x00, 0x00, 0x00, 0x00, 0x00, 0x3F, 0xFF, 0xFF, 0xFF, 0xFF, 0xFB, 0x00, 0x00, 0x00, 0x00, 0x00, 0x00,
  0x00, 0x00, 0x00, 0x3F, 0xFF, 0xFF, 0xFF, 0xFF, 0xFB, 0x00, 0x00, 0x00, 0x00, 0x00, 0x00, 0x00, 0x00, 0x00, 0x3F, 0xFF, 0xFF, 0xFF, 0xFF, 0xFB,
  0x00, 0x00, 0x00, 0x00, 0x00, 0x00, 0x00, 0x00, 0x00, 0x3F, 0xFF, 0xFF, 0xFF, 0xFF, 0xFB, 0x00, 0x00, 0x00, 0x00, 0x00, 0x00, 0x00, 0x00, 0x00,
  0x3F, 0xFF, 0xFF, 0xFF, 0xFF, 0xFB, 0x00, 0x00, 0x00, 0x00, 0x00, 0x00, 0x00, 0x00, 0x00, 0x3F, 0xFF, 0xFF, 0xFF, 0xFF, 0xFB, 0x00, 0x00, 0x00,
  0x00, 0x00, 0x00, 0x00, 0x00, 0x00, 0x3F, 0xFF, 0xFF, 0xFF, 0xFF, 0xFB, 0x00, 0x00, 0x00, 0x00, 0x00, 0x00, 0x00, 0x00, 0x00, 0x3F, 0xFF, 0xFF,
  0xFF, 0xFF, 0xFB, 0x00, 0x00, 0x00, 0x00, 0x00, 0x00, 0x00, 0x00, 0x00, 0x3F, 0xFF, 0xFF, 0xFF, 0xFF, 0xFB, 0x00, 0x00, 0x00, 0x00, 0x00, 0x00,
  0x00, 0x00, 0x00, 0x3F, 0xFF, 0xFF, 0xFF, 0xFF, 0xFB, 0x00, 0x00, 0x00, 0x00, 0x00, 0x00, 0x00, 0x00, 0x00, 0x3F, 0xFF, 0xFF, 0xFF, 0xFF, 0xFB,
  0x00, 0x00, 0x00, 0x00, 0x00, 0x00, 0x00, 0x00, 0x00, 0x3F, 0xFF, 0xFF, 0xFF, 0xFF, 0xFB, 0x00, 0x00, 0x00, 0x00, 0x00, 0x00, 0x00, 0x00, 0x00,
  0x3F, 0xFF, 0xFF, 0xFF, 0xFF, 0xFB, 0x00, 0x00, 0x00, 0x00, 0x00, 0x00, 0x00, 0x00, 0x00, 0x3F, 0xFF, 0xFF, 0xFF, 0xFF, 0xFB, 0x00, 0x00, 0x00,
  0x00, 0x00, 0x00, 0x00, 0x00, 0x00, 0x3F, 0xFF, 0xFF, 0xFF, 0xFF, 0xFB, 0x00, 0x00, 0x00, 0x00, 0x00, 0x00, 0x00, 0x00, 0x00, 0x3F, 0xFF, 0xFF,
  0xFF, 0xFF, 0xFB, 0x00, 0x00, 0x00, 0x00, 0x00, 0x00, 0x00, 0x00, 0x00, 0x3F, 0xFF, 0xFF, 0xFF, 0xFF, 0xFB, 0x00, 0x00, 0x00, 0x00, 0x00, 0x00,
  0x00, 0x00, 0x00, 0x3F, 0xFF, 0xFF, 0xFF, 0xFF, 0xFB, 0x00, 0x00, 0x00, 0x00, 0x00, 0x00, 0x00, 0x00, 0x00, 0x3F, 0xFF, 0xFF, 0xFF, 0xFF, 0xFB,
  0x00, 0x00, 0x00, 0x00, 0x00, 0x00, 0x00, 0x00, 0x00, 0x3F, 0xFF, 0xFF, 0xFF, 0xFF, 0xFB, 0x00, 0x00, 0x00, 0x00, 0x00, 0x00, 0x00, 0x00, 0x00,
  0x3F, 0xFF, 0xFF, 0xFF, 0xFF, 0xFB, 0x00, 0x00, 0x00, 0x00, 0x00, 0x00, 0x00, 0x00, 0x00, 0x3F, 0xFF, 0xFF, 0xFF, 0xFF, 0xFB, 0x00, 0x00, 0x00,
  0x00, 0x00, 0x00, 0x00, 0x00, 0x00, 0x3F, 0xFF, 0xFF, 0xFF, 0xFF, 0xFB, 0x00, 0x00, 0x00, 0x00, 0x00, 0x00, 0x00, 0x00, 0x00, 0x3F, 0xFF, 0xFF,
  0xFF, 0xFF, 0xFB, 0x00, 0x00, 0x00, 0x00, 0x00, 0x00, 0x00, 0x00, 0x00, 0x3F, 0xFF, 0xFF, 0xFF, 0xFF, 0xFB, 0x00, 0x00, 0x00, 0x00, 0x00, 0x00,
  0x00, 0x00, 0x00, 0x3F, 0xFF, 0xFF, 0xFF, 0xFF, 0xFB, 0x00, 0x00, 0x00, 0x00, 0x00, 0x00, 0x00, 0x00, 0x00, 0x3F, 0xFF, 0xFF, 0xFF, 0xFF, 0xFB,
  0x00, 0x00, 0x00, 0x00, 0x00, 0x00, 0x00, 0x00, 0x00, 0x3F, 0xFF, 0xFF, 0xFF, 0xFF, 0xFB, 0x00, 0x00, 0x00, 0x00, 0x00, 0x00, 0x00, 0x00, 0x00,
  0x3F, 0xFF, 0xFF, 0xFF, 0xFF, 0xFB, 0x00, 0x00, 0x00, 0x00, 0x00, 0x00, 0x00, 0x00, 0x00, 0x3F, 0xFF, 0xFF, 0xFF, 0xFF, 0xFB, 0x00, 0x00, 0x00,
  0x00, 0x00, 0x00, 0x00, 0x00, 0x00, 0x3F, 0xFF, 0xFF, 0xFF, 0xFF, 0xFB, 0x00, 0x00, 0x00, 0x00, 0x00, 0x00, 0x00, 0x00, 0x00, 0x3F, 0xFF, 0xFF,
  0xFF, 0xFF, 0xFB, 0x00, 0x00, 0x00, 0x00, 0x00, 0x00, 0x00, 0x00, 0x00, 0x25, 0x7A, 0xCD, 0xEF, 0xFE, 0xDC, 0xA7, 0x51, 0x00, 0x00, 0x00, 0x00,
  0x00, 0x00, 0x00, 0x00, 0x00, 0x00, 0x00, 0x00, 0x00, 0x00, 0x00, 0x00, 0x02, 0x7C, 0xFF, 0xFF, 0xFF, 0xFF, 0xFF, 0xFF, 0xFF, 0xFF, 0xC7, 0x20,
  0x00, 0x00, 0x00, 0x00, 0x00, 0x00, 0x00, 0x00, 0x00, 0x00, 0x00, 0x00, 0x00, 0x03, 0xAF, 0xFF, 0xFF, 0xFF, 0xFF, 0xFF, 0xFF, 0xFF, 0xFF, 0xFF,
  0xFF, 0xFA, 0x40, 0x00, 0x00, 0x00, 0x00, 0x00, 0x00, 0x00, 0x00, 0x00, 0x00, 0x00, 0x02, 0xBF, 0xFF, 0xFF, 0xFF, 0xFF, 0xFF, 0xFF, 0xFF, 0xFF,
  0xFF, 0xFF, 0xFF, 0xFF, 0xFB, 0x20, 0x00, 0x00, 0x00, 0x00, 0x00, 0x00, 0x00, 0x00, 0x00, 0x00, 0x6E, 0xFF, 0xFF, 0xFF, 0xFF, 0xFF, 0xFF, 0xFF,
  0xFF, 0xFF, 0xFF, 0xFF, 0xFF, 0xFF, 0xFF, 0xF7, 0x00, 0x00, 0x00, 0x00, 0x00, 0x00, 0x00, 0x00, 0x00, 0x0A, 0xFF, 0xFF, 0xFF, 0xFF, 0xFF, 0xFF,
  0xFF, 0xFF, 0xFF, 0xFF, 0xFF, 0xFF, 0xFF, 0xFF, 0xFF, 0xFF, 0xB1, 0x00, 0x00, 0x00, 0x00, 0x00, 0x00, 0x00, 0x01, 0xBF, 0xFF, 0xFF, 0xFF, 0xFF,
  0xFF, 0xFF, 0xFF, 0xFF, 0xFF, 0xFF, 0xFF, 0xFF, 0xFF, 0xFF, 0xFF, 0xFF, 0xFD, 0x20, 0x00, 0x00, 0x00, 0x00, 0x00, 0x00, 0x1C, 0xFF, 0xFF, 0xFF,
  0xFF, 0xFF, 0xFF, 0xFF, 0xFF, 0xFF, 0xFF, 0xFF, 0xFF, 0xFF, 0xFF, 0xFF, 0xFF, 0xFF, 0xFF, 0xD1, 0x00, 0x00, 0x00, 0x00, 0x00, 0x00, 0xBF, 0xFF,
  0xFF, 0xFF, 0xFF, 0xFF, 0xFF, 0xFF, 0xFF, 0xFF, 0xFF, 0xFF, 0xFF, 0xFF, 0xFF, 0xFF, 0xFF, 0xFF, 0xFF, 0xFC, 0x10, 0x00, 0x00, 0x00, 0x00, 0x08,
  0xFF, 0xFF, 0xFF, 0xFF, 0xFF, 0xFF, 0xFF, 0xFC, 0x97, 0x54, 0x46, 0x79, 0xDF, 0xFF, 0xFF, 0xFF, 0xFF, 0xFF, 0xFF, 0xFF, 0xA0, 0x00, 0x00, 0x00,
  0x00, 0x4F, 0xFF, 0xFF, 0xFF, 0xFF, 0xFF, 0xFF, 0xE7, 0x20, 0x00, 0x00, 0x00, 0x00, 0x01, 0x7E, 0xFF, 0xFF, 0xFF, 0xFF, 0xFF, 0xFF, 0xF5, 0x00,
  0x00, 0x00, 0x00, 0xDF, 0xFF, 0xFF, 0xFF, 0xFF, 0xFF, 0xF8, 0x10, 0x00, 0x00, 0x00, 0x00, 0x00, 0x00, 0x01, 0x7F, 0xFF, 0xFF, 0xFF, 0xFF, 0xFF,
  0xFE, 0x10, 0x00, 0x00, 0x07, 0xFF, 0xFF, 0xFF, 0xFF, 0xFF, 0xFE, 0x40, 0x00, 0x00, 0x00, 0x00, 0x00, 0x00, 0x00, 0x00, 0x04, 0xEF, 0xFF, 0xFF,
  0xFF, 0xFF, 0xFF, 0x80, 0x00, 0x00, 0x1E, 0xFF, 0xFF, 0xFF, 0xFF, 0xFF, 0xE3, 0x00, 0x00, 0x00, 0x00, 0x00, 0x00, 0x00, 0x00, 0x00, 0x00, 0x2E,
  0xFF, 0xFF, 0xFF, 0xFF, 0xFF, 0xE1, 0x00, 0x00, 0x6F, 0xFF, 0xFF, 0xFF, 0xFF, 0xFF, 0x50, 0x00, 0x00, 0x00, 0x00, 0x00, 0x00, 0x00, 0x00, 0x00,
  0x00, 0x05, 0xFF, 0xFF, 0xFF, 0xFF, 0xFF, 0xF7, 0x00, 0x00, 0xDF, 0xFF, 0xFF, 0xFF, 0xFF, 0xF9, 0x00, 0x00, 0x00, 0x00, 0x00, 0x00, 0x00, 0x00,
  0x00, 0x00, 0x00, 0x00, 0x9F, 0xFF, 0xFF, 0xFF, 0xFF, 0xFC, 0x00, 0x03, 0xFF, 0xFF, 0xFF, 0xFF, 0xFF, 0xE1, 0x00, 0x00, 0x00, 0x00, 0x00, 0x00,
  0x00, 0x00, 0x00, 0x00, 0x00, 0x00, 0x2F, 0xFF, 0xFF, 0xFF, 0xFF, 0xFF, 0x20, 0x07, 0xFF, 0xFF, 0xFF, 0xFF, 0xFF, 0x80, 0x00, 0x00, 0x00, 0x00,
  0x00, 0x00, 0x00, 0x00, 0x00, 0x00, 0x00, 0x00, 0x09, 0xFF, 0xFF, 0xFF, 0xFF, 0xFF, 0x60, 0x0C, 0xFF, 0xFF, 0xFF, 0xFF, 0xFF, 0x20, 0x00, 0x00,
  0x00, 0x00, 0x00, 0x00, 0x00, 0x00, 0x00, 0x00, 0x00, 0x00, 0x04, 0xFF, 0xFF, 0xFF, 0xFF, 0xFF, 0x80, 0x0F, 0xFF, 0xFF, 0xFF, 0xFF, 0xFB, 0x00,
  0x00, 0x00, 0x00, 0x00, 0x00, 0x00, 0x00, 0x00, 0x00, 0x00, 0x00, 0x00, 0x01, 0xFF, 0xFF, 0xFF, 0xFF, 0xFF, 0xB0, 0x3F, 0xFF, 0xFF, 0xFF, 0xFF,
  0xF8, 0x00, 0x00, 0x00, 0x00, 0x00, 0x00, 0x00, 0x00, 0x00, 0x00, 0x00, 0x00, 0x00, 0x00, 0xCF, 0xFF, 0xFF, 0xFF, 0xFF, 0xD0, 0x5F, 0xFF, 0xFF,
  0xFF, 0xFF, 0xF4, 0x00, 0x00, 0x00, 0x00, 0x00, 0x00, 0x00, 0x00, 0x00, 0x00, 0x00, 0x00, 0x00, 0x00, 0xBF, 0xFF, 0xFF, 0xFF, 0xFF, 0xE0, 0x7F,
  0xFF, 0xFF, 0xFF, 0xFF, 0xF1, 0x00, 0x00, 0x00, 0x00, 0x00, 0x00, 0x00, 0x00, 0x00, 0x00, 0x00, 0x00, 0x00, 0x00, 0xAF, 0xFF, 0xFF, 0xFF, 0xFF,
  0xF0, 0x8F, 0xFF, 0xFF, 0xFF, 0xFF, 0xF0, 0x00, 0x00, 0x00, 0x00, 0x00, 0x00, 0x00, 0x00, 0x00, 0x00, 0x00, 0x00, 0x00, 0x00, 0x9F, 0xFF, 0xFF,
  0xFF, 0xFF, 0xF0, 0x9F, 0xFF, 0xFF, 0xFF, 0xFF, 0xE0, 0x00, 0x00, 0x00, 0x00, 0x00, 0x00, 0x00, 0x00, 0x00, 0x00, 0x00, 0x00, 0x00, 0x00, 0x9F,
  0xFF, 0xFF, 0xFF, 0xFF, 0xF0, 0xAF, 0xFF, 0xFF, 0xFF, 0xFF, 0xD0, 0x00, 0x00, 0x00, 0x00, 0x00, 0x00, 0x00, 0x00, 0x00, 0x00, 0x00, 0x00, 0x00,
  0x00, 0xAF, 0xFF, 0xFF, 0xFF, 0xFF, 0xE0, 0x12, 0x22, 0x22, 0x22, 0x22, 0x10, 0x00, 0x00, 0x00, 0x00, 0x00, 0x00, 0x00, 0x00, 0x00, 0x00, 0x00,
  0x00, 0x00, 0x00, 0xCF, 0xFF, 0xFF, 0xFF, 0xFF, 0xD0, 0x00, 0x00, 0x00, 0x00, 0x00, 0x00, 0x00, 0x00, 0x00, 0x00, 0x00, 0x00, 0x00, 0x00, 0x00,
  0x00, 0x00, 0x00, 0x00, 0x01, 0xFF, 0xFF, 0xFF, 0xFF, 0xFF, 0xA0, 0x00, 0x00, 0x00, 0x00, 0x00, 0x00, 0x00, 0x00, 0x00, 0x00, 0x00, 0x00, 0x00,
  0x00, 0x00, 0x00, 0x00, 0x00, 0x00, 0x04, 0xFF, 0xFF, 0xFF, 0xFF, 0xFF, 0x80, 0x00, 0x00, 0x00, 0x00, 0x00, 0x00, 0x00, 0x00, 0x00, 0x00, 0x00,
  0x00, 0x00, 0x00, 0x00, 0x00, 0x00, 0x00, 0x00, 0x0A, 0xFF, 0xFF, 0xFF, 0xFF, 0xFF, 0x40, 0x00, 0x00, 0x00, 0x00, 0x00, 0x00, 0x00, 0x00, 0x00,
  0x00, 0x00, 0x00, 0x00, 0x00, 0x00, 0x00, 0x00, 0x00, 0x00, 0x1F, 0xFF, 0xFF, 0xFF, 0xFF, 0xFF, 0x10, 0x00, 0x00, 0x00, 0x00, 0x00, 0x00, 0x00,
  0x00, 0x00, 0x00, 0x00, 0x00, 0x00, 0x00, 0x00, 0x00, 0x00, 0x00, 0x00, 0x9F, 0xFF, 0xFF, 0xFF, 0xFF, 0xFA, 0x00, 0x00, 0x00, 0x00, 0x00, 0x00,
  0x00, 0x00, 0x00, 0x00, 0x00, 0x00, 0x00, 0x00, 0x00, 0x00, 0x00, 0x00, 0x00, 0x03, 0xFF, 0xFF, 0xFF, 0xFF, 0xFF, 0xF4, 0x00, 0x00, 0x00, 0x00,
  0x00, 0x00, 0x00, 0x00, 0x00, 0x00, 0x00, 0x00, 0x00, 0x00, 0x00, 0x00, 0x00, 0x00, 0x00, 0x0C, 0xFF, 0xFF, 0xFF, 0xFF, 0xFF, 0xD0, 0x00, 0x00,
  0x00, 0x00, 0x00, 0x00, 0x00, 0x00, 0x00, 0x00, 0x00, 0x00, 0x00, 0x00, 0x00, 0x00, 0x00, 0x00, 0x00, 0x8F, 0xFF, 0xFF, 0xFF, 0xFF, 0xFF, 0x60,
  0x00, 0x00, 0x00, 0x00, 0x00, 0x00, 0x00, 0x00, 0x00, 0x00, 0x00, 0x00, 0x00, 0x00, 0x00, 0x00, 0x00, 0x00, 0x05, 0xFF, 0xFF, 0xFF, 0xFF, 0xFF,
  0xFC, 0x00, 0x00, 0x00, 0x00, 0x00, 0x00, 0x00, 0x00, 0x00, 0x00, 0x00, 0x00, 0x00, 0x00, 0x00, 0x00, 0x00, 0x00, 0x00, 0x3E, 0xFF, 0xFF, 0xFF,
  0xFF, 0xFF, 0xF3, 0x00, 0x00, 0x00, 0x00, 0x00, 0x00, 0x00, 0x00, 0x00, 0x00, 0x00, 0x00, 0x00, 0x00, 0x00, 0x00, 0x00, 0x00, 0x03, 0xEF, 0xFF,
  0xFF, 0xFF, 0xFF, 0xFF, 0x80, 0x00, 0x00, 0x00, 0x00, 0x00, 0x00, 0x00, 0x00, 0x00, 0x00, 0x00, 0x00, 0x00, 0x00, 0x00, 0x00, 0x00, 0x00, 0x2E,
  0xFF, 0xFF, 0xFF, 0xFF, 0xFF, 0xFC, 0x00, 0x00, 0x00, 0x00, 0x00, 0x00, 0x00, 0x00, 0x00, 0x00, 0x00, 0x00, 0x00, 0x00, 0x00, 0x00, 0x00, 0x00,
  0x02, 0xDF, 0xFF, 0xFF, 0xFF, 0xFF, 0xFF, 0xE2, 0x00, 0x00, 0x00, 0x00, 0x00, 0x00, 0x00, 0x00, 0x00, 0x00, 0x00, 0x00, 0x00, 0x00, 0x00, 0x00,
  0x00, 0x00, 0x2D, 0xFF, 0xFF, 0xFF, 0xFF, 0xFF, 0xFF, 0x40, 0x00, 0x00, 0x00, 0x00, 0x00, 0x00, 0x00, 0x00, 0x00, 0x00, 0x00, 0x00, 0x00, 0x00,
  0x00, 0x00, 0x00, 0x03, 0xEF, 0xFF, 0xFF, 0xFF, 0xFF, 0xFF, 0xF6, 0x00, 0x00, 0x00, 0x00, 0x00, 0x00, 0x00, 0x00, 0x00, 0x00, 0x00, 0x00, 0x00,
  0x00, 0x00, 0x00, 0x00, 0x00, 0x3E, 0xFF, 0xFF, 0xFF, 0xFF, 0xFF, 0xFF, 0x80, 0x00, 0x00, 0x00, 0x00, 0x00, 0x00, 0x00, 0x00, 0x00, 0x00, 0x00,
  0x00, 0x00, 0x00, 0x00, 0x00, 0x00, 0x04, 0xEF, 0xFF, 0xFF, 0xFF, 0xFF, 0xFF, 0xFA, 0x00, 0x00, 0x00, 0x00, 0x00, 0x00, 0x00, 0x00, 0x00, 0x00,
  0x00, 0x00, 0x00, 0x00, 0x00, 0x00, 0x00, 0x00, 0x5F, 0xFF, 0xFF, 0xFF, 0xFF, 0xFF, 0xFF, 0xB0, 0x00, 0x00, 0x00, 0x00, 0x00, 0x00, 0x00, 0x00,
  0x00, 0x00, 0x00, 0x00, 0x00, 0x00, 0x00, 0x00, 0x00, 0x06, 0xFF, 0xFF, 0xFF, 0xFF, 0xFF, 0xFF, 0xFB, 0x00, 0x00, 0x00, 0x00, 0x00, 0x00, 0x00,
  0x00, 0x00, 0x00, 0x00, 0x00, 0x00, 0x00, 0x00, 0x00, 0x00, 0x00, 0x7F, 0xFF, 0xFF, 0xFF, 0xFF, 0xFF, 0xFF, 0xB1, 0x00, 0x00, 0x00, 0x00, 0x00,
  0x00, 0x00, 0x00, 0x00, 0x00, 0x00, 0x00, 0x00, 0x00, 0x00, 0x00, 0x00, 0x09, 0xFF, 0xFF, 0xFF, 0xFF, 0xFF, 0xFF, 0xFB, 0x10, 0x00, 0x00, 0x00,
  0x00, 0x00, 0x00, 0x00, 0x00, 0x00, 0x00, 0x00, 0x00, 0x00, 0x00, 0x00, 0x00, 0x00, 0xAF, 0xFF, 0xFF, 0xFF, 0xFF, 0xFF, 0xFF, 0xA0, 0x00, 0x00,
  0x00, 0x00, 0x00, 0x00, 0x00, 0x00, 0x00, 0x00, 0x00, 0x00, 0x00, 0x00, 0x00, 0x00, 0x00, 0x1B, 0xFF, 0xFF, 0xFF, 0xFF, 0xFF, 0xFF, 0xF9, 0x00,
  0x00, 0x00, 0x00, 0x00, 0x00, 0x00, 0x00, 0x00, 0x00, 0x00, 0x00, 0x00, 0x00, 0x00, 0x00, 0x00, 0x01, 0xCF, 0xFF, 0xFF, 0xFF, 0xFF, 0xFF, 0xFF,
  0x90, 0x00, 0x00, 0x00, 0x00, 0x00, 0x00, 0x00, 0x00, 0x00, 0x00, 0x00, 0x00, 0x00, 0x00, 0x00, 0x00, 0x00, 0x2D, 0xFF, 0xFF, 0xFF, 0xFF, 0xFF,
  0xFF, 0xF7, 0x00, 0x00, 0x00, 0x00, 0x00, 0x00, 0x00, 0x00, 0x00, 0x00, 0x00, 0x00, 0x00, 0x00, 0x00, 0x00, 0x00, 0x03, 0xEF, 0xFF, 0xFF, 0xFF,
  0xFF, 0xFF, 0xFF, 0x60, 0x00, 0x00, 0x00, 0x00, 0x00, 0x00, 0x00, 0x00, 0x00, 0x00, 0x00, 0x00, 0x00, 0x00, 0x00, 0x00, 0x00, 0x4E, 0xFF, 0xFF,
  0xFF, 0xFF, 0xFF, 0xFF, 0xE5, 0x00, 0x00, 0x00, 0x00, 0x00, 0x00, 0x00, 0x00, 0x00, 0x00, 0x00, 0x00, 0x00, 0x00, 0x00, 0x00, 0x00, 0x05, 0xFF,
  0xFF, 0xFF, 0xFF, 0xFF, 0xFF, 0xFE, 0x30, 0x00, 0x00, 0x00, 0x00, 0x00, 0x00, 0x00, 0x00, 0x00, 0x00, 0x00, 0x00, 0x00, 0x00, 0x00, 0x00, 0x00,
  0x7F, 0xFF, 0xFF, 0xFF, 0xFF, 0xFF, 0xFF, 0xD3, 0x00, 0x00, 0x00, 0x00, 0x00, 0x00, 0x00, 0x00, 0x00, 0x00, 0x00, 0x00, 0x00, 0x00, 0x00, 0x00,
  0x00, 0x08, 0xFF, 0xFF, 0xFF, 0xFF, 0xFF, 0xFF, 0xFD, 0x20, 0x00, 0x00, 0x00, 0x00, 0x00, 0x00, 0x00, 0x00, 0x00, 0x00, 0x00, 0x00, 0x00, 0x00,
  0x00, 0x00, 0x00, 0xAF, 0xFF, 0xFF, 0xFF, 0xFF, 0xFF, 0xFF, 0xC1, 0x00, 0x00, 0x00, 0x00, 0x00, 0x00, 0x00, 0x00, 0x00, 0x00, 0x00, 0x00, 0x00,
  0x00, 0x00, 0x00, 0x00, 0x1B, 0xFF, 0xFF, 0xFF, 0xFF, 0xFF, 0xFF, 0xFB, 0x10, 0x00, 0x00, 0x00, 0x00, 0x00, 0x00, 0x00, 0x00, 0x00, 0x00, 0x00,
  0x00, 0x00, 0x00, 0x00, 0x00, 0x01, 0xCF, 0xFF, 0xFF, 0xFF, 0xFF, 0xFF, 0xFF, 0x90, 0x00, 0x00, 0x00, 0x00, 0x00, 0x00, 0x00, 0x00, 0x00, 0x00,
  0x00, 0x00, 0x00, 0x00, 0x00, 0x00, 0x00, 0x2D, 0xFF, 0xFF, 0xFF, 0xFF, 0xFF, 0xFF, 0xF8, 0x00, 0x00, 0x00, 0x00, 0x00, 0x00, 0x00, 0x00, 0x00,
  0x00, 0x00, 0x00, 0x00, 0x00, 0x00, 0x00, 0x00, 0x03, 0xEF, 0xFF, 0xFF, 0xFF, 0xFF, 0xFF, 0xFF, 0x70, 0x00, 0x00, 0x00, 0x00, 0x00, 0x00, 0x00,
  0x00, 0x00, 0x00, 0x00, 0x00, 0x00, 0x00, 0x00, 0x00, 0x00, 0x4E, 0xFF, 0xFF, 0xFF, 0xFF, 0xFF, 0xFF, 0xF5, 0x00, 0x00, 0x00, 0x00, 0x00, 0x00,
  0x00, 0x00, 0x00, 0x00, 0x00, 0x00, 0x00, 0x00, 0x00, 0x00, 0x00, 0x05, 0xFF, 0xFF, 0xFF, 0xFF, 0xFF, 0xFF, 0xFE, 0x40, 0x00, 0x00, 0x00, 0x00,
  0x00, 0x00, 0x00, 0x00, 0x00, 0x00, 0x00, 0x00, 0x00, 0x00, 0x00, 0x00, 0x00, 0x6F, 0xFF, 0xFF, 0xFF, 0xFF, 0xFF, 0xFF, 0xE3, 0x00, 0x00, 0x00,
  0x00, 0x00, 0x00, 0x00, 0x00, 0x00, 0x00, 0x00, 0x00, 0x00, 0x00, 0x00, 0x00, 0x00, 0x07, 0xFF, 0xFF, 0xFF, 0xFF, 0xFF, 0xFF, 0xFD, 0x20, 0x00,
  0x00, 0x00, 0x00, 0x00, 0x00, 0x00, 0x00, 0x00, 0x00, 0x00, 0x00, 0x00, 0x00, 0x00, 0x00, 0x00, 0x9F, 0xFF, 0xFF, 0xFF, 0xFF, 0xFF, 0xFF, 0xC1,
  0x00, 0x00, 0x00, 0x00, 0x00, 0x00, 0x00, 0x00, 0x00, 0x00, 0x00, 0x00, 0x00, 0x00, 0x00, 0x00, 0x00, 0x0A, 0xFF, 0xFF, 0xFF, 0xFF, 0xFF, 0xFF,
  0xFE, 0x54, 0x44, 0x44, 0x44, 0x44, 0x44, 0x44, 0x44, 0x44, 0x44, 0x44, 0x44, 0x44, 0x44, 0x44, 0x44, 0x44, 0x42, 0xAF, 0xFF, 0xFF, 0xFF, 0xFF,
  0xFF, 0xFF, 0xFF, 0xFF, 0xFF, 0xFF, 0xFF, 0xFF, 0xFF, 0xFF, 0xFF, 0xFF, 0xFF, 0xFF, 0xFF, 0xFF, 0xFF, 0xFF, 0xFF, 0xFF, 0xF7, 0xCF, 0xFF, 0xFF,
  0xFF, 0xFF, 0xFF, 0xFF, 0xFF, 0xFF, 0xFF, 0xFF, 0xFF, 0xFF, 0xFF, 0xFF, 0xFF, 0xFF, 0xFF, 0xFF, 0xFF, 0xFF, 0xFF, 0xFF, 0xFF, 0xFF, 0xF7, 0xCF,
  0xFF, 0xFF, 0xFF, 0xFF, 0xFF, 0xFF, 0xFF, 0xFF, 0xFF, 0xFF, 0xFF, 0xFF, 0xFF, 0xFF, 0xFF, 0xFF, 0xFF, 0xFF, 0xFF, 0xFF, 0xFF, 0xFF, 0xFF, 0xFF,
  0xF7, 0xCF, 0xFF, 0xFF, 0xFF, 0xFF, 0xFF, 0xFF, 0xFF, 0xFF, 0xFF, 0xFF, 0xFF, 0xFF, 0xFF, 0xFF, 0xFF, 0xFF, 0xFF, 0xFF, 0xFF, 0xFF, 0xFF, 0xFF,
  0xFF, 0xFF, 0xF7, 0xCF, 0xFF, 0xFF, 0xFF, 0xFF, 0xFF, 0xFF, 0xFF, 0xFF, 0xFF, 0xFF, 0xFF, 0xFF, 0xFF, 0xFF, 0xFF, 0xFF, 0xFF, 0xFF, 0xFF, 0xFF,
  0xFF, 0xFF, 0xFF, 0xFF, 0xF7, 0xCF, 0xFF, 0xFF, 0xFF, 0xFF, 0xFF, 0xFF, 0xFF, 0xFF, 0xFF, 0xFF, 0xFF, 0xFF, 0xFF, 0xFF, 0xFF, 0xFF, 0xFF, 0xFF,
  0xFF, 0xFF, 0xFF, 0xFF, 0xFF, 0xFF, 0xF7, 0xCF, 0xFF, 0xFF, 0xFF, 0xFF, 0xFF, 0xFF, 0xFF, 0xFF, 0xFF, 0xFF, 0xFF, 0xFF, 0xFF, 0xFF, 0xFF, 0xFF,
  0xFF, 0xFF, 0xFF, 0xFF, 0xFF, 0xFF, 0xFF, 0xFF, 0xF7, 0xCF, 0xFF, 0xFF, 0xFF, 0xFF, 0xFF, 0xFF, 0xFF, 0xFF, 0xFF, 0xFF, 0xFF, 0xFF, 0xFF, 0xFF,
  0xFF, 0xFF, 0xFF, 0xFF, 0xFF, 0xFF, 0xFF, 0xFF, 0xFF, 0xFF, 0xF7, 0xCF, 0xFF, 0xFF, 0xFF, 0xFF, 0xFF, 0xFF, 0xFF, 0xFF, 0xFF, 0xFF, 0xFF, 0xFF,
  0xFF, 0xFF, 0xFF, 0xFF, 0xFF, 0xFF, 0xFF, 0xFF, 0xFF, 0xFF, 0xFF, 0xFF, 0xF7, 0x00, 0x00, 0x00, 0x00, 0x00, 0x00, 0x00, 0x00, 0x00, 0x00, 0x00,
  0x01, 0x22, 0x34, 0x32, 0x20, 0x00, 0x00, 0x00, 0x00, 0x00, 0x00, 0x00, 0x00, 0x00, 0x00, 0x00, 0x00, 0x00, 0x00, 0x00, 0x00, 0x00, 0x00, 0x00,
  0x00, 0x01, 0x48, 0xBD, 0xFF, 0xFF, 0xFF, 0xFF, 0xFD, 0xA8, 0x40, 0x00, 0x00, 0x00, 0x00, 0x00, 0x00, 0x00, 0x00, 0x00, 0x00, 0x00, 0x00, 0x00,
  0x00, 0x00, 0x00, 0x00, 0x5B, 0xFF, 0xFF, 0xFF, 0xFF, 0xFF, 0xFF, 0xFF, 0xFF, 0xFF, 0xEA, 0x40, 0x00, 0x00, 0x00, 0x00, 0x00, 0x00, 0x00, 0x00,
  0x00, 0x00, 0x00, 0x00, 0x00, 0x00, 0x17, 0xDF, 0xFF, 0xFF, 0xFF, 0xFF, 0xFF, 0xFF, 0xFF, 0xFF, 0xFF, 0xFF, 0xFF, 0xD7, 0x00, 0x00, 0x00, 0x00,
  0x00, 0x00, 0x00, 0x00, 0x00, 0x00, 0x00, 0x00, 0x00, 0x5D, 0xFF, 0xFF, 0xFF, 0xFF, 0xFF, 0xFF, 0xFF, 0xFF, 0xFF, 0xFF, 0xFF, 0xFF, 0xFF, 0xFD,
  0x50, 0x00, 0x00, 0x00, 0x00, 0x00, 0x00, 0x00, 0x00, 0x00, 0x00, 0x01, 0xAF, 0xFF, 0xFF, 0xFF, 0xFF, 0xFF, 0xFF, 0xFF, 0xFF, 0xFF, 0xFF, 0xFF,
  0xFF, 0xFF, 0xFF, 0xFF, 0xA1, 0x00, 0x00, 0x00, 0x00, 0x00, 0x00, 0x00, 0x00, 0x00, 0x02, 0xDF, 0xFF, 0xFF, 0xFF, 0xFF, 0xFF, 0xFF, 0xFF, 0xFF,
  0xFF, 0xFF, 0xFF, 0xFF, 0xFF, 0xFF, 0xFF, 0xFF, 0xD3, 0x00, 0x00, 0x00, 0x00, 0x00, 0x00, 0x00, 0x00, 0x03, 0xEF, 0xFF, 0xFF, 0xFF, 0xFF, 0xFF,
  0xFF, 0xFF, 0xFF, 0xFF, 0xFF, 0xFF, 0xFF, 0xFF, 0xFF, 0xFF, 0xFF, 0xFF, 0xE4, 0x00, 0x00, 0x00, 0x00, 0x00, 0x00, 0x00, 0x03, 0xEF, 0xFF, 0xFF,
  0xFF, 0xFF, 0xFF, 0xFF, 0xFF, 0xFF, 0xFF, 0xFF, 0xFF, 0xFF, 0xFF, 0xFF, 0xFF, 0xFF, 0xFF, 0xFF, 0xF4, 0x00, 0x00, 0x00, 0x00, 0x00, 0x00, 0x02,
  0xEF, 0xFF, 0xFF, 0xFF, 0xFF, 0xFF, 0xFF, 0xFF, 0xFF, 0xFF, 0xFF, 0xFF, 0xFF, 0xFF, 0xFF, 0xFF, 0xFF, 0xFF, 0xFF, 0xFF, 0xE2, 0x00, 0x00, 0x00,
  0x00, 0x00, 0x00, 0xBF, 0xFF, 0xFF, 0xFF, 0xFF, 0xFF, 0xFF, 0xFD, 0xA6, 0x32, 0x10, 0x12, 0x47, 0xAE, 0xFF, 0xFF, 0xFF, 0xFF, 0xFF, 0xFF, 0xFF,
  0xD1, 0x00, 0x00, 0x00, 0x00, 0x00, 0x7F, 0xFF, 0xFF, 0xFF, 0xFF, 0xFF, 0xFF, 0xC5, 0x00, 0x00, 0x00, 0x00, 0x00, 0x00, 0x16, 0xDF, 0xFF, 0xFF,
  0xFF, 0xFF, 0xFF, 0xFF, 0x90, 0x00, 0x00, 0x00, 0x00, 0x1E, 0xFF, 0xFF, 0xFF, 0xFF, 0xFF, 0xFE, 0x60, 0x00, 0x00, 0x00, 0x00, 0x00, 0x00, 0x00,
  0x00, 0x7F, 0xFF, 0xFF, 0xFF, 0xFF, 0xFF, 0xFF, 0x30, 0x00, 0x00, 0x00, 0x09, 0xFF, 0xFF, 0xFF, 0xFF, 0xFF, 0xFD, 0x30, 0x00, 0x00, 0x00, 0x00,
  0x00, 0x00, 0x00, 0x00, 0x00, 0x3E, 0xFF, 0xFF, 0xFF, 0xFF, 0xFF, 0xFB, 0x00, 0x00, 0x00, 0x01, 0xFF, 0xFF, 0xFF, 0xFF, 0xFF, 0xFE, 0x20, 0x00,
  0x00, 0x00, 0x00, 0x00, 0x00, 0x00, 0x00, 0x00, 0x00, 0x3E, 0xFF, 0xFF, 0xFF, 0xFF, 0xFF, 0xF2, 0x00, 0x00, 0x00, 0x7F, 0xFF, 0xFF, 0xFF, 0xFF,
  0xFF, 0x40, 0x00, 0x00, 0x00, 0x00, 0x00, 0x00, 0x00, 0x00, 0x00, 0x00, 0x00, 0x5F, 0xFF, 0xFF, 0xFF, 0xFF, 0xFF, 0x70, 0x00, 0x00, 0x0C, 0xFF,
  0xFF, 0xFF, 0xFF, 0xFF, 0xA0, 0x00, 0x00, 0x00, 0x00, 0x00, 0x00, 0x00, 0x00, 0x00, 0x00, 0x00, 0x00, 0xBF, 0xFF, 0xFF, 0xFF, 0xFF, 0xFC, 0x00,
  0x00, 0x02, 0xFF, 0xFF, 0xFF, 0xFF, 0xFF, 0xF2, 0x00, 0x00, 0x00, 0x00, 0x00, 0x00, 0x00, 0x00, 0x00, 0x00, 0x00, 0x00, 0x03, 0xFF, 0xFF, 0xFF,
  0xFF, 0xFF, 0xF1, 0x00, 0x00, 0x5F, 0xFF, 0xFF, 0xFF, 0xFF, 0xFB, 0x00, 0x00, 0x00, 0x00, 0x00, 0x00, 0x00, 0x00, 0x00, 0x00, 0x00, 0x00, 0x00,
  0x0D, 0xFF, 0xFF, 0xFF, 0xFF, 0xFF, 0x40, 0x00, 0x08, 0xFF, 0xFF, 0xFF, 0xFF, 0xFF, 0x70, 0x00, 0x00, 0x00, 0x00, 0x00, 0x00, 0x00, 0x00, 0x00,
  0x00, 0x00, 0x00, 0x00, 0x9F, 0xFF, 0xFF, 0xFF, 0xFF, 0xF5, 0x00, 0x00, 0xBF, 0xFF, 0xFF, 0xFF, 0xFF, 0xF3, 0x00, 0x00, 0x00, 0x00, 0x00, 0x00,
  0x00, 0x00, 0x00, 0x00, 0x00, 0x00, 0x00, 0x07, 0xFF, 0xFF, 0xFF, 0xFF, 0xFF, 0x60, 0x00, 0x0C, 0xFF, 0xFF, 0xFF, 0xFF, 0xFF, 0x10, 0x00, 0x00,
  0x00, 0x00, 0x00, 0x00, 0x00, 0x00, 0x00, 0x00, 0x00, 0x00, 0x00, 0x5F, 0xFF, 0xFF, 0xFF, 0xFF, 0xF7, 0x00, 0x00, 0xDF, 0xFF, 0xFF, 0xFF, 0xFF,
  0xF0, 0x00, 0x00, 0x00, 0x00, 0x00, 0x00, 0x00, 0x00, 0x00, 0x00, 0x00, 0x00, 0x00, 0x04, 0xFF, 0xFF, 0xFF, 0xFF, 0xFF, 0x70, 0x00, 0x0E, 0xFF,
  0xFF, 0xFF, 0xFF, 0xFD, 0x00, 0x00, 0x00, 0x00, 0x00, 0x00, 0x00, 0x00, 0x00, 0x00, 0x00, 0x00, 0x00, 0x00, 0x4F, 0xFF, 0xFF, 0xFF, 0xFF, 0xF6,
  0x00, 0x00, 0x00, 0x00, 0x00, 0x00, 0x00, 0x00, 0x00, 0x00, 0x00, 0x00, 0x00, 0x00, 0x00, 0x00, 0x00, 0x00, 0x00, 0x00, 0x00, 0x06, 0xFF, 0xFF,
  0xFF, 0xFF, 0xFF, 0x40, 0x00, 0x00, 0x00, 0x00, 0x00, 0x00, 0x00, 0x00, 0x00, 0x00, 0x00, 0x00, 0x00, 0x00, 0x00, 0x00, 0x00, 0x00, 0x00, 0x00,
  0x00, 0xAF, 0xFF, 0xFF, 0xFF, 0xFF, 0xF1, 0x00, 0x00, 0x00, 0x00, 0x00, 0x00, 0x00, 0x00, 0x00, 0x00, 0x00, 0x00, 0x00, 0x00, 0x00, 0x00, 0x00,
  0x00, 0x00, 0x00, 0x00, 0x1E, 0xFF, 0xFF, 0xFF, 0xFF, 0xFC, 0x00, 0x00, 0x00, 0x00, 0x00, 0x00, 0x00, 0x00, 0x00, 0x00, 0x00, 0x00, 0x00, 0x00,
  0x00, 0x00, 0x00, 0x00, 0x00, 0x00, 0x00, 0x07, 0xFF, 0xFF, 0xFF, 0xFF, 0xFF, 0x70, 0x00, 0x00, 0x00, 0x00, 0x00, 0x00, 0x00, 0x00, 0x00, 0x00,
  0x00, 0x00, 0x00, 0x00, 0x00, 0x00, 0x00, 0x00, 0x00, 0x00, 0x02, 0xEF, 0xFF, 0xFF, 0xFF, 0xFF, 0xE1, 0x00, 0x00, 0x00, 0x00, 0x00, 0x00, 0x00,
  0x00, 0x00, 0x00, 0x00, 0x00, 0x00, 0x00, 0x00, 0x00, 0x00, 0x00, 0x00, 0x00, 0x01, 0xDF, 0xFF, 0xFF, 0xFF, 0xFF, 0xF8, 0x00, 0x00, 0x00, 0x00,
  0x00, 0x00, 0x00, 0x00, 0x00, 0x00, 0x00, 0x00, 0x00, 0x00, 0x00, 0x00, 0x00, 0x00, 0x00, 0x00, 0x02, 0xDF, 0xFF, 0xFF, 0xFF, 0xFF, 0xFD, 0x10,
  0x00, 0x00, 0x00, 0x00, 0x00, 0x00, 0x00, 0x00, 0x00, 0x00, 0x00, 0x00, 0x00, 0x00, 0x00, 0x00, 0x00, 0x00, 0x00, 0x18, 0xFF, 0xFF, 0xFF, 0xFF,
  0xFF, 0xFF, 0x30, 0x00, 0x00, 0x00, 0x00, 0x00, 0x00, 0x00, 0x00, 0x00, 0x00, 0x00, 0x00, 0x00, 0x00, 0x00, 0x00, 0x00, 0x00, 0x02, 0x7D, 0xFF,
  0xFF, 0xFF, 0xFF, 0xFF, 0xFF, 0x50, 0x00, 0x00, 0x00, 0x00, 0x00, 0x00, 0x00, 0x00, 0x00, 0x00, 0x00, 0x00, 0x00, 0x00, 0x00, 0x00, 0x12, 0x35,
  0x8C, 0xFF, 0xFF, 0xFF, 0xFF, 0xFF, 0xFF, 0xFF, 0x50, 0x00, 0x00, 0x00, 0x00, 0x00, 0x00, 0x00, 0x00, 0x00, 0x00, 0x00, 0x00, 0x00, 0xEF, 0xFF,
  0xFF, 0xFF, 0xFF, 0xFF, 0xFF, 0xFF, 0xFF, 0xFF, 0xFF, 0xFF, 0xFD, 0x40, 0x00, 0x00, 0x00, 0x00, 0x00, 0x00, 0x00, 0x00, 0x00, 0x00, 0x00, 0x00,
  0x00, 0x0E, 0xFF, 0xFF, 0xFF, 0xFF, 0xFF, 0xFF, 0xFF, 0xFF, 0xFF, 0xFF, 0xFF, 0xFA, 0x10, 0x00, 0x00, 0x00, 0x00, 0x00, 0x00, 0x00, 0x00, 0x00,
  0x00, 0x00, 0x00, 0x00, 0x00, 0xEF, 0xFF, 0xFF, 0xFF, 0xFF, 0xFF, 0xFF, 0xFF, 0xFF, 0xFF, 0xFF, 0xB3, 0x00, 0x00, 0x00, 0x00, 0x00, 0x00, 0x00,
  0x00, 0x00, 0x00, 0x00, 0x00, 0x00, 0x00, 0x00, 0x0E, 0xFF, 0xFF, 0xFF, 0xFF, 0xFF, 0xFF, 0xFF, 0xFF, 0xFF, 0xD8, 0x30, 0x00, 0x00, 0x00, 0x00,
  0x00, 0x00, 0x00, 0x00, 0x00, 0x00, 0x00, 0x00, 0x00, 0x00, 0x00, 0x00, 0xEF, 0xFF, 0xFF, 0xFF, 0xFF, 0xFF, 0xFF, 0xFF, 0xFF, 0xE7, 0x40, 0x00,
  0x00, 0x00, 0x00, 0x00, 0x00, 0x00, 0x00, 0x00, 0x00, 0x00, 0x00, 0x00, 0x00, 0x00, 0x00, 0x0E, 0xFF, 0xFF, 0xFF, 0xFF, 0xFF, 0xFF, 0xFF, 0xFF,
  0xFF, 0xFF, 0xFB, 0x50, 0x00, 0x00, 0x00, 0x00, 0x00, 0x00, 0x00, 0x00, 0x00, 0x00, 0x00, 0x00, 0x00, 0x00, 0x00, 0xEF, 0xFF, 0xFF, 0xFF, 0xFF,
  0xFF, 0xFF, 0xFF, 0xFF, 0xFF, 0xFF, 0xFF, 0xD7, 0x00, 0x00, 0x00, 0x00, 0x00, 0x00, 0x00, 0x00, 0x00, 0x00, 0x00, 0x00, 0x00, 0x00, 0x0E, 0xFF,
  0xFF, 0xFF, 0xFF, 0xFF, 0xFF, 0xFF, 0xFF, 0xFF, 0xFF, 0xFF, 0xFF, 0xFC, 0x30, 0x00, 0x00, 0x00, 0x00, 0x00, 0x00, 0x00, 0x00, 0x00, 0x00, 0x00,
  0x00, 0x00, 0xEF, 0xFF, 0xFF, 0xFF, 0xFF, 0xFF, 0xFF, 0xFF, 0xFF, 0xFF, 0xFF, 0xFF, 0xFF, 0xFF, 0x60, 0x00, 0x00, 0x00, 0x00, 0x00, 0x00, 0x00,
  0x00, 0x00, 0x00, 0x00, 0x00, 0x04, 0x44, 0x44, 0x44, 0x56, 0x78, 0xBE, 0xFF, 0xFF, 0xFF, 0xFF, 0xFF, 0xFF, 0xFF, 0xFF, 0x70, 0x00, 0x00, 0x00,
  0x00, 0x00, 0x00, 0x00, 0x00, 0x00, 0x00, 0x00, 0x00, 0x00, 0x00, 0x00, 0x00, 0x00, 0x00, 0x03, 0x8D, 0xFF, 0xFF, 0xFF, 0xFF, 0xFF, 0xFF, 0xFF,
  0x70, 0x00, 0x00, 0x00, 0x00, 0x00, 0x00, 0x00, 0x00, 0x00, 0x00, 0x00, 0x00, 0x00, 0x00, 0x00, 0x00, 0x00, 0x00, 0x00, 0x05, 0xDF, 0xFF, 0xFF,
  0xFF, 0xFF, 0xFF, 0xFF, 0x50, 0x00, 0x00, 0x00, 0x00, 0x00, 0x00, 0x00, 0x00, 0x00, 0x00, 0x00, 0x00, 0x00, 0x00, 0x00, 0x00, 0x00, 0x00, 0x00,
  0x00, 0x7F, 0xFF, 0xFF, 0xFF, 0xFF, 0xFF, 0xFE, 0x10, 0x00, 0x00, 0x00, 0x00, 0x00, 0x00, 0x00, 0x00, 0x00, 0x00, 0x00, 0x00, 0x00, 0x00, 0x00,
  0x00, 0x00, 0x00, 0x00, 0x00, 0x3E, 0xFF, 0xFF, 0xFF, 0xFF, 0xFF, 0xF9, 0x00, 0x00, 0x00, 0x00, 0x00, 0x00, 0x00, 0x00, 0x00, 0x00, 0x00, 0x00,
  0x00, 0x00, 0x00, 0x00, 0x00, 0x00, 0x00, 0x00, 0x00, 0x2E, 0xFF, 0xFF, 0xFF, 0xFF, 0xFF, 0xF2, 0x00, 0x00, 0x00, 0x00, 0x00, 0x00, 0x00, 0x00,
  0x00, 0x00, 0x00, 0x00, 0x00, 0x00, 0x00, 0x00, 0x00, 0x00, 0x00, 0x00, 0x00, 0x4F, 0xFF, 0xFF, 0xFF, 0xFF, 0xFF, 0x90, 0x00, 0x00, 0x00, 0x00,
  0x00, 0x00, 0x00, 0x00, 0x00, 0x00, 0x00, 0x00, 0x00, 0x00, 0x00, 0x00, 0x00, 0x00, 0x00, 0x00, 0x00, 0x9F, 0xFF, 0xFF, 0xFF, 0xFF, 0xFE, 0x00,
  0x00, 0x00, 0x00, 0x00, 0x00, 0x00, 0x00, 0x00, 0x00, 0x00, 0x00, 0x00, 0x00, 0x00, 0x00, 0x00, 0x00, 0x00, 0x00, 0x00, 0x02, 0xFF, 0xFF, 0xFF,
  0xFF, 0xFF, 0xF4, 0x00, 0x00, 0x00, 0x00, 0x00, 0x00, 0x00, 0x00, 0x00, 0x00, 0x00, 0x00, 0x00, 0x00, 0x00, 0x00, 0x00, 0x00, 0x00, 0x00, 0x00,
  0x0B, 0xFF, 0xFF, 0xFF, 0xFF, 0xFF, 0x74, 0x99, 0x99, 0x99, 0x99, 0x99, 0x50, 0x00, 0x00, 0x00, 0x00, 0x00, 0x00, 0x00, 0x00, 0x00, 0x00, 0x00,
  0x00, 0x00, 0x00, 0x00, 0x7F, 0xFF, 0xFF, 0xFF, 0xFF, 0xFA, 0x7F, 0xFF, 0xFF, 0xFF, 0xFF, 0xF9, 0x00, 0x00, 0x00, 0x00, 0x00, 0x00, 0x00, 0x00,
  0x00, 0x00, 0x00, 0x00, 0x00, 0x00, 0x00, 0x05, 0xFF, 0xFF, 0xFF, 0xFF, 0xFF, 0xC6, 0xFF, 0xFF, 0xFF, 0xFF, 0xFF, 0xA0, 0x00, 0x00, 0x00, 0x00,
  0x00, 0x00, 0x00, 0x00, 0x00, 0x00, 0x00, 0x00, 0x00, 0x00, 0x00, 0x4F, 0xFF, 0xFF, 0xFF, 0xFF, 0xFC, 0x5F, 0xFF, 0xFF, 0xFF, 0xFF, 0xFC, 0x00,
  0x00, 0x00, 0x00, 0x00, 0x00, 0x00, 0x00, 0x00, 0x00, 0x00, 0x00, 0x00, 0x00, 0x00, 0x04, 0xFF, 0xFF, 0xFF, 0xFF, 0xFF, 0xD3, 0xFF, 0xFF, 0xFF,
  0xFF, 0xFF, 0xE0, 0x00, 0x00, 0x00, 0x00, 0x00, 0x00, 0x00, 0x00, 0x00, 0x00, 0x00, 0x00, 0x00, 0x00, 0x00, 0x4F, 0xFF, 0xFF, 0xFF, 0xFF, 0xFC,
  0x1F, 0xFF, 0xFF, 0xFF, 0xFF, 0xFF, 0x20, 0x00, 0x00, 0x00, 0x00, 0x00, 0x00, 0x00, 0x00, 0x00, 0x00, 0x00, 0x00, 0x00, 0x00, 0x06, 0xFF, 0xFF,
  0xFF, 0xFF, 0xFF, 0xB0, 0xDF, 0xFF, 0xFF, 0xFF, 0xFF, 0xF6, 0x00, 0x00, 0x00, 0x00, 0x00, 0x00, 0x00, 0x00, 0x00, 0x00, 0x00, 0x00, 0x00, 0x00,
  0x00, 0xAF, 0xFF, 0xFF, 0xFF, 0xFF, 0xF9, 0x0A, 0xFF, 0xFF, 0xFF, 0xFF, 0xFF, 0xB0, 0x00, 0x00, 0x00, 0x00, 0x00, 0x00, 0x00, 0x00, 0x00, 0x00,
  0x00, 0x00, 0x00, 0x00, 0x0E, 0xFF, 0xFF, 0xFF, 0xFF, 0xFF, 0x60, 0x5F, 0xFF, 0xFF, 0xFF, 0xFF, 0xFF, 0x20, 0x00, 0x00, 0x00, 0x00, 0x00, 0x00,
  0x00, 0x00, 0x00, 0x00, 0x00, 0x00, 0x00, 0x04, 0xFF, 0xFF, 0xFF, 0xFF, 0xFF, 0xF3, 0x01, 0xEF, 0xFF, 0xFF, 0xFF, 0xFF, 0xFA, 0x00, 0x00, 0x00,
  0x00, 0x00, 0x00, 0x00, 0x00, 0x00, 0x00, 0x00, 0x00, 0x00, 0x00, 0xCF, 0xFF, 0xFF, 0xFF, 0xFF, 0xFE, 0x00, 0x0A, 0xFF, 0xFF, 0xFF, 0xFF, 0xFF,
  0xF4, 0x00, 0x00, 0x00, 0x00, 0x00, 0x00, 0x00, 0x00, 0x00, 0x00, 0x00, 0x00, 0x00, 0x6F, 0xFF, 0xFF, 0xFF, 0xFF, 0xFF, 0x90, 0x00, 0x3F, 0xFF,
  0xFF, 0xFF, 0xFF, 0xFF, 0xD2, 0x00, 0x00, 0x00, 0x00, 0x00, 0x00, 0x00, 0x00, 0x00, 0x00, 0x00, 0x00, 0x3F, 0xFF, 0xFF, 0xFF, 0xFF, 0xFF, 0xF3,
  0x00, 0x00, 0xBF, 0xFF, 0xFF, 0xFF, 0xFF, 0xFF, 0xC1, 0x00, 0x00, 0x00, 0x00, 0x00, 0x00, 0x00, 0x00, 0x00, 0x00, 0x00, 0x3E, 0xFF, 0xFF, 0xFF,
  0xFF, 0xFF, 0xFC, 0x00, 0x00, 0x03, 0xFF, 0xFF, 0xFF, 0xFF, 0xFF, 0xFF, 0xD3, 0x00, 0x00, 0x00, 0x00, 0x00, 0x00, 0x00, 0x00, 0x00, 0x00, 0x7F,
  0xFF, 0xFF, 0xFF, 0xFF, 0xFF, 0xFF, 0x30, 0x00, 0x00, 0x08, 0xFF, 0xFF, 0xFF, 0xFF, 0xFF, 0xFF, 0xF7, 0x10, 0x00, 0x00, 0x00, 0x00, 0x00, 0x00,
  0x00, 0x03, 0xCF, 0xFF, 0xFF, 0xFF, 0xFF, 0xFF, 0xFF, 0xA0, 0x00, 0x00, 0x00, 0x0D, 0xFF, 0xFF, 0xFF, 0xFF, 0xFF, 0xFF, 0xFE, 0x82, 0x00, 0x00,
  0x00, 0x00, 0x00, 0x01, 0x5C, 0xFF, 0xFF, 0xFF, 0xFF, 0xFF, 0xFF, 0xFF, 0xD1, 0x00, 0x00, 0x00, 0x00, 0x3E, 0xFF, 0xFF, 0xFF, 0xFF, 0xFF, 0xFF,
  0xFF, 0xFD, 0xA7, 0x55, 0x45, 0x67, 0x9C, 0xFF, 0xFF, 0xFF, 0xFF, 0xFF, 0xFF, 0xFF, 0xFF, 0xF3, 0x00, 0x00, 0x00, 0x00, 0x00, 0x4F, 0xFF, 0xFF,
  0xFF, 0xFF, 0xFF, 0xFF, 0xFF, 0xFF, 0xFF, 0xFF, 0xFF, 0xFF, 0xFF, 0xFF, 0xFF, 0xFF, 0xFF, 0xFF, 0xFF, 0xFF, 0xF6, 0x00, 0x00, 0x00, 0x00, 0x00,
  0x00, 0x5F, 0xFF, 0xFF, 0xFF, 0xFF, 0xFF, 0xFF, 0xFF, 0xFF, 0xFF, 0xFF, 0xFF, 0xFF, 0xFF, 0xFF, 0xFF, 0xFF, 0xFF, 0xFF, 0xFF, 0xF5, 0x00, 0x00,
  0x00, 0x00, 0x00, 0x00, 0x00, 0x4E, 0xFF, 0xFF, 0xFF, 0xFF, 0xFF, 0xFF, 0xFF, 0xFF, 0xFF, 0xFF, 0xFF, 0xFF, 0xFF, 0xFF, 0xFF, 0xFF, 0xFF, 0xFF,
  0xE5, 0x00, 0x00, 0x00, 0x00, 0x00, 0x00, 0x00, 0x00, 0x2D, 0xFF, 0xFF, 0xFF, 0xFF, 0xFF, 0xFF, 0xFF, 0xFF, 0xFF, 0xFF, 0xFF, 0xFF, 0xFF, 0xFF,
  0xFF, 0xFF, 0xFF, 0xC2, 0x00, 0x00, 0x00, 0x00, 0x00, 0x00, 0x00, 0x00, 0x00, 0x18, 0xFF, 0xFF, 0xFF, 0xFF, 0xFF, 0xFF, 0xFF, 0xFF, 0xFF, 0xFF,
  0xFF, 0xFF, 0xFF, 0xFF, 0xFF, 0xFF, 0x80, 0x00, 0x00, 0x00, 0x00, 0x00, 0x00, 0x00, 0x00, 0x00, 0x00, 0x03, 0xBF, 0xFF, 0xFF, 0xFF, 0xFF, 0xFF,
  0xFF, 0xFF, 0xFF, 0xFF, 0xFF, 0xFF, 0xFF, 0xFF, 0xFA, 0x20, 0x00, 0x00, 0x00, 0x00, 0x00, 0x00, 0x00, 0x00, 0x00, 0x00, 0x00, 0x00, 0x3A, 0xFF,
  0xFF, 0xFF, 0xFF, 0xFF, 0xFF, 0xFF, 0xFF, 0xFF, 0xFF, 0xFF, 0xFE, 0x92, 0x00, 0x00, 0x00, 0x00, 0x00, 0x00, 0x00, 0x00, 0x00, 0x00, 0x00, 0x00,
  0x00, 0x00, 0x02, 0x7B, 0xFF, 0xFF, 0xFF, 0xFF, 0xFF, 0xFF, 0xFF, 0xFF, 0xFE, 0xA5, 0x10, 0x00, 0x00, 0x00, 0x00, 0x00, 0x00, 0x00, 0x00, 0x00,
  0x00, 0x00, 0x00, 0x00, 0x00, 0x00, 0x00, 0x01, 0x46, 0x9B, 0xDD, 0xEF, 0xFE, 0xDC, 0xA8, 0x63, 0x00, 0x00, 0x00, 0x00, 0x00, 0x00, 0x00, 0x00,
  0x00, 0x00, 0x00, 0x00, 0x00, 0x00, 0x00, 0x00, 0x00, 0x00, 0x00, 0x00, 0x00, 0x00, 0x00, 0x00, 0x00, 0x00, 0x00, 0x06, 0xFF, 0xFF, 0xFF, 0xFF,
  0xFF, 0xFF, 0xFC, 0x00, 0x00, 0x00, 0x00, 0x00, 0x00, 0x00, 0x00, 0x00, 0x00, 0x00, 0x00, 0x00, 0x00, 0x00, 0x00, 0x00, 0x00, 0x00, 0x00, 0x00,
  0x00, 0x02, 0xEF, 0xFF, 0xFF, 0xFF, 0xFF, 0xFF, 0xFF, 0xC0, 0x00, 0x00, 0x00, 0x00, 0x00, 0x00, 0x00, 0x00, 0x00, 0x00, 0x00, 0x00, 0x00, 0x00,
  0x00, 0x00, 0x00, 0x00, 0x00, 0x00, 0x00, 0x00, 0xCF, 0xFF, 0xFF, 0xFF, 0xFF, 0xFF, 0xFF, 0xFC, 0x00, 0x00, 0x00, 0x00, 0x00, 0x00, 0x00, 0x00,
  0x00, 0x00, 0x00, 0x00, 0x00, 0x00, 0x00, 0x00, 0x00, 0x00, 0x00, 0x00, 0x00, 0x00, 0x8F, 0xFF, 0xFF, 0xFF, 0xFF, 0xFF, 0xFF, 0xFF, 0xC0, 0x00,
  0x00, 0x00, 0x00, 0x00, 0x00, 0x00, 0x00, 0x00, 0x00, 0x00, 0x00, 0x00, 0x00, 0x00, 0x00, 0x00, 0x00, 0x00, 0x00, 0x00, 0x3F, 0xFF, 0xFF, 0xFF,
  0xFF, 0xFF, 0xFF, 0xFF, 0xFC, 0x00, 0x00, 0x00, 0x00, 0x00, 0x00, 0x00, 0x00, 0x00, 0x00, 0x00, 0x00, 0x00, 0x00, 0x00, 0x00, 0x00, 0x00, 0x00,
  0x00, 0x00, 0x1D, 0xFF, 0xFF, 0xFF, 0xFF, 0xFF, 0xFF, 0xFF, 0xFF, 0xC0, 0x00, 0x00, 0x00, 0x00, 0x00, 0x00, 0x00, 0x00, 0x00, 0x00, 0x00, 0x00,
  0x00, 0x00, 0x00, 0x00, 0x00, 0x00, 0x00, 0x00, 0x0A, 0xFF, 0xFF, 0xFF, 0xFF, 0xFF, 0xFF, 0xFF, 0xFF, 0xFC, 0x00, 0x00, 0x00, 0x00, 0x00, 0x00,
  0x00, 0x00, 0x00, 0x00, 0x00, 0x00, 0x00, 0x00, 0x00, 0x00, 0x00, 0x00, 0x00, 0x00, 0x05, 0xFF, 0xFF, 0xFF, 0xFF, 0xFF, 0xFF, 0xFF, 0xFF, 0xFF,
  0xC0, 0x00, 0x00, 0x00, 0x00, 0x00, 0x00, 0x00, 0x00, 0x00, 0x00, 0x00, 0x00, 0x00, 0x00, 0x00, 0x00, 0x00, 0x00, 0x00, 0x02, 0xEF, 0xFF, 0xFF,
  0xFF, 0xFF, 0xFF, 0xFF, 0xFF, 0xFF, 0xFC, 0x00, 0x00, 0x00, 0x00, 0x00, 0x00, 0x00, 0x00, 0x00, 0x00, 0x00, 0x00, 0x00, 0x00, 0x00, 0x00, 0x00,
  0x00, 0x00, 0x00, 0xCF, 0xFF, 0xFF, 0xFF, 0xFF, 0xFF, 0xFF, 0xFF, 0xFF, 0xFF, 0xC0, 0x00, 0x00, 0x00, 0x00, 0x00, 0x00, 0x00, 0x00, 0x00, 0x00,
  0x00, 0x00, 0x00, 0x00, 0x00, 0x00, 0x00, 0x00, 0x00, 0x7F, 0xFF, 0xFF, 0xFF, 0xFF, 0xFF, 0xFF, 0xFF, 0xFF, 0xFF, 0xFC, 0x00, 0x00, 0x00, 0x00,
  0x00, 0x00, 0x00, 0x00, 0x00, 0x00, 0x00, 0x00, 0x00, 0x00, 0x00, 0x00, 0x00, 0x00, 0x00, 0x3F, 0xFF, 0xFF, 0xFF, 0xFF, 0xFF, 0xFF, 0xFF, 0xFF,
  0xFF, 0xFF, 0xC0, 0x00, 0x00, 0x00, 0x00, 0x00, 0x00, 0x00, 0x00, 0x00, 0x00, 0x00, 0x00, 0x00, 0x00, 0x00, 0x00, 0x00, 0x00, 0x1D, 0xFF, 0xFF,
  0xFF, 0xFF, 0xFF, 0xBE, 0xFF, 0xFF, 0xFF, 0xFF, 0xFC, 0x00, 0x00, 0x00, 0x00, 0x00, 0x00, 0x00, 0x00, 0x00, 0x00, 0x00, 0x00, 0x00, 0x00, 0x00,
  0x00, 0x00, 0x00, 0x09, 0xFF, 0xFF, 0xFF, 0xFF, 0xFF, 0xE1, 0xEF, 0xFF, 0xFF, 0xFF, 0xFF, 0xC0, 0x00, 0x00, 0x00, 0x00, 0x00, 0x00, 0x00, 0x00,
  0x00, 0x00, 0x00, 0x00, 0x00, 0x00, 0x00, 0x00, 0x00, 0x05, 0xFF, 0xFF, 0xFF, 0xFF, 0xFF, 0xF4, 0x0E, 0xFF, 0xFF, 0xFF, 0xFF, 0xFC, 0x00, 0x00,
  0x00, 0x00, 0x00, 0x00, 0x00, 0x00, 0x00, 0x00, 0x00, 0x00, 0x00, 0x00, 0x00, 0x00, 0x00, 0x02, 0xEF, 0xFF, 0xFF, 0xFF, 0xFF, 0xF9, 0x00, 0xEF,
  0xFF, 0xFF, 0xFF, 0xFF, 0xC0, 0x00, 0x00, 0x00, 0x00, 0x00, 0x00, 0x00, 0x00, 0x00, 0x00, 0x00, 0x00, 0x00, 0x00, 0x00, 0x00, 0x00, 0xBF, 0xFF,
  0xFF, 0xFF, 0xFF, 0xFC, 0x00, 0x0E, 0xFF, 0xFF, 0xFF, 0xFF, 0xFC, 0x00, 0x00, 0x00, 0x00, 0x00, 0x00, 0x00, 0x00, 0x00, 0x00, 0x00, 0x00, 0x00,
  0x00, 0x00, 0x00, 0x00, 0x7F, 0xFF, 0xFF, 0xFF, 0xFF, 0xFF, 0x30, 0x00, 0xEF, 0xFF, 0xFF, 0xFF, 0xFF, 0xC0, 0x00, 0x00, 0x00, 0x00, 0x00, 0x00,
  0x00, 0x00, 0x00, 0x00, 0x00, 0x00, 0x00, 0x00, 0x00, 0x00, 0x3F, 0xFF, 0xFF, 0xFF, 0xFF, 0xFF, 0x70, 0x00, 0x0E, 0xFF, 0xFF, 0xFF, 0xFF, 0xFC,
  0x00, 0x00, 0x00, 0x00, 0x00, 0x00, 0x00, 0x00, 0x00, 0x00, 0x00, 0x00, 0x00, 0x00, 0x00, 0x00, 0x1D, 0xFF, 0xFF, 0xFF, 0xFF, 0xFF, 0xB0, 0x00,
  0x00, 0xEF, 0xFF, 0xFF, 0xFF, 0xFF, 0xC0, 0x00, 0x00, 0x00, 0x00, 0x00, 0x00, 0x00, 0x00, 0x00, 0x00, 0x00, 0x00, 0x00, 0x00, 0x00, 0x09, 0xFF,
  0xFF, 0xFF, 0xFF, 0xFF, 0xE1, 0x00, 0x00, 0x0E, 0xFF, 0xFF, 0xFF, 0xFF, 0xFC, 0x00, 0x00, 0x00, 0x00, 0x00, 0x00, 0x00, 0x00, 0x00, 0x00, 0x00,
  0x00, 0x00, 0x00, 0x00, 0x05, 0xFF, 0xFF, 0xFF, 0xFF, 0xFF, 0xF4, 0x00, 0x00, 0x00, 0xEF, 0xFF, 0xFF, 0xFF, 0xFF, 0xC0, 0x00, 0x00, 0x00, 0x00,
  0x00, 0x00, 0x00, 0x00, 0x00, 0x00, 0x00, 0x00, 0x00, 0x00, 0x02, 0xEF, 0xFF, 0xFF, 0xFF, 0xFF, 0xF9, 0x00, 0x00, 0x00, 0x0E, 0xFF, 0xFF, 0xFF,
  0xFF, 0xFC, 0x00, 0x00, 0x00, 0x00, 0x00, 0x00, 0x00, 0x00, 0x00, 0x00, 0x00, 0x00, 0x00, 0x00, 0x00, 0xBF, 0xFF, 0xFF, 0xFF, 0xFF, 0xFC, 0x10,
  0x00, 0x00, 0x00, 0xEF, 0xFF, 0xFF, 0xFF, 0xFF, 0xC0, 0x00, 0x00, 0x00, 0x00, 0x00, 0x00, 0x00, 0x00, 0x00, 0x00, 0x00, 0x00, 0x00, 0x00, 0x7F,
  0xFF, 0xFF, 0xFF, 0xFF, 0xFF, 0x30, 0x00, 0x00, 0x00, 0x0E, 0xFF, 0xFF, 0xFF, 0xFF, 0xFC, 0x00, 0x00, 0x00, 0x00, 0x00, 0x00, 0x00, 0x00, 0x00,
  0x00, 0x00, 0x00, 0x00, 0x00, 0x3F, 0xFF, 0xFF, 0xFF, 0xFF, 0xFF, 0x70, 0x00, 0x00, 0x00, 0x00, 0xEF, 0xFF, 0xFF, 0xFF, 0xFF, 0xC0, 0x00, 0x00,
  0x00, 0x00, 0x00, 0x00, 0x00, 0x00, 0x00, 0x00, 0x00, 0x00, 0x00, 0x1D, 0xFF, 0xFF, 0xFF, 0xFF, 0xFF, 0xB0, 0x00, 0x00, 0x00, 0x00, 0x0E, 0xFF,
  0xFF, 0xFF, 0xFF, 0xFC, 0x00, 0x00, 0x00, 0x00, 0x00, 0x00, 0x00, 0x00, 0x00, 0x00, 0x00, 0x00, 0x00, 0x09, 0xFF, 0xFF, 0xFF, 0xFF, 0xFF, 0xE1,
  0x00, 0x00, 0x00, 0x00, 0x00, 0xEF, 0xFF, 0xFF, 0xFF, 0xFF, 0xC0, 0x00, 0x00, 0x00, 0x00, 0x00, 0x00, 0x00, 0x00, 0x00, 0x00, 0x00, 0x00, 0x05,
  0xFF, 0xFF, 0xFF, 0xFF, 0xFF, 0xF5, 0x00, 0x00, 0x00, 0x00, 0x00, 0x0E, 0xFF, 0xFF, 0xFF, 0xFF, 0xFC, 0x00, 0x00, 0x00, 0x00, 0x00, 0x00, 0x00,
  0x00, 0x00, 0x00, 0x00, 0x00, 0x01, 0xEF, 0xFF, 0xFF, 0xFF, 0xFF, 0xF9, 0x00, 0x00, 0x00, 0x00, 0x00, 0x00, 0xEF, 0xFF, 0xFF, 0xFF, 0xFF, 0xC0,
  0x00, 0x00, 0x00, 0x00, 0x00, 0x00, 0x00, 0x00, 0x00, 0x00, 0x00, 0x00, 0xBF, 0xFF, 0xFF, 0xFF, 0xFF, 0xFD, 0x10, 0x00, 0x00, 0x00, 0x00, 0x00,
  0x0E, 0xFF, 0xFF, 0xFF, 0xFF, 0xFC, 0x00, 0x00, 0x00, 0x00, 0x00, 0x00, 0x00, 0x00, 0x00, 0x00, 0x00, 0x00, 0x7F, 0xFF, 0xFF, 0xFF, 0xFF, 0xFF,
  0x30, 0x00, 0x00, 0x00, 0x00, 0x00, 0x00, 0xEF, 0xFF, 0xFF, 0xFF, 0xFF, 0xC0, 0x00, 0x00, 0x00, 0x00, 0x00, 0x00, 0x00, 0x00, 0x00, 0x00, 0x00,
  0x3F, 0xFF, 0xFF, 0xFF, 0xFF, 0xFF, 0x70, 0x00, 0x00, 0x00, 0x00, 0x00, 0x00, 0x0E, 0xFF, 0xFF, 0xFF, 0xFF, 0xFC, 0x00, 0x00, 0x00, 0x00, 0x00,
  0x00, 0x00, 0x00, 0x00, 0x00, 0x00, 0x0C, 0xFF, 0xFF, 0xFF, 0xFF, 0xFF, 0xB0, 0x00, 0x00, 0x00, 0x00, 0x00, 0x00, 0x00, 0xEF, 0xFF, 0xFF, 0xFF,
  0xFF, 0xC0, 0x00, 0x00, 0x00, 0x00, 0x00, 0x00, 0x00, 0x00, 0x00, 0x00, 0x09, 0xFF, 0xFF, 0xFF, 0xFF, 0xFF, 0xE1, 0x00, 0x00, 0x00, 0x00, 0x00,
  0x00, 0x00, 0x0E, 0xFF, 0xFF, 0xFF, 0xFF, 0xFC, 0x00, 0x00, 0x00, 0x00, 0x00, 0x00, 0x00, 0x00, 0x00, 0x00, 0x04, 0xFF, 0xFF, 0xFF, 0xFF, 0xFF,
  0xF5, 0x00, 0x00, 0x00, 0x00, 0x00, 0x00, 0x00, 0x00, 0xEF, 0xFF, 0xFF, 0xFF, 0xFF, 0xC0, 0x00, 0x00, 0x00, 0x00, 0x00, 0x00, 0x00, 0x00, 0x00,
  0x01, 0xEF, 0xFF, 0xFF, 0xFF, 0xFF, 0xF9, 0x00, 0x00, 0x00, 0x00, 0x00, 0x00, 0x00, 0x00, 0x0E, 0xFF, 0xFF, 0xFF, 0xFF, 0xFC, 0x00, 0x00, 0x00,
  0x00, 0x00, 0x00, 0x00, 0x00, 0x00, 0x00, 0xBF, 0xFF, 0xFF, 0xFF, 0xFF, 0xFD, 0x10, 0x00, 0x00, 0x00, 0x00, 0x00, 0x00, 0x00, 0x00, 0xEF, 0xFF,
  0xFF, 0xFF, 0xFF, 0xC0, 0x00, 0x00, 0x00, 0x00, 0x00, 0x00, 0x00, 0x00, 0x00, 0x6F, 0xFF, 0xFF, 0xFF, 0xFF, 0xFF, 0x30, 0x00, 0x00, 0x00, 0x00,
  0x00, 0x00, 0x00, 0x00, 0x0E, 0xFF, 0xFF, 0xFF, 0xFF, 0xFC, 0x00, 0x00, 0x00, 0x00, 0x00, 0x00, 0x00, 0x00, 0x00, 0x2E, 0xFF, 0xFF, 0xFF, 0xFF,
  0xFF, 0x70, 0x00, 0x00, 0x00, 0x00, 0x00, 0x00, 0x00, 0x00, 0x00, 0xEF, 0xFF, 0xFF, 0xFF, 0xFF, 0xC0, 0x00, 0x00, 0x00, 0x00, 0x00, 0x00, 0x00,
  0x00, 0x0C, 0xFF, 0xFF, 0xFF, 0xFF, 0xFF, 0xB0, 0x00, 0x00, 0x00, 0x00, 0x00, 0x00, 0x00, 0x00, 0x00, 0x0E, 0xFF, 0xFF, 0xFF, 0xFF, 0xFC, 0x00,
  0x00, 0x00, 0x00, 0x00, 0x00, 0x00, 0x00, 0x08, 0xFF, 0xFF, 0xFF, 0xFF, 0xFF, 0xE1, 0x00, 0x00, 0x00, 0x00, 0x00, 0x00, 0x00, 0x00, 0x00, 0x00,
  0xEF, 0xFF, 0xFF, 0xFF, 0xFF, 0xC0, 0x00, 0x00, 0x00, 0x00, 0x00, 0x00, 0x00, 0x04, 0xFF, 0xFF, 0xFF, 0xFF, 0xFF, 0xF5, 0x00, 0x00, 0x00, 0x00,
  0x00, 0x00, 0x00, 0x00, 0x00, 0x00, 0x0E, 0xFF, 0xFF, 0xFF, 0xFF, 0xFC, 0x00, 0x00, 0x00, 0x00, 0x00, 0x00, 0x00, 0x01, 0xEF, 0xFF, 0xFF, 0xFF,
  0xFF, 0xF9, 0x00, 0x00, 0x00, 0x00, 0x00, 0x00, 0x00, 0x00, 0x00, 0x00, 0x00, 0xEF, 0xFF, 0xFF, 0xFF, 0xFF, 0xC0, 0x00, 0x00, 0x00, 0x00, 0x00,
  0x00, 0x00, 0xAF, 0xFF, 0xFF, 0xFF, 0xFF, 0xFD, 0x10, 0x00, 0x00, 0x00, 0x00, 0x00, 0x00, 0x00, 0x00, 0x00, 0x00, 0x0E, 0xFF, 0xFF, 0xFF, 0xFF,
  0xFC, 0x00, 0x00, 0x00, 0x00, 0x00, 0x00, 0x00, 0x6F, 0xFF, 0xFF, 0xFF, 0xFF, 0xFF, 0x30, 0x00, 0x00, 0x00, 0x00, 0x00, 0x00, 0x00, 0x00, 0x00,
  0x00, 0x00, 0xEF, 0xFF, 0xFF, 0xFF, 0xFF, 0xC0, 0x00, 0x00, 0x00, 0x00, 0x00, 0x00, 0x2E, 0xFF, 0xFF, 0xFF, 0xFF, 0xFF, 0x70, 0x00, 0x00, 0x00,
  0x00, 0x00, 0x00, 0x00, 0x00, 0x00, 0x00, 0x00, 0x0E, 0xFF, 0xFF, 0xFF, 0xFF, 0xFC, 0x00, 0x00, 0x00, 0x00, 0x00, 0x00, 0x0C, 0xFF, 0xFF, 0xFF,
  0xFF, 0xFF, 0xB0, 0x00, 0x00, 0x00, 0x00, 0x00, 0x00, 0x00, 0x00, 0x00, 0x00, 0x00, 0x00, 0xEF, 0xFF, 0xFF, 0xFF, 0xFF, 0xC0, 0x00, 0x00, 0x00,
  0x00, 0x00, 0x08, 0xFF, 0xFF, 0xFF, 0xFF, 0xFF, 0xE2, 0x00, 0x00, 0x00, 0x00, 0x00, 0x00, 0x00, 0x00, 0x00, 0x00, 0x00, 0x00, 0x0E, 0xFF, 0xFF,
  0xFF, 0xFF, 0xFC, 0x00, 0x00, 0x00, 0x00, 0x00, 0x03, 0xFF, 0xFF, 0xFF, 0xFF, 0xFF, 0xFF, 0xFF, 0xFF, 0xFF, 0xFF, 0xFF, 0xFF, 0xFF, 0xFF, 0xFF,
  0xFF, 0xFF, 0xFF, 0xFF, 0xFF, 0xFF, 0xFF, 0xFF, 0xFF, 0xFF, 0xFF, 0xFF, 0xFF, 0xFF, 0xFC, 0x4F, 0xFF, 0xFF, 0xFF, 0xFF, 0xFF, 0xFF, 0xFF, 0xFF,
  0xFF, 0xFF, 0xFF, 0xFF, 0xFF, 0xFF, 0xFF, 0xFF, 0xFF, 0xFF, 0xFF, 0xFF, 0xFF, 0xFF, 0xFF, 0xFF, 0xFF, 0xFF, 0xFF, 0xFF, 0xFF, 0xC4, 0xFF, 0xFF,
  0xFF, 0xFF, 0xFF, 0xFF, 0xFF, 0xFF, 0xFF, 0xFF, 0xFF, 0xFF, 0xFF, 0xFF, 0xFF, 0xFF, 0xFF, 0xFF, 0xFF, 0xFF, 0xFF, 0xFF, 0xFF, 0xFF, 0xFF, 0xFF,
  0xFF, 0xFF, 0xFF, 0xFC, 0x4F, 0xFF, 0xFF, 0xFF, 0xFF, 0xFF, 0xFF, 0xFF, 0xFF, 0xFF, 0xFF, 0xFF, 0xFF, 0xFF, 0xFF, 0xFF, 0xFF, 0xFF, 0xFF, 0xFF,
  0xFF, 0xFF, 0xFF, 0xFF, 0xFF, 0xFF, 0xFF, 0xFF, 0xFF, 0xFF, 0xC4, 0xFF, 0xFF, 0xFF, 0xFF, 0xFF, 0xFF, 0xFF, 0xFF, 0xFF, 0xFF, 0xFF, 0xFF, 0xFF,
  0xFF, 0xFF, 0xFF, 0xFF, 0xFF, 0xFF, 0xFF, 0xFF, 0xFF, 0xFF, 0xFF, 0xFF, 0xFF, 0xFF, 0xFF, 0xFF, 0xFC, 0x4F, 0xFF, 0xFF, 0xFF, 0xFF, 0xFF, 0xFF,
  0xFF, 0xFF, 0xFF, 0xFF, 0xFF, 0xFF, 0xFF, 0xFF, 0xFF, 0xFF, 0xFF, 0xFF, 0xFF, 0xFF, 0xFF, 0xFF, 0xFF, 0xFF, 0xFF, 0xFF, 0xFF, 0xFF, 0xFF, 0xC4,
  0xFF, 0xFF, 0xFF, 0xFF, 0xFF, 0xFF, 0xFF, 0xFF, 0xFF, 0xFF, 0xFF, 0xFF, 0xFF, 0xFF, 0xFF, 0xFF, 0xFF, 0xFF, 0xFF, 0xFF, 0xFF, 0xFF, 0xFF, 0xFF,
  0xFF, 0xFF, 0xFF, 0xFF, 0xFF, 0xFC, 0x4F, 0xFF, 0xFF, 0xFF, 0xFF, 0xFF, 0xFF, 0xFF, 0xFF, 0xFF, 0xFF, 0xFF, 0xFF, 0xFF, 0xFF, 0xFF, 0xFF, 0xFF,
  0xFF, 0xFF, 0xFF, 0xFF, 0xFF, 0xFF, 0xFF, 0xFF, 0xFF, 0xFF, 0xFF, 0xFF, 0xC4, 0xFF, 0xFF, 0xFF, 0xFF, 0xFF, 0xFF, 0xFF, 0xFF, 0xFF, 0xFF, 0xFF,
  0xFF, 0xFF, 0xFF, 0xFF, 0xFF, 0xFF, 0xFF, 0xFF, 0xFF, 0xFF, 0xFF, 0xFF, 0xFF, 0xFF, 0xFF, 0xFF, 0xFF, 0xFF, 0xFC, 0x14, 0x44, 0x44, 0x44, 0x44,
  0x44, 0x44, 0x44, 0x44, 0x44, 0x44, 0x44, 0x44, 0x44, 0x44, 0x44, 0x44, 0x44, 0x44, 0x4E, 0xFF, 0xFF, 0xFF, 0xFF, 0xFD, 0x44, 0x44, 0x44, 0x44,
  0x44, 0x30, 0x00, 0x00, 0x00, 0x00, 0x00, 0x00, 0x00, 0x00, 0x00, 0x00, 0x00, 0x00, 0x00, 0x00, 0x00, 0x00, 0x00, 0x00, 0x00, 0xEF, 0xFF, 0xFF,
  0xFF, 0xFF, 0xC0, 0x00, 0x00, 0x00, 0x00, 0x00, 0x00, 0x00, 0x00, 0x00, 0x00, 0x00, 0x00, 0x00, 0x00, 0x00, 0x00, 0x00, 0x00, 0x00, 0x00, 0x00,
  0x00, 0x00, 0x00, 0x0E, 0xFF, 0xFF, 0xFF, 0xFF, 0xFC, 0x00, 0x00, 0x00, 0x00, 0x00, 0x00, 0x00, 0x00, 0x00, 0x00, 0x00, 0x00, 0x00, 0x00, 0x00,
  0x00, 0x00, 0x00, 0x00, 0x00, 0x00, 0x00, 0x00, 0x00, 0x00, 0xEF, 0xFF, 0xFF, 0xFF, 0xFF, 0xC0, 0x00, 0x00, 0x00, 0x00, 0x00, 0x00, 0x00, 0x00,
  0x00, 0x00, 0x00, 0x00, 0x00, 0x00, 0x00, 0x00, 0x00, 0x00, 0x00, 0x00, 0x00, 0x00, 0x00, 0x00, 0x0E, 0xFF, 0xFF, 0xFF, 0xFF, 0xFC, 0x00, 0x00,
  0x00, 0x00, 0x00, 0x00, 0x00, 0x00, 0x00, 0x00, 0x00, 0x00, 0x00, 0x00, 0x00, 0x00, 0x00, 0x00, 0x00, 0x00, 0x00, 0x00, 0x00, 0x00, 0x00, 0xEF,
  0xFF, 0xFF, 0xFF, 0xFF, 0xC0, 0x00, 0x00, 0x00, 0x00, 0x00, 0x00, 0x00, 0x00, 0x00, 0x00, 0x00, 0x00, 0x00, 0x00, 0x00, 0x00, 0x00, 0x00, 0x00,
  0x00, 0x00, 0x00, 0x00, 0x00, 0x0E, 0xFF, 0xFF, 0xFF, 0xFF, 0xFC, 0x00, 0x00, 0x00, 0x00, 0x00, 0x00, 0x00, 0x00, 0x00, 0x00, 0x00, 0x00, 0x00,
  0x00, 0x00, 0x00, 0x00, 0x00, 0x00, 0x00, 0x00, 0x00, 0x00, 0x00, 0x00, 0xEF, 0xFF, 0xFF, 0xFF, 0xFF, 0xC0, 0x00, 0x00, 0x00, 0x00, 0x00, 0x00,
  0x00, 0x00, 0x00, 0x00, 0x00, 0x00, 0x00, 0x00, 0x00, 0x00, 0x00, 0x00, 0x00, 0x00, 0x00, 0x00, 0x00, 0x00, 0x0E, 0xFF, 0xFF, 0xFF, 0xFF, 0xFC,
  0x00, 0x00, 0x00, 0x00, 0x00, 0x00, 0x00, 0x00, 0x00, 0x00, 0x00, 0x00, 0x00, 0x00, 0x00, 0x00, 0x00, 0x00, 0x00, 0x00, 0x00, 0x00, 0x00, 0x00,
  0x00, 0xEF, 0xFF, 0xFF, 0xFF, 0xFF, 0xC0, 0x00, 0x00, 0x00, 0x00, 0x00, 0x00, 0x00, 0x00, 0x00, 0x00, 0x00, 0x00, 0x00, 0x00, 0x00, 0x00, 0x00,
  0x00, 0x00, 0x00, 0x00, 0x00, 0x00, 0x00, 0x0E, 0xFF, 0xFF, 0xFF, 0xFF, 0xFC, 0x00, 0x00, 0x00, 0x00, 0x00, 0x00, 0x00, 0x00, 0x00, 0x00, 0x00,
  0x00, 0x00, 0x00, 0x00, 0x00, 0x00, 0x00, 0x00, 0x00, 0x00, 0x00, 0x00, 0x00, 0x00, 0xEF, 0xFF, 0xFF, 0xFF, 0xFF, 0xC0, 0x00, 0x00, 0x00, 0x00,
  0x00, 0x00, 0x00, 0x00, 0x00, 0x00, 0x00, 0x00, 0x00, 0x00, 0x00, 0x00, 0x00, 0x00, 0x00, 0x00, 0x00, 0x00, 0x00, 0x00, 0x0E, 0xFF, 0xFF, 0xFF,
  0xFF, 0xFC, 0x00, 0x00, 0x00, 0x00, 0x00, 0x00, 0x00, 0x00, 0x00, 0x00, 0x00, 0x00, 0x00, 0x00, 0x00, 0x00, 0x00, 0x00, 0x00, 0x00, 0x00, 0x00,
  0x00, 0x00, 0x00, 0xEF, 0xFF, 0xFF, 0xFF, 0xFF, 0xC0, 0x00, 0x00, 0x00, 0x00, 0x00, 0x00, 0x00, 0x00, 0x00, 0x00, 0x00, 0x00, 0x00, 0x00, 0x00,
  0x00, 0x00, 0x00, 0x00, 0x00, 0x00, 0x00, 0x00, 0x00, 0x0E, 0xFF, 0xFF, 0xFF, 0xFF, 0xFC, 0x00, 0x00, 0x00, 0x00, 0x00, 0x00, 0x00, 0x00, 0x00,
  0x00, 0x00, 0x00, 0x00, 0x00, 0x00, 0x00, 0x00, 0x00, 0x00, 0x00, 0x00, 0x00, 0x00, 0x00, 0x00, 0xEF, 0xFF, 0xFF, 0xFF, 0xFF, 0xC0, 0x00, 0x00,
  0x00, 0x00, 0x00, 0x00, 0x00, 0x00, 0x00, 0x00, 0x00, 0x00, 0x00, 0x00, 0x00, 0x00, 0x00, 0x00, 0x00, 0x00, 0x00, 0x00, 0x00, 0x00, 0x0E, 0xFF,
  0xFF, 0xFF, 0xFF, 0xFC, 0x00, 0x00, 0x00, 0x00, 0x00, 0x00, 0x00, 0x00, 0x00, 0x00, 0x00, 0x00, 0x00, 0x00, 0x00, 0x00, 0x00, 0x00, 0x00, 0x00,
  0x00, 0x00, 0x00, 0x00, 0x00, 0xEF, 0xFF, 0xFF, 0xFF, 0xFF, 0xC0, 0x00, 0x00, 0x00, 0x00, 0x00, 0x00, 0x00, 0xDF, 0xFF, 0xFF, 0xFF, 0xFF, 0xFF,
  0xFF, 0xFF, 0xFF, 0xFF, 0xFF, 0xFF, 0xFF, 0xFF, 0xFF, 0xFF, 0xFF, 0xFF, 0xFF, 0xFF, 0xFF, 0xFF, 0xF6, 0x00, 0x00, 0x00, 0x00, 0xEF, 0xFF, 0xFF,
  0xFF, 0xFF, 0xFF, 0xFF, 0xFF, 0xFF, 0xFF, 0xFF, 0xFF, 0xFF, 0xFF, 0xFF, 0xFF, 0xFF, 0xFF, 0xFF, 0xFF, 0xFF, 0xFF, 0xF6, 0x00, 0x00, 0x00, 0x00,
  0xFF, 0xFF, 0xFF, 0xFF, 0xFF, 0xFF, 0xFF, 0xFF, 0xFF, 0xFF, 0xFF, 0xFF, 0xFF, 0xFF, 0xFF, 0xFF, 0xFF, 0xFF, 0xFF, 0xFF, 0xFF, 0xFF, 0xF6, 0x00,
  0x00, 0x00, 0x01, 0xFF, 0xFF, 0xFF, 0xFF, 0xFF, 0xFF, 0xFF, 0xFF, 0xFF, 0xFF, 0xFF, 0xFF, 0xFF, 0xFF, 0xFF, 0xFF, 0xFF, 0xFF, 0xFF, 0xFF, 0xFF,
  0xFF, 0xF6, 0x00, 0x00, 0x00, 0x02, 0xFF, 0xFF, 0xFF, 0xFF, 0xFF, 0xFF, 0xFF, 0xFF, 0xFF, 0xFF, 0xFF, 0xFF, 0xFF, 0xFF, 0xFF, 0xFF, 0xFF, 0xFF,
  0xFF, 0xFF, 0xFF, 0xFF, 0xF6, 0x00, 0x00, 0x00, 0x02, 0xFF, 0xFF, 0xFF, 0xFF, 0xFF, 0xFF, 0xFF, 0xFF, 0xFF, 0xFF, 0xFF, 0xFF, 0xFF, 0xFF, 0xFF,
  0xFF, 0xFF, 0xFF, 0xFF, 0xFF, 0xFF, 0xFF, 0xF6, 0x00, 0x00, 0x00, 0x03, 0xFF, 0xFF, 0xFF, 0xFF, 0xFF, 0xFF, 0xFF, 0xFF, 0xFF, 0xFF, 0xFF, 0xFF,
  0xFF, 0xFF, 0xFF, 0xFF, 0xFF, 0xFF, 0xFF, 0xFF, 0xFF, 0xFF, 0xF6, 0x00, 0x00, 0x00, 0x04, 0xFF, 0xFF, 0xFF, 0xFF, 0xFF, 0xFF, 0xFF, 0xFF, 0xFF,
  0xFF, 0xFF, 0xFF, 0xFF, 0xFF, 0xFF, 0xFF, 0xFF, 0xFF, 0xFF, 0xFF, 0xFF, 0xFF, 0xF6, 0x00, 0x00, 0x00, 0x05, 0xFF, 0xFF, 0xFF, 0xFF, 0xFF, 0xFF,
  0xFF, 0xFF, 0xFF, 0xFF, 0xFF, 0xFF, 0xFF, 0xFF, 0xFF, 0xFF, 0xFF, 0xFF, 0xFF, 0xFF, 0xFF, 0xFF, 0xF6, 0x00, 0x00, 0x00, 0x06, 0xFF, 0xFF, 0xFF,
  0xFF, 0xFF, 0x74, 0x44, 0x44, 0x44, 0x44, 0x44, 0x44, 0x44, 0x44, 0x44, 0x44, 0x44, 0x44, 0x44, 0x44, 0x44, 0x44, 0x42, 0x00, 0x00, 0x00, 0x07,
  0xFF, 0xFF, 0xFF, 0xFF, 0xFF, 0x30, 0x00, 0x00, 0x00, 0x00, 0x00, 0x00, 0x00, 0x00, 0x00, 0x00, 0x00, 0x00, 0x00, 0x00, 0x00, 0x00, 0x00, 0x00,
  0x00, 0x00, 0x08, 0xFF, 0xFF, 0xFF, 0xFF, 0xFF, 0x10, 0x00, 0x00, 0x00, 0x00, 0x00, 0x00, 0x00, 0x00, 0x00, 0x00, 0x00, 0x00, 0x00, 0x00, 0x00,
  0x00, 0x00, 0x00, 0x00, 0x00, 0x08, 0xFF, 0xFF, 0xFF, 0xFF, 0xFF, 0x00, 0x00, 0x00, 0x00, 0x00, 0x00, 0x00, 0x00, 0x00, 0x00, 0x00, 0x00, 0x00,
  0x00, 0x00, 0x00, 0x00, 0x00, 0x00, 0x00, 0x00, 0x09, 0xFF, 0xFF, 0xFF, 0xFF, 0xFE, 0x00, 0x00, 0x00, 0x00, 0x00, 0x00, 0x00, 0x00, 0x00, 0x00,
  0x00, 0x00, 0x00, 0x00, 0x00, 0x00, 0x00, 0x00, 0x00, 0x00, 0x00, 0x0A, 0xFF, 0xFF, 0xFF, 0xFF, 0xFD, 0x00, 0x00, 0x00, 0x00, 0x00, 0x00, 0x00,
  0x00, 0x00, 0x00, 0x00, 0x00, 0x00, 0x00, 0x00, 0x00, 0x00, 0x00, 0x00, 0x00, 0x00, 0x0B, 0xFF, 0xFF, 0xFF, 0xFF, 0xFC, 0x00, 0x00, 0x00, 0x00,
  0x00, 0x00, 0x00, 0x00, 0x00, 0x00, 0x00, 0x00, 0x00, 0x00, 0x00, 0x00, 0x00, 0x00, 0x00, 0x00, 0x00, 0x0C, 0xFF, 0xFF, 0xFF, 0xFF, 0xFB, 0x00,
  0x00, 0x00, 0x00, 0x00, 0x00, 0x00, 0x00, 0x00, 0x00, 0x00, 0x00, 0x00, 0x00, 0x00, 0x00, 0x00, 0x00, 0x00, 0x00, 0x00, 0x0D, 0xFF, 0xFF, 0xFF,
  0xFF, 0xFA, 0x00, 0x00, 0x00, 0x00, 0x00, 0x00, 0x00, 0x00, 0x00, 0x00, 0x00, 0x00, 0x00, 0x00, 0x00, 0x00, 0x00, 0x00, 0x00, 0x00, 0x00, 0x0E,
  0xFF, 0xFF, 0xFF, 0xFF, 0xF9, 0x00, 0x00, 0x00, 0x00, 0x00, 0x00, 0x00, 0x00, 0x00, 0x00, 0x00, 0x00, 0x00, 0x00, 0x00, 0x00, 0x00, 0x00, 0x00,
  0x00, 0x00, 0x0E, 0xFF, 0xFF, 0xFF, 0xFF, 0xF8, 0x00, 0x00, 0x00, 0x00, 0x00, 0x00, 0x00, 0x00, 0x00, 0x00, 0x00, 0x00, 0x00, 0x00, 0x00, 0x00,
  0x00, 0x00, 0x00, 0x00, 0x00, 0x0F, 0xFF, 0xFF, 0xFF, 0xFF, 0xF7, 0x00, 0x00, 0x00, 0x00, 0x00, 0x00, 0x00, 0x00, 0x00, 0x00, 0x00, 0x00, 0x00,
  0x00, 0x00, 0x00, 0x00, 0x00, 0x00, 0x00, 0x00, 0x1F, 0xFF, 0xFF, 0xFF, 0xFF, 0xF5, 0x00, 0x00, 0x00, 0x00, 0x00, 0x00, 0x00, 0x00, 0x00, 0x00,
  0x00, 0x00, 0x00, 0x00, 0x00, 0x00, 0x00, 0x00, 0x00, 0x00, 0x00, 0x2F, 0xFF, 0xFF, 0xFF, 0xFF, 0xF4, 0x00, 0x00, 0x00, 0x00, 0x00, 0x00, 0x00,
  0x00, 0x00, 0x00, 0x00, 0x00, 0x00, 0x00, 0x00, 0x00, 0x00, 0x00, 0x00, 0x00, 0x00, 0x3F, 0xFF, 0xFF, 0xFF, 0xFF, 0xF3, 0x00, 0x00, 0x00, 0x00,
  0x00, 0x00, 0x00, 0x00, 0x00, 0x00, 0x00, 0x00, 0x00, 0x00, 0x00, 0x00, 0x00, 0x00, 0x00, 0x00, 0x00, 0x4F, 0xFF, 0xFF, 0xFF, 0xFF, 0xF2, 0x00,
  0x00, 0x00, 0x00, 0x00, 0x00, 0x00, 0x00, 0x00, 0x00, 0x00, 0x00, 0x00, 0x00, 0x00, 0x00, 0x00, 0x00, 0x00, 0x00, 0x00, 0x4F, 0xFF, 0xFF, 0xFF,
  0xFF, 0xF1, 0x00, 0x00, 0x00, 0x00, 0x14, 0x7A, 0xCE, 0xEF, 0xED, 0xCB, 0x85, 0x10, 0x00, 0x00, 0x00, 0x00, 0x00, 0x00, 0x00, 0x00, 0x00, 0x5F,
  0xFF, 0xFF, 0xFF, 0xFF, 0xF0, 0x00, 0x00, 0x00, 0x5A, 0xFF, 0xFF, 0xFF, 0xFF, 0xFF, 0xFF, 0xFF, 0xFB, 0x61, 0x00, 0x00, 0x00, 0x00, 0x00, 0x00,
  0x00, 0x00, 0x6F, 0xFF, 0xFF, 0xFF, 0xFF, 0xE0, 0x00, 0x00, 0x6D, 0xFF, 0xFF, 0xFF, 0xFF, 0xFF, 0xFF, 0xFF, 0xFF, 0xFF, 0xFE, 0x70, 0x00, 0x00,
  0x00, 0x00, 0x00, 0x00, 0x00, 0x7F, 0xFF, 0xFF, 0xFF, 0xFF, 0xD0, 0x00, 0x4C, 0xFF, 0xFF, 0xFF, 0xFF, 0xFF, 0xFF, 0xFF, 0xFF, 0xFF, 0xFF, 0xFF,
  0xFD, 0x50, 0x00, 0x00, 0x00, 0x00, 0x00, 0x00, 0x8F, 0xFF, 0xFF, 0xFF, 0xFF, 0xC0, 0x08, 0xFF, 0xFF, 0xFF, 0xFF, 0xFF, 0xFF, 0xFF, 0xFF, 0xFF,
  0xFF, 0xFF, 0xFF, 0xFF, 0xF9, 0x10, 0x00, 0x00, 0x00, 0x00, 0x00, 0x9F, 0xFF, 0xFF, 0xFF, 0xFF, 0xB1, 0xBF, 0xFF, 0xFF, 0xFF, 0xFF, 0xFF, 0xFF,
  0xFF, 0xFF, 0xFF, 0xFF, 0xFF, 0xFF, 0xFF, 0xFF, 0xC1, 0x00, 0x00, 0x00, 0x00, 0x00, 0xAF, 0xFF, 0xFF, 0xFF, 0xFF, 0xAB, 0xFF, 0xFF, 0xFF, 0xFF,
  0xFF, 0xFF, 0xFF, 0xFF, 0xFF, 0xFF, 0xFF, 0xFF, 0xFF, 0xFF, 0xFF, 0xFD, 0x20, 0x00, 0x00, 0x00, 0x00, 0xAF, 0xFF, 0xFF, 0xFF, 0xFF, 0xFF, 0xFF,
  0xFF, 0xFF, 0xFF, 0xFF, 0xFF, 0xFF, 0xFF, 0xFF, 0xFF, 0xFF, 0xFF, 0xFF, 0xFF, 0xFF, 0xFF, 0xD2, 0x00, 0x00, 0x00, 0x00, 0xBF, 0xFF, 0xFF, 0xFF,
  0xFF, 0xFF, 0xFF, 0xFF, 0xFF, 0xFF, 0xFF, 0xFF, 0xFF, 0xFF, 0xFF, 0xFF, 0xFF, 0xFF, 0xFF, 0xFF, 0xFF, 0xFF, 0xFC, 0x00, 0x00, 0x00, 0x00, 0xCF,
  0xFF, 0xFF, 0xFF, 0xFF, 0xFF, 0xFF, 0xFF, 0xFF, 0xFF, 0xEB, 0x86, 0x54, 0x45, 0x7A, 0xEF, 0xFF, 0xFF, 0xFF, 0xFF, 0xFF, 0xFF, 0xFF, 0xA0, 0x00,
  0x00, 0x00, 0xDF, 0xFF, 0xFF, 0xFF, 0xFF, 0xFF, 0xFF, 0xFF, 0xFE, 0x83, 0x00, 0x00, 0x00, 0x00, 0x00, 0x04, 0xBF, 0xFF, 0xFF, 0xFF, 0xFF, 0xFF,
  0xFF, 0xF5, 0x00, 0x00, 0x00, 0xEF, 0xFF, 0xFF, 0xFF, 0xFF, 0xFF, 0xFF, 0xFE, 0x71, 0x00, 0x00, 0x00, 0x00, 0x00, 0x00, 0x00, 0x04, 0xDF, 0xFF,
  0xFF, 0xFF, 0xFF, 0xFF, 0xFD, 0x10, 0x00, 0x00, 0xFF, 0xFF, 0xFF, 0xFF, 0xFF, 0xFF, 0xFF, 0xB2, 0x00, 0x00, 0x00, 0x00, 0x00, 0x00, 0x00, 0x00,
  0x00, 0x1B, 0xFF, 0xFF, 0xFF, 0xFF, 0xFF, 0xFF, 0x80, 0x00, 0x01, 0xFF, 0xFF, 0xFF, 0xFF, 0xFF, 0xFF, 0xFA, 0x00, 0x00, 0x00, 0x00, 0x00, 0x00,
  0x00, 0x00, 0x00, 0x00, 0x00, 0xBF, 0xFF, 0xFF, 0xFF, 0xFF, 0xFF, 0xE1, 0x00, 0x01, 0xFF, 0xFF, 0xFF, 0xFF, 0xFF, 0xFF, 0xA0, 0x00, 0x00, 0x00,
  0x00, 0x00, 0x00, 0x00, 0x00, 0x00, 0x00, 0x00, 0x1C, 0xFF, 0xFF, 0xFF, 0xFF, 0xFF, 0xF7, 0x00, 0x02, 0xFF, 0xFF, 0xFF, 0xFF, 0xFF, 0xFD, 0x10,
  0x00, 0x00, 0x00, 0x00, 0x00, 0x00, 0x00, 0x00, 0x00, 0x00, 0x00, 0x02, 0xFF, 0xFF, 0xFF, 0xFF, 0xFF, 0xFD, 0x00, 0x03, 0xFF, 0xFF, 0xFF, 0xFF,
  0xFF, 0xF4, 0x00, 0x00, 0x00, 0x00, 0x00, 0x00, 0x00, 0x00, 0x00, 0x00, 0x00, 0x00, 0x00, 0x7F, 0xFF, 0xFF, 0xFF, 0xFF, 0xFF, 0x30, 0x04, 0xFF,
  0xFF, 0xFF, 0xFF, 0xFF, 0xC0, 0x00, 0x00, 0x00, 0x00, 0x00, 0x00, 0x00, 0x00, 0x00, 0x00, 0x00, 0x00, 0x00, 0x1E, 0xFF, 0xFF, 0xFF, 0xFF, 0xFF,
  0x80, 0x03, 0xAA, 0xAA, 0xAA, 0xAA, 0xAA, 0x40, 0x00, 0x00, 0x00, 0x00, 0x00, 0x00, 0x00, 0x00, 0x00, 0x00, 0x00, 0x00, 0x00, 0x08, 0xFF, 0xFF,
  0xFF, 0xFF, 0xFF, 0xC0, 0x00, 0x00, 0x00, 0x00, 0x00, 0x00, 0x00, 0x00, 0x00, 0x00, 0x00, 0x00, 0x00, 0x00, 0x00, 0x00, 0x00, 0x00, 0x00, 0x00,
  0x02, 0xFF, 0xFF, 0xFF, 0xFF, 0xFF, 0xF0, 0x00, 0x00, 0x00, 0x00, 0x00, 0x00, 0x00, 0x00, 0x00, 0x00, 0x00, 0x00, 0x00, 0x00, 0x00, 0x00, 0x00,
  0x00, 0x00, 0x00, 0x00, 0xDF, 0xFF, 0xFF, 0xFF, 0xFF, 0xF3, 0x00, 0x00, 0x00, 0x00, 0x00, 0x00, 0x00, 0x00, 0x00, 0x00, 0x00, 0x00, 0x00, 0x00,
  0x00, 0x00, 0x00, 0x00, 0x00, 0x00, 0x00, 0x9F, 0xFF, 0xFF, 0xFF, 0xFF, 0xF5, 0x00, 0x00, 0x00, 0x00, 0x00, 0x00, 0x00, 0x00, 0x00, 0x00, 0x00,
  0x00, 0x00, 0x00, 0x00, 0x00, 0x00, 0x00, 0x00, 0x00, 0x00, 0x6F, 0xFF, 0xFF, 0xFF, 0xFF, 0xF7, 0x00, 0x00, 0x00, 0x00, 0x00, 0x00, 0x00, 0x00,
  0x00, 0x00, 0x00, 0x00, 0x00, 0x00, 0x00, 0x00, 0x00, 0x00, 0x00, 0x00, 0x00, 0x4F, 0xFF, 0xFF, 0xFF, 0xFF, 0xF8, 0x00, 0x00, 0x00, 0x00, 0x00,
  0x00, 0x00, 0x00, 0x00, 0x00, 0x00, 0x00, 0x00, 0x00, 0x00, 0x00, 0x00, 0x00, 0x00, 0x00, 0x00, 0x3F, 0xFF, 0xFF, 0xFF, 0xFF, 0xF9, 0x00, 0x00,
  0x00, 0x00, 0x00, 0x00, 0x00, 0x00, 0x00, 0x00, 0x00, 0x00, 0x00, 0x00, 0x00, 0x00, 0x00, 0x00, 0x00, 0x00, 0x00, 0x2F, 0xFF, 0xFF, 0xFF, 0xFF,
  0xFA, 0x00, 0x00, 0x00, 0x00, 0x00, 0x00, 0x00, 0x00, 0x00, 0x00, 0x00, 0x00, 0x00, 0x00, 0x00, 0x00, 0x00, 0x00, 0x00, 0x00, 0x00, 0x2F, 0xFF,
  0xFF, 0xFF, 0xFF, 0xF9, 0x00, 0x00, 0x00, 0x00, 0x00, 0x00, 0x00, 0x00, 0x00, 0x00, 0x00, 0x00, 0x00, 0x00, 0x00, 0x00, 0x00, 0x00, 0x00, 0x00,
  0x00, 0x3F, 0xFF, 0xFF, 0xFF, 0xFF, 0xF9, 0x27, 0x77, 0x77, 0x77, 0x77, 0x75, 0x00, 0x00, 0x00, 0x00, 0x00, 0x00, 0x00, 0x00, 0x00, 0x00, 0x00,
  0x00, 0x00, 0x00, 0x00, 0x4F, 0xFF, 0xFF, 0xFF, 0xFF, 0xF8, 0x3F, 0xFF, 0xFF, 0xFF, 0xFF, 0xFD, 0x00, 0x00, 0x00, 0x00, 0x00, 0x00, 0x00, 0x00,
  0x00, 0x00, 0x00, 0x00, 0x00, 0x00, 0x00, 0x6F, 0xFF, 0xFF, 0xFF, 0xFF, 0xF7, 0x1F, 0xFF, 0xFF, 0xFF, 0xFF, 0xFF, 0x10, 0x00, 0x00, 0x00, 0x00,
  0x00, 0x00, 0x00, 0x00, 0x00, 0x00, 0x00, 0x00, 0x00, 0x00, 0x9F, 0xFF, 0xFF, 0xFF, 0xFF, 0xF4, 0x0F, 0xFF, 0xFF, 0xFF, 0xFF, 0xFF, 0x40, 0x00,
  0x00, 0x00, 0x00, 0x00, 0x00, 0x00, 0x00, 0x00, 0x00, 0x00, 0x00, 0x00, 0x00, 0xDF, 0xFF, 0xFF, 0xFF, 0xFF, 0xF2, 0x0C, 0xFF, 0xFF, 0xFF, 0xFF,
  0xFF, 0x90, 0x00, 0x00, 0x00, 0x00, 0x00, 0x00, 0x00, 0x00, 0x00, 0x00, 0x00, 0x00, 0x00, 0x02, 0xFF, 0xFF, 0xFF, 0xFF, 0xFF, 0xE0, 0x08, 0xFF,
  0xFF, 0xFF, 0xFF, 0xFF, 0xE0, 0x00, 0x00, 0x00, 0x00, 0x00, 0x00, 0x00, 0x00, 0x00, 0x00, 0x00, 0x00, 0x00, 0x08, 0xFF, 0xFF, 0xFF, 0xFF, 0xFF,
  0xB0, 0x04, 0xFF, 0xFF, 0xFF, 0xFF, 0xFF, 0xF6, 0x00, 0x00, 0x00, 0x00, 0x00, 0x00, 0x00, 0x00, 0x00, 0x00, 0x00, 0x00, 0x00, 0x1E, 0xFF, 0xFF,
  0xFF, 0xFF, 0xFF, 0x60, 0x01, 0xEF, 0xFF, 0xFF, 0xFF, 0xFF, 0xFE, 0x10, 0x00, 0x00, 0x00, 0x00, 0x00, 0x00, 0x00, 0x00, 0x00, 0x00, 0x00, 0x00,
  0x8F, 0xFF, 0xFF, 0xFF, 0xFF, 0xFF, 0x10, 0x00, 0x9F, 0xFF, 0xFF, 0xFF, 0xFF, 0xFF, 0x90, 0x00, 0x00, 0x00, 0x00, 0x00, 0x00, 0x00, 0x00, 0x00,
  0x00, 0x00, 0x03, 0xFF, 0xFF, 0xFF, 0xFF, 0xFF, 0xFB, 0x00, 0x00, 0x3F, 0xFF, 0xFF, 0xFF, 0xFF, 0xFF, 0xF7, 0x00, 0x00, 0x00, 0x00, 0x00, 0x00,
  0x00, 0x00, 0x00, 0x00, 0x00, 0x1D, 0xFF, 0xFF, 0xFF, 0xFF, 0xFF, 0xF4, 0x00, 0x00, 0x0A, 0xFF, 0xFF, 0xFF, 0xFF, 0xFF, 0xFF, 0x60, 0x00, 0x00,
  0x00, 0x00, 0x00, 0x00, 0x00, 0x00, 0x00, 0x01, 0xCF, 0xFF, 0xFF, 0xFF, 0xFF, 0xFF, 0xC0, 0x00, 0x00, 0x02, 0xFF, 0xFF, 0xFF, 0xFF, 0xFF, 0xFF,
  0xF9, 0x00, 0x00, 0x00, 0x00, 0x00, 0x00, 0x00, 0x00, 0x00, 0x2C, 0xFF, 0xFF, 0xFF, 0xFF, 0xFF, 0xFF, 0x40, 0x00, 0x00, 0x00, 0x8F, 0xFF, 0xFF,
  0xFF, 0xFF, 0xFF, 0xFF, 0xC3, 0x00, 0x00, 0x00, 0x00, 0x00, 0x00, 0x00, 0x06, 0xEF, 0xFF, 0xFF, 0xFF, 0xFF, 0xFF, 0xFA, 0x00, 0x00, 0x00, 0x00,
  0x0C, 0xFF, 0xFF, 0xFF, 0xFF, 0xFF, 0xFF, 0xFF, 0xB4, 0x10, 0x00, 0x00, 0x00, 0x00, 0x15, 0xCF, 0xFF, 0xFF, 0xFF, 0xFF, 0xFF, 0xFF, 0xE1, 0x00,
  0x00, 0x00, 0x00, 0x02, 0xEF, 0xFF, 0xFF, 0xFF, 0xFF, 0xFF, 0xFF, 0xFF, 0xFB, 0x86, 0x54, 0x56, 0x8B, 0xEF, 0xFF, 0xFF, 0xFF, 0xFF, 0xFF, 0xFF,
  0xFF, 0x50, 0x00, 0x00, 0x00, 0x00, 0x00, 0x4E, 0xFF, 0xFF, 0xFF, 0xFF, 0xFF, 0xFF, 0xFF, 0xFF, 0xFF, 0xFF, 0xFF, 0xFF, 0xFF, 0xFF, 0xFF, 0xFF,
  0xFF, 0xFF, 0xFF, 0xF7, 0x00, 0x00, 0x00, 0x00, 0x00, 0x00, 0x04, 0xEF, 0xFF, 0xFF, 0xFF, 0xFF, 0xFF, 0xFF, 0xFF, 0xFF, 0xFF, 0xFF, 0xFF, 0xFF,
  0xFF, 0xFF, 0xFF, 0xFF, 0xFF, 0xFF, 0x90, 0x00, 0x00, 0x00, 0x00, 0x00, 0x00, 0x00, 0x4E, 0xFF, 0xFF, 0xFF, 0xFF, 0xFF, 0xFF, 0xFF, 0xFF, 0xFF,
  0xFF, 0xFF, 0xFF, 0xFF, 0xFF, 0xFF, 0xFF, 0xFF, 0xF8, 0x00, 0x00, 0x00, 0x00, 0x00, 0x00, 0x00, 0x00, 0x02, 0xCF, 0xFF, 0xFF, 0xFF, 0xFF, 0xFF,
  0xFF, 0xFF, 0xFF, 0xFF, 0xFF, 0xFF, 0xFF, 0xFF, 0xFF, 0xFF, 0xFF, 0x60, 0x00, 0x00, 0x00, 0x00, 0x00, 0x00, 0x00, 0x00, 0x00, 0x08, 0xFF, 0xFF,
  0xFF, 0xFF, 0xFF, 0xFF, 0xFF, 0xFF, 0xFF, 0xFF, 0xFF, 0xFF, 0xFF, 0xFF, 0xFF, 0xC3, 0x00, 0x00, 0x00, 0x00, 0x00, 0x00, 0x00, 0x00, 0x00, 0x00,
  0x00, 0x2B, 0xFF, 0xFF, 0xFF, 0xFF, 0xFF, 0xFF, 0xFF, 0xFF, 0xFF, 0xFF, 0xFF, 0xFF, 0xFF, 0xE7, 0x00, 0x00, 0x00, 0x00, 0x00, 0x00, 0x00, 0x00,
  0x00, 0x00, 0x00, 0x00, 0x00, 0x3A, 0xFF, 0xFF, 0xFF, 0xFF, 0xFF, 0xFF, 0xFF, 0xFF, 0xFF, 0xFF, 0xFF, 0xE7, 0x10, 0x00, 0x00, 0x00, 0x00, 0x00,
  0x00, 0x00, 0x00, 0x00, 0x00, 0x00, 0x00, 0x00, 0x00, 0x17, 0xBF, 0xFF, 0xFF, 0xFF, 0xFF, 0xFF, 0xFF, 0xFF, 0xFE, 0xA5, 0x10, 0x00, 0x00, 0x00,
  0x00, 0x00, 0x00, 0x00, 0x00, 0x00, 0x00, 0x00, 0x00, 0x00, 0x00, 0x00, 0x00, 0x01, 0x47, 0x9B, 0xDE, 0xEF, 0xED, 0xDB, 0x96, 0x30, 0x00, 0x00,
  0x00, 0x00, 0x00, 0x00, 0x00, 0x00, 0x00, 0x00, 0x00, 0x00, 0x00, 0x00, 0x00, 0x00, 0x00, 0x00, 0x00, 0x00, 0x00, 0x02, 0x33, 0x43, 0x32, 0x00,
  0x00, 0x00, 0x00, 0x00, 0x00, 0x00, 0x00, 0x00, 0x00, 0x00, 0x00, 0x00, 0x00, 0x00, 0x00, 0x00, 0x00, 0x00, 0x00, 0x00, 0x27, 0xAD, 0xFF, 0xFF,
  0xFF, 0xFF, 0xFD, 0xB8, 0x30, 0x00, 0x00, 0x00, 0x00, 0x00, 0x00, 0x00, 0x00, 0x00, 0x00, 0x00, 0x00, 0x00, 0x00, 0x00, 0x00, 0x01, 0x7D, 0xFF,
  0xFF, 0xFF, 0xFF, 0xFF, 0xFF, 0xFF, 0xFF, 0xFE, 0x93, 0x00, 0x00, 0x00, 0x00, 0x00, 0x00, 0x00, 0x00, 0x00, 0x00, 0x00, 0x00, 0x00, 0x00, 0x01,
  0x9F, 0xFF, 0xFF, 0xFF, 0xFF, 0xFF, 0xFF, 0xFF, 0xFF, 0xFF, 0xFF, 0xFF, 0xB4, 0x00, 0x00, 0x00, 0x00, 0x00, 0x00, 0x00, 0x00, 0x00, 0x00, 0x00,
  0x00, 0x00, 0x6E, 0xFF, 0xFF, 0xFF, 0xFF, 0xFF, 0xFF, 0xFF, 0xFF, 0xFF, 0xFF, 0xFF, 0xFF, 0xFF, 0xA2, 0x00, 0x00, 0x00, 0x00, 0x00, 0x00, 0x00,
  0x00, 0x00, 0x00, 0x00, 0x1A, 0xFF, 0xFF, 0xFF, 0xFF, 0xFF, 0xFF, 0xFF, 0xFF, 0xFF, 0xFF, 0xFF, 0xFF, 0xFF, 0xFF, 0xFE, 0x50, 0x00, 0x00, 0x00,
  0x00, 0x00, 0x00, 0x00, 0x00, 0x00, 0x02, 0xDF, 0xFF, 0xFF, 0xFF, 0xFF, 0xFF, 0xFF, 0xFF, 0xFF, 0xFF, 0xFF, 0xFF, 0xFF, 0xFF, 0xFF, 0xFF, 0xF8,
  0x00, 0x00, 0x00, 0x00, 0x00, 0x00, 0x00, 0x00, 0x00, 0x2E, 0xFF, 0xFF, 0xFF, 0xFF, 0xFF, 0xFF, 0xFF, 0xFF, 0xFF, 0xFF, 0xFF, 0xFF, 0xFF, 0xFF,
  0xFF, 0xFF, 0xFF, 0x90, 0x00, 0x00, 0x00, 0x00, 0x00, 0x00, 0x00, 0x02, 0xDF, 0xFF, 0xFF, 0xFF, 0xFF, 0xFF, 0xFF, 0xFF, 0xFF, 0xFF, 0xFF, 0xFF,
  0xFF, 0xFF, 0xFF, 0xFF, 0xFF, 0xFF, 0xF8, 0x00, 0x00, 0x00, 0x00, 0x00, 0x00, 0x00, 0x1C, 0xFF, 0xFF, 0xFF, 0xFF, 0xFF, 0xFF, 0xFF, 0xFF, 0xFF,
  0xFF, 0xFF, 0xFF, 0xFF, 0xFF, 0xFF, 0xFF, 0xFF, 0xFF, 0xFF, 0x60, 0x00, 0x00, 0x00, 0x00, 0x00, 0x00, 0xAF, 0xFF, 0xFF, 0xFF, 0xFF, 0xFF, 0xFF,
  0xFD, 0x95, 0x32, 0x01, 0x23, 0x6A, 0xEF, 0xFF, 0xFF, 0xFF, 0xFF, 0xFF, 0xFF, 0xE3, 0x00, 0x00, 0x00, 0x00, 0x00, 0x06, 0xFF, 0xFF, 0xFF, 0xFF,
  0xFF, 0xFF, 0xFB, 0x40, 0x00, 0x00, 0x00, 0x00, 0x00, 0x17, 0xEF, 0xFF, 0xFF, 0xFF, 0xFF, 0xFF, 0xFB, 0x00, 0x00, 0x00, 0x00, 0x00, 0x2E, 0xFF,
  0xFF, 0xFF, 0xFF, 0xFF, 0xFE, 0x40, 0x00, 0x00, 0x00, 0x00, 0x00, 0x00, 0x00, 0x2C, 0xFF, 0xFF, 0xFF, 0xFF, 0xFF, 0xFF, 0x50, 0x00, 0x00, 0x00,
  0x00, 0xAF, 0xFF, 0xFF, 0xFF, 0xFF, 0xFF, 0xB1, 0x00, 0x00, 0x00, 0x00, 0x00, 0x00, 0x00, 0x00, 0x00, 0xBF, 0xFF, 0xFF, 0xFF, 0xFF, 0xFF, 0xD0,
  0x00, 0x00, 0x00, 0x03, 0xFF, 0xFF, 0xFF, 0xFF, 0xFF, 0xFC, 0x10, 0x00, 0x00, 0x00, 0x00, 0x00, 0x00, 0x00, 0x00, 0x00, 0x1B, 0xFF, 0xFF, 0xFF,
  0xFF, 0xFF, 0xF5, 0x00, 0x00, 0x00, 0x0B, 0xFF, 0xFF, 0xFF, 0xFF, 0xFF, 0xC1, 0x00, 0x00, 0x00, 0x00, 0x00, 0x00, 0x00, 0x00, 0x00, 0x00, 0x02,
  0xEF, 0xFF, 0xFF, 0xFF, 0xFF, 0xFB, 0x00, 0x00, 0x00, 0x3F, 0xFF, 0xFF, 0xFF, 0xFF, 0xFE, 0x20, 0x00, 0x00, 0x00, 0x00, 0x00, 0x00, 0x00, 0x00,
  0x00, 0x00, 0x00, 0x6F, 0xFF, 0xFF, 0xFF, 0xFF, 0xFF, 0x10, 0x00, 0x00, 0x9F, 0xFF, 0xFF, 0xFF, 0xFF, 0xF6, 0x00, 0x00, 0x00, 0x00, 0x00, 0x00,
  0x00, 0x00, 0x00, 0x00, 0x00, 0x00, 0x0E, 0xFF, 0xFF, 0xFF, 0xFF, 0xFF, 0x50, 0x00, 0x01, 0xFF, 0xFF, 0xFF, 0xFF, 0xFF, 0xC0, 0x00, 0x00, 0x00,
  0x00, 0x00, 0x00, 0x00, 0x00, 0x00, 0x00, 0x00, 0x00, 0x08, 0xFF, 0xFF, 0xFF, 0xFF, 0xFF, 0x90, 0x00, 0x06, 0xFF, 0xFF, 0xFF, 0xFF, 0xFF, 0x50,
  0x00, 0x00, 0x00, 0x00, 0x00, 0x00, 0x00, 0x00, 0x00, 0x00, 0x00, 0x00, 0x03, 0xFF, 0xFF, 0xFF, 0xFF, 0xFF, 0xC0, 0x00, 0x0B, 0xFF, 0xFF, 0xFF,
  0xFF, 0xFC, 0x00, 0x00, 0x00, 0x00, 0x00, 0x00, 0x00, 0x00, 0x00, 0x00, 0x00, 0x00, 0x00, 0x00, 0xEF, 0xFF, 0xFF, 0xFF, 0xFF, 0xE0, 0x00, 0x1F,
  0xFF, 0xFF, 0xFF, 0xFF, 0xF6, 0x00, 0x00, 0x00, 0x00, 0x00, 0x00, 0x00, 0x00, 0x00, 0x00, 0x00, 0x00, 0x00, 0x00, 0x34, 0x44, 0x44, 0x44, 0x44,
  0x40, 0x00, 0x5F, 0xFF, 0xFF, 0xFF, 0xFF, 0xF1, 0x00, 0x00, 0x00, 0x00, 0x00, 0x00, 0x00, 0x00, 0x00, 0x00, 0x00, 0x00, 0x00, 0x00, 0x00, 0x00,
  0x00, 0x00, 0x00, 0x00, 0x00, 0x9F, 0xFF, 0xFF, 0xFF, 0xFF, 0xA0, 0x00, 0x00, 0x00, 0x00, 0x00, 0x00, 0x00, 0x00, 0x00, 0x00, 0x00, 0x00, 0x00,
  0x00, 0x00, 0x00, 0x00, 0x00, 0x00, 0x00, 0x00, 0xDF, 0xFF, 0xFF, 0xFF, 0xFF, 0x60, 0x00, 0x00, 0x00, 0x00, 0x00, 0x00, 0x00, 0x00, 0x00, 0x00,
  0x00, 0x00, 0x00, 0x00, 0x00, 0x00, 0x00, 0x00, 0x00, 0x00, 0x02, 0xFF, 0xFF, 0xFF, 0xFF, 0xFF, 0x20, 0x00, 0x00, 0x00, 0x00, 0x00, 0x00, 0x00,
  0x00, 0x00, 0x00, 0x00, 0x00, 0x00, 0x00, 0x00, 0x00, 0x00, 0x00, 0x00, 0x00, 0x05, 0xFF, 0xFF, 0xFF, 0xFF, 0xFD, 0x00, 0x00, 0x00, 0x00, 0x00,
  0x00, 0x00, 0x00, 0x00, 0x00, 0x00, 0x00, 0x00, 0x00, 0x00, 0x00, 0x00, 0x00, 0x00, 0x00, 0x00, 0x08, 0xFF, 0xFF, 0xFF, 0xFF, 0xFA, 0x00, 0x00,
  0x00, 0x00, 0x00, 0x00, 0x00, 0x00, 0x00, 0x00, 0x00, 0x00, 0x00, 0x00, 0x00, 0x00, 0x00, 0x00, 0x00, 0x00, 0x00, 0x0B, 0xFF, 0xFF, 0xFF, 0xFF,
  0xF8, 0x00, 0x00, 0x00, 0x00, 0x00, 0x04, 0x7A, 0xCD, 0xEF, 0xED, 0xCA, 0x74, 0x10, 0x00, 0x00, 0x00, 0x00, 0x00, 0x00, 0x00, 0x00, 0x0D, 0xFF,
  0xFF, 0xFF, 0xFF, 0xF5, 0x00, 0x00, 0x00, 0x00, 0x4A, 0xEF, 0xFF, 0xFF, 0xFF, 0xFF, 0xFF, 0xFF, 0xFA, 0x51, 0x00, 0x00, 0x00, 0x00, 0x00, 0x00,
  0x00, 0x1F, 0xFF, 0xFF, 0xFF, 0xFF, 0xF3, 0x00, 0x00, 0x00, 0x6C, 0xFF, 0xFF, 0xFF, 0xFF, 0xFF, 0xFF, 0xFF, 0xFF, 0xFF, 0xFE, 0x70, 0x00, 0x00,
  0x00, 0x00, 0x00, 0x00, 0x3F, 0xFF, 0xFF, 0xFF, 0xFF, 0xF1, 0x00, 0x00, 0x3C, 0xFF, 0xFF, 0xFF, 0xFF, 0xFF, 0xFF, 0xFF, 0xFF, 0xFF, 0xFF, 0xFF,
  0xFD, 0x50, 0x00, 0x00, 0x00, 0x00, 0x00, 0x4F, 0xFF, 0xFF, 0xFF, 0xFF, 0xF0, 0x00, 0x07, 0xFF, 0xFF, 0xFF, 0xFF, 0xFF, 0xFF, 0xFF, 0xFF, 0xFF,
  0xFF, 0xFF, 0xFF, 0xFF, 0xFA, 0x10, 0x00, 0x00, 0x00, 0x00, 0x6F, 0xFF, 0xFF, 0xFF, 0xFF, 0xD0, 0x00, 0x9F, 0xFF, 0xFF, 0xFF, 0xFF, 0xFF, 0xFF,
  0xFF, 0xFF, 0xFF, 0xFF, 0xFF, 0xFF, 0xFF, 0xFF, 0xD2, 0x00, 0x00, 0x00, 0x00, 0x7F, 0xFF, 0xFF, 0xFF, 0xFF, 0xD0, 0x0A, 0xFF, 0xFF, 0xFF, 0xFF,
  0xFF, 0xFF, 0xFF, 0xFF, 0xFF, 0xFF, 0xFF, 0xFF, 0xFF, 0xFF, 0xFF, 0xFE, 0x30, 0x00, 0x00, 0x00, 0x9F, 0xFF, 0xFF, 0xFF, 0xFF, 0xC0, 0x8F, 0xFF,
  0xFF, 0xFF, 0xFF, 0xFF, 0xFF, 0xFF, 0xFF, 0xFF, 0xFF, 0xFF, 0xFF, 0xFF, 0xFF, 0xFF, 0xFF, 0xE3, 0x00, 0x00, 0x00, 0xAF, 0xFF, 0xFF, 0xFF, 0xFF,
  0xC4, 0xFF, 0xFF, 0xFF, 0xFF, 0xFF, 0xFF, 0xFF, 0xFF, 0xFF, 0xFF, 0xFF, 0xFF, 0xFF, 0xFF, 0xFF, 0xFF, 0xFF, 0xFD, 0x10, 0x00, 0x00, 0xBF, 0xFF,
  0xFF, 0xFF, 0xFF, 0xCE, 0xFF, 0xFF, 0xFF, 0xFF, 0xFF, 0xFD, 0xA7, 0x54, 0x56, 0x8B, 0xFF, 0xFF, 0xFF, 0xFF, 0xFF, 0xFF, 0xFF, 0xFF, 0xC0, 0x00,
  0x00, 0xBF, 0xFF, 0xFF, 0xFF, 0xFF, 0xFF, 0xFF, 0xFF, 0xFF, 0xFF, 0xF9, 0x30, 0x00, 0x00, 0x00, 0x00, 0x16, 0xDF, 0xFF, 0xFF, 0xFF, 0xFF, 0xFF,
  0xFF, 0xF7, 0x00, 0x00, 0xCF, 0xFF, 0xFF, 0xFF, 0xFF, 0xFF, 0xFF, 0xFF, 0xFF, 0xFB, 0x20, 0x00, 0x00, 0x00, 0x00, 0x00, 0x00, 0x06, 0xEF, 0xFF,
  0xFF, 0xFF, 0xFF, 0xFF, 0xFE, 0x20, 0x00, 0xCF, 0xFF, 0xFF, 0xFF, 0xFF, 0xFF, 0xFF, 0xFF, 0xFF, 0x70, 0x00, 0x00, 0x00, 0x00, 0x00, 0x00, 0x00,
  0x00, 0x2C, 0xFF, 0xFF, 0xFF, 0xFF, 0xFF, 0xFF, 0xA0, 0x00, 0xDF, 0xFF, 0xFF, 0xFF, 0xFF, 0xFF, 0xFF, 0xFF, 0xF5, 0x00, 0x00, 0x00, 0x00, 0x00,
  0x00, 0x00, 0x00, 0x00, 0x01, 0xCF, 0xFF, 0xFF, 0xFF, 0xFF, 0xFF, 0xF3, 0x00, 0xDF, 0xFF, 0xFF, 0xFF, 0xFF, 0xFF, 0xFF, 0xFF, 0x50, 0x00, 0x00,
  0x00, 0x00, 0x00, 0x00, 0x00, 0x00, 0x00, 0x00, 0x1D, 0xFF, 0xFF, 0xFF, 0xFF, 0xFF, 0xFA, 0x00, 0xDF, 0xFF, 0xFF, 0xFF, 0xFF, 0xFF, 0xFF, 0xF8,
  0x00, 0x00, 0x00, 0x00, 0x00, 0x00, 0x00, 0x00, 0x00, 0x00, 0x00, 0x03, 0xFF, 0xFF, 0xFF, 0xFF, 0xFF, 0xFF, 0x10, 0xDF, 0xFF, 0xFF, 0xFF, 0xFF,
  0xFF, 0xFF, 0xC0, 0x00, 0x00, 0x00, 0x00, 0x00, 0x00, 0x00, 0x00, 0x00, 0x00, 0x00, 0x00, 0x7F, 0xFF, 0xFF, 0xFF, 0xFF, 0xFF, 0x60, 0xCF, 0xFF,
  0xFF, 0xFF, 0xFF, 0xFF, 0xFF, 0x30, 0x00, 0x00, 0x00, 0x00, 0x00, 0x00, 0x00, 0x00, 0x00, 0x00, 0x00, 0x00, 0x0D, 0xFF, 0xFF, 0xFF, 0xFF, 0xFF,
  0xB0, 0xCF, 0xFF, 0xFF, 0xFF, 0xFF, 0xFF, 0xFB, 0x00, 0x00, 0x00, 0x00, 0x00, 0x00, 0x00, 0x00, 0x00, 0x00, 0x00, 0x00, 0x00, 0x07, 0xFF, 0xFF,
  0xFF, 0xFF, 0xFF, 0xF0, 0xBF, 0xFF, 0xFF, 0xFF, 0xFF, 0xFF, 0xF5, 0x00, 0x00, 0x00, 0x00, 0x00, 0x00, 0x00, 0x00, 0x00, 0x00, 0x00, 0x00, 0x00,
  0x01, 0xFF, 0xFF, 0xFF, 0xFF, 0xFF, 0xF3, 0xAF, 0xFF, 0xFF, 0xFF, 0xFF, 0xFF, 0xE0, 0x00, 0x00, 0x00, 0x00, 0x00, 0x00, 0x00, 0x00, 0x00, 0x00,
  0x00, 0x00, 0x00, 0x00, 0xBF, 0xFF, 0xFF, 0xFF, 0xFF, 0xF6, 0x8F, 0xFF, 0xFF, 0xFF, 0xFF, 0xFF, 0xB0, 0x00, 0x00, 0x00, 0x00, 0x00, 0x00, 0x00,
  0x00, 0x00, 0x00, 0x00, 0x00, 0x00, 0x00, 0x7F, 0xFF, 0xFF, 0xFF, 0xFF, 0xF8, 0x7F, 0xFF, 0xFF, 0xFF, 0xFF, 0xFF, 0x80, 0x00, 0x00, 0x00, 0x00,
  0x00, 0x00, 0x00, 0x00, 0x00, 0x00, 0x00, 0x00, 0x00, 0x00, 0x5F, 0xFF, 0xFF, 0xFF, 0xFF, 0xFA, 0x5F, 0xFF, 0xFF, 0xFF, 0xFF, 0xFF, 0x60, 0x00,
  0x00, 0x00, 0x00, 0x00, 0x00, 0x00, 0x00, 0x00, 0x00, 0x00, 0x00, 0x00, 0x00, 0x3F, 0xFF, 0xFF, 0xFF, 0xFF, 0xFA, 0x3F, 0xFF, 0xFF, 0xFF, 0xFF,
  0xFF, 0x50, 0x00, 0x00, 0x00, 0x00, 0x00, 0x00, 0x00, 0x00, 0x00, 0x00, 0x00, 0x00, 0x00, 0x00, 0x2F, 0xFF, 0xFF, 0xFF, 0xFF, 0xFB, 0x1F, 0xFF,
  0xFF, 0xFF, 0xFF, 0xFF, 0x40, 0x00, 0x00, 0x00, 0x00, 0x00, 0x00, 0x00, 0x00, 0x00, 0x00, 0x00, 0x00, 0x00, 0x00, 0x1F, 0xFF, 0xFF, 0xFF, 0xFF,
  0xFC, 0x0D, 0xFF, 0xFF, 0xFF, 0xFF, 0xFF, 0x50, 0x00, 0x00, 0x00, 0x00, 0x00, 0x00, 0x00, 0x00, 0x00, 0x00, 0x00, 0x00, 0x00, 0x00, 0x2F, 0xFF,
  0xFF, 0xFF, 0xFF, 0xFB, 0x0A, 0xFF, 0xFF, 0xFF, 0xFF, 0xFF, 0x60, 0x00, 0x00, 0x00, 0x00, 0x00, 0x00, 0x00, 0x00, 0x00, 0x00, 0x00, 0x00, 0x00,
  0x00, 0x3F, 0xFF, 0xFF, 0xFF, 0xFF, 0xFA, 0x07, 0xFF, 0xFF, 0xFF, 0xFF, 0xFF, 0x80, 0x00, 0x00, 0x00, 0x00, 0x00, 0x00, 0x00, 0x00, 0x00, 0x00,
  0x00, 0x00, 0x00, 0x00, 0x6F, 0xFF, 0xFF, 0xFF, 0xFF, 0xF9, 0x03, 0xFF, 0xFF, 0xFF, 0xFF, 0xFF, 0xB0, 0x00, 0x00, 0x00, 0x00, 0x00, 0x00, 0x00,
  0x00, 0x00, 0x00, 0x00, 0x00, 0x00, 0x00, 0x8F, 0xFF, 0xFF, 0xFF, 0xFF, 0xF7, 0x00, 0xEF, 0xFF, 0xFF, 0xFF, 0xFF, 0xE1, 0x00, 0x00, 0x00, 0x00,
  0x00, 0x00, 0x00, 0x00, 0x00, 0x00, 0x00, 0x00, 0x00, 0x00, 0xDF, 0xFF, 0xFF, 0xFF, 0xFF, 0xF5, 0x00, 0xAF, 0xFF, 0xFF, 0xFF, 0xFF, 0xF5, 0x00,
  0x00, 0x00, 0x00, 0x00, 0x00, 0x00, 0x00, 0x00, 0x00, 0x00, 0x00, 0x00, 0x02, 0xFF, 0xFF, 0xFF, 0xFF, 0xFF, 0xF2, 0x00, 0x5F, 0xFF, 0xFF, 0xFF,
  0xFF, 0xFB, 0x00, 0x00, 0x00, 0x00, 0x00, 0x00, 0x00, 0x00, 0x00, 0x00, 0x00, 0x00, 0x00, 0x09, 0xFF, 0xFF, 0xFF, 0xFF, 0xFF, 0xE0, 0x00, 0x1E,
  0xFF, 0xFF, 0xFF, 0xFF, 0xFF, 0x30, 0x00, 0x00, 0x00, 0x00, 0x00, 0x00, 0x00, 0x00, 0x00, 0x00, 0x00, 0x00, 0x2F, 0xFF, 0xFF, 0xFF, 0xFF, 0xFF,
  0x90, 0x00, 0x09, 0xFF, 0xFF, 0xFF, 0xFF, 0xFF, 0xC0, 0x00, 0x00, 0x00, 0x00, 0x00, 0x00, 0x00, 0x00, 0x00, 0x00, 0x00, 0x00, 0xAF, 0xFF, 0xFF,
  0xFF, 0xFF, 0xFF, 0x40, 0x00, 0x02, 0xFF, 0xFF, 0xFF, 0xFF, 0xFF, 0xF8, 0x00, 0x00, 0x00, 0x00, 0x00, 0x00, 0x00, 0x00, 0x00, 0x00, 0x00, 0x05,
  0xFF, 0xFF, 0xFF, 0xFF, 0xFF, 0xFE, 0x00, 0x00, 0x00, 0xBF, 0xFF, 0xFF, 0xFF, 0xFF, 0xFF, 0x50, 0x00, 0x00, 0x00, 0x00, 0x00, 0x00, 0x00, 0x00,
  0x00, 0x00, 0x3E, 0xFF, 0xFF, 0xFF, 0xFF, 0xFF, 0xF7, 0x00, 0x00, 0x00, 0x3F, 0xFF, 0xFF, 0xFF, 0xFF, 0xFF, 0xF5, 0x00, 0x00, 0x00, 0x00, 0x00,
  0x00, 0x00, 0x00, 0x00, 0x03, 0xEF, 0xFF, 0xFF, 0xFF, 0xFF, 0xFF, 0xE1, 0x00, 0x00, 0x00, 0x0A, 0xFF, 0xFF, 0xFF, 0xFF, 0xFF, 0xFF, 0x60, 0x00,
  0x00, 0x00, 0x00, 0x00, 0x00, 0x00, 0x00, 0x5E, 0xFF, 0xFF, 0xFF, 0xFF, 0xFF, 0xFF, 0x80, 0x00, 0x00, 0x00, 0x02, 0xEF, 0xFF, 0xFF, 0xFF, 0xFF,
  0xFF, 0xFB, 0x20, 0x00, 0x00, 0x00, 0x00, 0x00, 0x00, 0x19, 0xFF, 0xFF, 0xFF, 0xFF, 0xFF, 0xFF, 0xFD, 0x10, 0x00, 0x00, 0x00, 0x00, 0x6F, 0xFF,
  0xFF, 0xFF, 0xFF, 0xFF, 0xFF, 0xF9, 0x30, 0x00, 0x00, 0x00, 0x00, 0x28, 0xEF, 0xFF, 0xFF, 0xFF, 0xFF, 0xFF, 0xFF, 0xF3, 0x00, 0x00, 0x00, 0x00,
  0x00, 0x0A, 0xFF, 0xFF, 0xFF, 0xFF, 0xFF, 0xFF, 0xFF, 0xFD, 0x96, 0x54, 0x56, 0x9C, 0xFF, 0xFF, 0xFF, 0xFF, 0xFF, 0xFF, 0xFF, 0xFF, 0x80, 0x00,
  0x00, 0x00, 0x00, 0x00, 0x01, 0xCF, 0xFF, 0xFF, 0xFF, 0xFF, 0xFF, 0xFF, 0xFF, 0xFF, 0xFF, 0xFF, 0xFF, 0xFF, 0xFF, 0xFF, 0xFF, 0xFF, 0xFF, 0xFF,
  0xFA, 0x00, 0x00, 0x00, 0x00, 0x00, 0x00, 0x00, 0x2D, 0xFF, 0xFF, 0xFF, 0xFF, 0xFF, 0xFF, 0xFF, 0xFF, 0xFF, 0xFF, 0xFF, 0xFF, 0xFF, 0xFF, 0xFF,
  0xFF, 0xFF, 0xFF, 0xB0, 0x00, 0x00, 0x00, 0x00, 0x00, 0x00, 0x00, 0x02, 0xDF, 0xFF, 0xFF, 0xFF, 0xFF, 0xFF, 0xFF, 0xFF, 0xFF, 0xFF, 0xFF, 0xFF,
  0xFF, 0xFF, 0xFF, 0xFF, 0xFF, 0xFA, 0x00, 0x00, 0x00, 0x00, 0x00, 0x00, 0x00, 0x00, 0x00, 0x1C, 0xFF, 0xFF, 0xFF, 0xFF, 0xFF, 0xFF, 0xFF, 0xFF,
  0xFF, 0xFF, 0xFF, 0xFF, 0xFF, 0xFF, 0xFF, 0xFF, 0x70, 0x00, 0x00, 0x00, 0x00, 0x00, 0x00, 0x00, 0x00, 0x00, 0x00, 0x8F, 0xFF, 0xFF, 0xFF, 0xFF,
  0xFF, 0xFF, 0xFF, 0xFF, 0xFF, 0xFF, 0xFF, 0xFF, 0xFF, 0xFF, 0xD4, 0x00, 0x00, 0x00, 0x00, 0x00, 0x00, 0x00, 0x00, 0x00, 0x00, 0x00, 0x04, 0xCF,
  0xFF, 0xFF, 0xFF, 0xFF, 0xFF, 0xFF, 0xFF, 0xFF, 0xFF, 0xFF, 0xFF, 0xFF, 0xE8, 0x00, 0x00, 0x00, 0x00, 0x00, 0x00, 0x00, 0x00, 0x00, 0x00, 0x00,
  0x00, 0x00, 0x06, 0xDF, 0xFF, 0xFF, 0xFF, 0xFF, 0xFF, 0xFF, 0xFF, 0xFF, 0xFF, 0xFF, 0xE8, 0x10, 0x00, 0x00, 0x00, 0x00, 0x00, 0x00, 0x00, 0x00,
  0x00, 0x00, 0x00, 0x00, 0x00, 0x00, 0x03, 0x9E, 0xFF, 0xFF, 0xFF, 0xFF, 0xFF, 0xFF, 0xFF, 0xFE, 0xA5, 0x10, 0x00, 0x00, 0x00, 0x00, 0x00, 0x00,
  0x00, 0x00, 0x00, 0x00, 0x00, 0x00, 0x00, 0x00, 0x00, 0x00, 0x00, 0x36, 0x9B, 0xDE, 0xEF, 0xEE, 0xDB, 0x96, 0x40, 0x00, 0x00, 0x00, 0x00, 0x00,
  0x00, 0x00, 0x00, 0x00, 0x8F, 0xFF, 0xFF, 0xFF, 0xFF, 0xFF, 0xFF, 0xFF, 0xFF, 0xFF, 0xFF, 0xFF, 0xFF, 0xFF, 0xFF, 0xFF, 0xFF, 0xFF, 0xFF, 0xFF,
  0xFF, 0xFF, 0xFF, 0xFF, 0xFF, 0x58, 0xFF, 0xFF, 0xFF, 0xFF, 0xFF, 0xFF, 0xFF, 0xFF, 0xFF, 0xFF, 0xFF, 0xFF, 0xFF, 0xFF, 0xFF, 0xFF, 0xFF, 0xFF,
  0xFF, 0xFF, 0xFF, 0xFF, 0xFF, 0xFF, 0xF5, 0x8F, 0xFF, 0xFF, 0xFF, 0xFF, 0xFF, 0xFF, 0xFF, 0xFF, 0xFF, 0xFF, 0xFF, 0xFF, 0xFF, 0xFF, 0xFF, 0xFF,
  0xFF, 0xFF, 0xFF, 0xFF, 0xFF, 0xFF, 0xFF, 0xFF, 0x58, 0xFF, 0xFF, 0xFF, 0xFF, 0xFF, 0xFF, 0xFF, 0xFF, 0xFF, 0xFF, 0xFF, 0xFF, 0xFF, 0xFF, 0xFF,
  0xFF, 0xFF, 0xFF, 0xFF, 0xFF, 0xFF, 0xFF, 0xFF, 0xFF, 0xF5, 0x8F, 0xFF, 0xFF, 0xFF, 0xFF, 0xFF, 0xFF, 0xFF, 0xFF, 0xFF, 0xFF, 0xFF, 0xFF, 0xFF,
  0xFF, 0xFF, 0xFF, 0xFF, 0xFF, 0xFF, 0xFF, 0xFF, 0xFF, 0xFF, 0xFF, 0x58, 0xFF, 0xFF, 0xFF, 0xFF, 0xFF, 0xFF, 0xFF, 0xFF, 0xFF, 0xFF, 0xFF, 0xFF,
  0xFF, 0xFF, 0xFF, 0xFF, 0xFF, 0xFF, 0xFF, 0xFF, 0xFF, 0xFF, 0xFF, 0xFF, 0xF5, 0x8F, 0xFF, 0xFF, 0xFF, 0xFF, 0xFF, 0xFF, 0xFF, 0xFF, 0xFF, 0xFF,
  0xFF, 0xFF, 0xFF, 0xFF, 0xFF, 0xFF, 0xFF, 0xFF, 0xFF, 0xFF, 0xFF, 0xFF, 0xFF, 0xFF, 0x58, 0xFF, 0xFF, 0xFF, 0xFF, 0xFF, 0xFF, 0xFF, 0xFF, 0xFF,
  0xFF, 0xFF, 0xFF, 0xFF, 0xFF, 0xFF, 0xFF, 0xFF, 0xFF, 0xFF, 0xFF, 0xFF, 0xFF, 0xFF, 0xFF, 0xF5, 0x8F, 0xFF, 0xFF, 0xFF, 0xFF, 0xFF, 0xFF, 0xFF,
  0xFF, 0xFF, 0xFF, 0xFF, 0xFF, 0xFF, 0xFF, 0xFF, 0xFF, 0xFF, 0xFF, 0xFF, 0xFF, 0xFF, 0xFF, 0xFF, 0xFF, 0x52, 0x44, 0x44, 0x44, 0x44, 0x44, 0x44,
  0x44, 0x44, 0x44, 0x44, 0x44, 0x44, 0x44, 0x44, 0x44, 0x44, 0x44, 0x44, 0x46, 0xFF, 0xFF, 0xFF, 0xFF, 0xFF, 0xF5, 0x00, 0x00, 0x00, 0x00, 0x00,
  0x00, 0x00, 0x00, 0x00, 0x00, 0x00, 0x00, 0x00, 0x00, 0x00, 0x00, 0x00, 0x00, 0x00, 0xAF, 0xFF, 0xFF, 0xFF, 0xFF, 0xFF, 0x30, 0x00, 0x00, 0x00,
  0x00, 0x00, 0x00, 0x00, 0x00, 0x00, 0x00, 0x00, 0x00, 0x00, 0x00, 0x00, 0x00, 0x00, 0x00, 0x2F, 0xFF, 0xFF, 0xFF, 0xFF, 0xFF, 0xB0, 0x00, 0x00,
  0x00, 0x00, 0x00, 0x00, 0x00, 0x00, 0x00, 0x00, 0x00, 0x00, 0x00, 0x00, 0x00, 0x00, 0x00, 0x00, 0x0A, 0xFF, 0xFF, 0xFF, 0xFF, 0xFF, 0xF3, 0x00,
  0x00, 0x00, 0x00, 0x00, 0x00, 0x00, 0x00, 0x00, 0x00, 0x00, 0x00, 0x00, 0x00, 0x00, 0x00, 0x00, 0x00, 0x02, 0xFF, 0xFF, 0xFF, 0xFF, 0xFF, 0xFB,
  0x00, 0x00, 0x00, 0x00, 0x00, 0x00, 0x00, 0x00, 0x00, 0x00, 0x00, 0x00, 0x00, 0x00, 0x00, 0x00, 0x00, 0x00, 0x00, 0x9F, 0xFF, 0xFF, 0xFF, 0xFF,
  0xFF, 0x30, 0x00, 0x00, 0x00, 0x00, 0x00, 0x00, 0x00, 0x00, 0x00, 0x00, 0x00, 0x00, 0x00, 0x00, 0x00, 0x00, 0x00, 0x00, 0x2F, 0xFF, 0xFF, 0xFF,
  0xFF, 0xFF, 0xB0, 0x00, 0x00, 0x00, 0x00, 0x00, 0x00, 0x00, 0x00, 0x00, 0x00, 0x00, 0x00, 0x00, 0x00, 0x00, 0x00, 0x00, 0x00, 0x09, 0xFF, 0xFF,
  0xFF, 0xFF, 0xFF, 0xF3, 0x00, 0x00, 0x00, 0x00, 0x00, 0x00, 0x00, 0x00, 0x00, 0x00, 0x00, 0x00, 0x00, 0x00, 0x00, 0x00, 0x00, 0x00, 0x02, 0xFF,
  0xFF, 0xFF, 0xFF, 0xFF, 0xFB, 0x00, 0x00, 0x00, 0x00, 0x00, 0x00, 0x00, 0x00, 0x00, 0x00, 0x00, 0x00, 0x00, 0x00, 0x00, 0x00, 0x00, 0x00, 0x00,
  0x9F, 0xFF, 0xFF, 0xFF, 0xFF, 0xFF, 0x30, 0x00, 0x00, 0x00, 0x00, 0x00, 0x00, 0x00, 0x00, 0x00, 0x00, 0x00, 0x00, 0x00, 0x00, 0x00, 0x00, 0x00,
  0x00, 0x2F, 0xFF, 0xFF, 0xFF, 0xFF, 0xFF, 0xB0, 0x00, 0x00, 0x00, 0x00, 0x00, 0x00, 0x00, 0x00, 0x00, 0x00, 0x00, 0x00, 0x00, 0x00, 0x00, 0x00,
  0x00, 0x00, 0x09, 0xFF, 0xFF, 0xFF, 0xFF, 0xFF, 0xF3, 0x00, 0x00, 0x00, 0x00, 0x00, 0x00, 0x00, 0x00, 0x00, 0x00, 0x00, 0x00, 0x00, 0x00, 0x00,
  0x00, 0x00, 0x00, 0x02, 0xFF, 0xFF, 0xFF, 0xFF, 0xFF, 0xFA, 0x00, 0x00, 0x00, 0x00, 0x00, 0x00, 0x00, 0x00, 0x00, 0x00, 0x00, 0x00, 0x00, 0x00,
  0x00, 0x00, 0x00, 0x00, 0x00, 0x9F, 0xFF, 0xFF, 0xFF, 0xFF, 0xFF, 0x30, 0x00, 0x00, 0x00, 0x00, 0x00, 0x00, 0x00, 0x00, 0x00, 0x00, 0x00, 0x00,
  0x00, 0x00, 0x00, 0x00, 0x00, 0x00, 0x2F, 0xFF, 0xFF, 0xFF, 0xFF, 0xFF, 0xA0, 0x00, 0x00, 0x00, 0x00, 0x00, 0x00, 0x00, 0x00, 0x00, 0x00, 0x00,
  0x00, 0x00, 0x00, 0x00, 0x00, 0x00, 0x00, 0x09, 0xFF, 0xFF, 0xFF, 0xFF, 0xFF, 0xF3, 0x00, 0x00, 0x00, 0x00, 0x00, 0x00, 0x00, 0x00, 0x00, 0x00,
  0x00, 0x00, 0x00, 0x00, 0x00, 0x00, 0x00, 0x00, 0x02, 0xFF, 0xFF, 0xFF, 0xFF, 0xFF, 0xFA, 0x00, 0x00, 0x00, 0x00, 0x00, 0x00, 0x00, 0x00, 0x00,
  0x00, 0x00, 0x00, 0x00, 0x00, 0x00, 0x00, 0x00, 0x00, 0x00, 0x9F, 0xFF, 0xFF, 0xFF, 0xFF, 0xFF, 0x30, 0x00, 0x00, 0x00, 0x00, 0x00, 0x00, 0x00,
  0x00, 0x00, 0x00, 0x00, 0x00, 0x00, 0x00, 0x00, 0x00, 0x00, 0x00, 0x2F, 0xFF, 0xFF, 0xFF, 0xFF, 0xFF, 0xA0, 0x00, 0x00, 0x00, 0x00, 0x00, 0x00,
  0x00, 0x00, 0x00, 0x00, 0x00, 0x00, 0x00, 0x00, 0x00, 0x00, 0x00, 0x00, 0x09, 0xFF, 0xFF, 0xFF, 0xFF, 0xFF, 0xF3, 0x00, 0x00, 0x00, 0x00, 0x00,
  0x00, 0x00, 0x00, 0x00, 0x00, 0x00, 0x00, 0x00, 0x00, 0x00, 0x00, 0x00, 0x00, 0x02, 0xFF, 0xFF, 0xFF, 0xFF, 0xFF, 0xFA, 0x00, 0x00, 0x00, 0x00,
  0x00, 0x00, 0x00, 0x00, 0x00, 0x00, 0x00, 0x00, 0x00, 0x00, 0x00, 0x00, 0x00, 0x00, 0x00, 0x9F, 0xFF, 0xFF, 0xFF, 0xFF, 0xFF, 0x30, 0x00, 0x00,
  0x00, 0x00, 0x00, 0x00, 0x00, 0x00, 0x00, 0x00, 0x00, 0x00, 0x00, 0x00, 0x00, 0x00, 0x00, 0x00, 0x2F, 0xFF, 0xFF, 0xFF, 0xFF, 0xFF, 0xA0, 0x00,
  0x00, 0x00, 0x00, 0x00, 0x00, 0x00, 0x00, 0x00, 0x00, 0x00, 0x00, 0x00, 0x00, 0x00, 0x00, 0x00, 0x00, 0x09, 0xFF, 0xFF, 0xFF, 0xFF, 0xFF, 0xF3,
  0x00, 0x00, 0x00, 0x00, 0x00, 0x00, 0x00, 0x00, 0x00, 0x00, 0x00, 0x00, 0x00, 0x00, 0x00, 0x00, 0x00, 0x00, 0x02, 0xFF, 0xFF, 0xFF, 0xFF, 0xFF,
  0xFA, 0x00, 0x00, 0x00, 0x00, 0x00, 0x00, 0x00, 0x00, 0x00, 0x00, 0x00, 0x00, 0x00, 0x00, 0x00, 0x00, 0x00, 0x00, 0x00, 0x9F, 0xFF, 0xFF, 0xFF,
  0xFF, 0xFF, 0x30, 0x00, 0x00, 0x00, 0x00, 0x00, 0x00, 0x00, 0x00, 0x00, 0x00, 0x00, 0x00, 0x00, 0x00, 0x00, 0x00, 0x00, 0x00, 0x2F, 0xFF, 0xFF,
  0xFF, 0xFF, 0xFF, 0xA0, 0x00, 0x00, 0x00, 0x00, 0x00, 0x00, 0x00, 0x00, 0x00, 0x00, 0x00, 0x00, 0x00, 0x00, 0x00, 0x00, 0x00, 0x00, 0x09, 0xFF,
  0xFF, 0xFF, 0xFF, 0xFF, 0xF3, 0x00, 0x00, 0x00, 0x00, 0x00, 0x00, 0x00, 0x00, 0x00, 0x00, 0x00, 0x00, 0x00, 0x00, 0x00, 0x00, 0x00, 0x00, 0x02,
  0xFF, 0xFF, 0xFF, 0xFF, 0xFF, 0xFA, 0x00, 0x00, 0x00, 0x00, 0x00, 0x00, 0x00, 0x00, 0x00, 0x00, 0x00, 0x00, 0x00, 0x00, 0x00, 0x00, 0x00, 0x00,
  0x00, 0x9F, 0xFF, 0xFF, 0xFF, 0xFF, 0xFF, 0x30, 0x00, 0x00, 0x00, 0x00, 0x00, 0x00, 0x00, 0x00, 0x00, 0x00, 0x00, 0x00, 0x00, 0x00, 0x00, 0x00,
  0x00, 0x00, 0x2F, 0xFF, 0xFF, 0xFF, 0xFF, 0xFF, 0xA0, 0x00, 0x00, 0x00, 0x00, 0x00, 0x00, 0x00, 0x00, 0x00, 0x00, 0x00, 0x00, 0x00, 0x00, 0x00,
  0x00, 0x00, 0x00, 0x09, 0xFF, 0xFF, 0xFF, 0xFF, 0xFF, 0xF3, 0x00, 0x00, 0x00, 0x00, 0x00, 0x00, 0x00, 0x00, 0x00, 0x00, 0x00, 0x00, 0x00, 0x00,
  0x00, 0x00, 0x00, 0x00, 0x02, 0xFF, 0xFF, 0xFF, 0xFF, 0xFF, 0xFA, 0x00, 0x00, 0x00, 0x00, 0x00, 0x00, 0x00, 0x00, 0x00, 0x00, 0x00, 0x00, 0x00,
  0x00, 0x00, 0x00, 0x00, 0x00, 0x00, 0x9F, 0xFF, 0xFF, 0xFF, 0xFF, 0xFF, 0x20, 0x00, 0x00, 0x00, 0x00, 0x00, 0x00, 0x00, 0x00, 0x00, 0x00, 0x00,
  0x00, 0x00, 0x00, 0x00, 0x00, 0x00, 0x00, 0x2F, 0xFF, 0xFF, 0xFF, 0xFF, 0xFF, 0xA0, 0x00, 0x00, 0x00, 0x00, 0x00, 0x00, 0x00, 0x00, 0x00, 0x00,
  0x00, 0x00, 0x00, 0x00, 0x00, 0x00, 0x00, 0x00, 0x09, 0xFF, 0xFF, 0xFF, 0xFF, 0xFF, 0xF2, 0x00, 0x00, 0x00, 0x00, 0x00, 0x00, 0x00, 0x00, 0x00,
  0x00, 0x00, 0x00, 0x00, 0x00, 0x00, 0x00, 0x00, 0x00, 0x02, 0xFF, 0xFF, 0xFF, 0xFF, 0xFF, 0xFA, 0x00, 0x00, 0x00, 0x00, 0x00, 0x00, 0x00, 0x00,
  0x00, 0x00, 0x00, 0x00, 0x00, 0x00, 0x00, 0x00, 0x00, 0x00, 0x00, 0x9F, 0xFF, 0xFF, 0xFF, 0xFF, 0xFF, 0x20, 0x00, 0x00, 0x00, 0x00, 0x00, 0x00,
  0x00, 0x00, 0x00, 0x00, 0x00, 0x00, 0x00, 0x00, 0x00, 0x00, 0x00, 0x00, 0x2F, 0xFF, 0xFF, 0xFF, 0xFF, 0xFF, 0xA0, 0x00, 0x00, 0x00, 0x00, 0x00,
  0x00, 0x00, 0x00, 0x00, 0x00, 0x00, 0x00, 0x00, 0x00, 0x00, 0x00, 0x00, 0x00, 0x09, 0xFF, 0xFF, 0xFF, 0xFF, 0xFF, 0xF2, 0x00, 0x00, 0x00, 0x00,
  0x00, 0x00, 0x00, 0x00, 0x00, 0x00, 0x00, 0x00, 0x00, 0x00, 0x00, 0x00, 0x00, 0x00, 0x02, 0xFF, 0xFF, 0xFF, 0xFF, 0xFF, 0xFA, 0x00, 0x00, 0x00,
  0x00, 0x00, 0x00, 0x00, 0x00, 0x00, 0x00, 0x00, 0x00, 0x00, 0x00, 0x00, 0x00, 0x00, 0x00, 0x00, 0x9F, 0xFF, 0xFF, 0xFF, 0xFF, 0xFF, 0x20, 0x00,
  0x00, 0x00, 0x00, 0x00, 0x00, 0x00, 0x00, 0x00, 0x00, 0x00, 0x00, 0x00, 0x00, 0x00, 0x00, 0x00, 0x00, 0x2F, 0xFF, 0xFF, 0xFF, 0xFF, 0xFF, 0xA0,
  0x00, 0x00, 0x00, 0x00, 0x00, 0x00, 0x00, 0x00, 0x00, 0x00, 0x00, 0x00, 0x00, 0x00, 0x00, 0x00, 0x00, 0x00, 0x09, 0xFF, 0xFF, 0xFF, 0xFF, 0xFF,
  0xF2, 0x00, 0x00, 0x00, 0x00, 0x00, 0x00, 0x00, 0x00, 0x00, 0x00, 0x00, 0x00, 0x00, 0x00, 0x00, 0x00, 0x00, 0x00, 0x02, 0xFF, 0xFF, 0xFF, 0xFF,
  0xFF, 0xFA, 0x00, 0x00, 0x00, 0x00, 0x00, 0x00, 0x00, 0x00, 0x00, 0x00, 0x00, 0x00, 0x00, 0x00, 0x00, 0x00, 0x00, 0x00, 0x00, 0x9F, 0xFF, 0xFF,
  0xFF, 0xFF, 0xFF, 0x20, 0x00, 0x00, 0x00, 0x00, 0x00, 0x00, 0x00, 0x00, 0x00, 0x00, 0x00, 0x00, 0x00, 0x00, 0x00, 0x00, 0x00, 0x00, 0x2F, 0xFF,
  0xFF, 0xFF, 0xFF, 0xFF, 0x90, 0x00, 0x00, 0x00, 0x00, 0x00, 0x00, 0x00, 0x00, 0x00, 0x00, 0x00, 0x00, 0x00, 0x00, 0x00, 0x00, 0x00, 0x00, 0x09,
  0xFF, 0xFF, 0xFF, 0xFF, 0xFF, 0xF2, 0x00, 0x00, 0x00, 0x00, 0x00, 0x00, 0x00, 0x00, 0x00, 0x00, 0x00, 0x00, 0x00, 0x00, 0x00, 0x00, 0x00, 0x00,
  0x02, 0xFF, 0xFF, 0xFF, 0xFF, 0xFF, 0xF9, 0x00, 0x00, 0x00, 0x00, 0x00, 0x00, 0x00, 0x00, 0x00, 0x00, 0x00, 0x00, 0x00, 0x00, 0x00, 0x00, 0x00,
  0x00, 0x00, 0x9F, 0xFF, 0xFF, 0xFF, 0xFF, 0xFF, 0x20, 0x00, 0x00, 0x00, 0x00, 0x00, 0x00, 0x00, 0x00, 0x00, 0x00, 0x00, 0x00, 0x00, 0x00, 0x00,
  0x00, 0x00, 0x00, 0x2F, 0xFF, 0xFF, 0xFF, 0xFF, 0xFF, 0x90, 0x00, 0x00, 0x00, 0x00, 0x00, 0x00, 0x00, 0x00, 0x00, 0x00, 0x00, 0x00, 0x00, 0x00,
  0x00, 0x00, 0x00, 0x00, 0x09, 0xFF, 0xFF, 0xFF, 0xFF, 0xFF, 0xF2, 0x00, 0x00, 0x00, 0x00, 0x00, 0x00, 0x00, 0x00, 0x00, 0x00, 0x00, 0x00, 0x00,
  0x00, 0x00, 0x00, 0x00, 0x00, 0x02, 0xFF, 0xFF, 0xFF, 0xFF, 0xFF, 0xF9, 0x00, 0x00, 0x00, 0x00, 0x00, 0x00, 0x00, 0x00, 0x00, 0x00, 0x00, 0x00,
  0x00, 0x00, 0x00, 0x00, 0x00, 0x00, 0x00, 0x9F, 0xFF, 0xFF, 0xFF, 0xFF, 0xFF, 0x20, 0x00, 0x00, 0x00, 0x00, 0x00, 0x00, 0x00, 0x00, 0x00, 0x00,
  0x00, 0x00, 0x00, 0x00, 0x00, 0x00, 0x00, 0x00, 0x2F, 0xFF, 0xFF, 0xFF, 0xFF, 0xFF, 0x90, 0x00, 0x00, 0x00, 0x00, 0x00, 0x00, 0x00, 0x00, 0x00,
  0x00, 0x00, 0x00, 0x00, 0x00, 0x00, 0x00, 0x00, 0x00, 0x09, 0xFF, 0xFF, 0xFF, 0xFF, 0xFF, 0xF2, 0x00, 0x00, 0x00, 0x00, 0x00, 0x00, 0x00, 0x00,
  0x00, 0x00, 0x00, 0x00, 0x00, 0x00, 0x00, 0x00, 0x00, 0x00, 0x02, 0xFF, 0xFF, 0xFF, 0xFF, 0xFF, 0xF9, 0x00, 0x00, 0x00, 0x00, 0x00, 0x00, 0x00,
  0x00, 0x00, 0x00, 0x00, 0x00, 0x00, 0x00, 0x00, 0x00, 0x00, 0x00, 0x00, 0x9F, 0xFF, 0xFF, 0xFF, 0xFF, 0xFF, 0x20, 0x00, 0x00, 0x00, 0x00, 0x00,
  0x00, 0x00, 0x00, 0x00, 0x00, 0x00, 0x00, 0x00, 0x00, 0x00, 0x00, 0x00, 0x00, 0x2F, 0xFF, 0xFF, 0xFF, 0xFF, 0xFF, 0x90, 0x00, 0x00, 0x00, 0x00,
  0x00, 0x00, 0x00, 0x00, 0x00, 0x00, 0x00, 0x00, 0x00, 0x00, 0x00, 0x00, 0x00, 0x00, 0x09, 0xFF, 0xFF, 0xFF, 0xFF, 0xFF, 0xF2, 0x00, 0x00, 0x00,
  0x00, 0x00, 0x00, 0x00, 0x00, 0x00, 0x00, 0x00, 0x00, 0x00, 0x00, 0x00, 0x00, 0x00, 0x00, 0x02, 0xFF, 0xFF, 0xFF, 0xFF, 0xFF, 0xF9, 0x00, 0x00,
  0x00, 0x00, 0x00, 0x00, 0x00, 0x00, 0x00, 0x00, 0x00, 0x00, 0x00, 0x00, 0x00, 0x00, 0x00, 0x00, 0x00, 0x9F, 0xFF, 0xFF, 0xFF, 0xFF, 0xFF, 0x20,
  0x00, 0x00, 0x00, 0x00, 0x00, 0x00, 0x00, 0x00, 0x00, 0x00, 0x00, 0x00, 0x00, 0x00, 0x00, 0x00, 0x00, 0x00, 0x2F, 0xFF, 0xFF, 0xFF, 0xFF, 0xFF,
  0x90, 0x00, 0x00, 0x00, 0x00, 0x00, 0x00, 0x00, 0x00, 0x00, 0x00, 0x00, 0x00, 0x00, 0x00, 0x00, 0x00, 0x00, 0x00, 0x09, 0xFF, 0xFF, 0xFF, 0xFF,
  0xFF, 0xF2, 0x00, 0x00, 0x00, 0x00, 0x00, 0x00, 0x00, 0x00, 0x00, 0x00, 0x00, 0x00, 0x00, 0x00, 0x00, 0x00, 0x00, 0x00, 0x02, 0xFF, 0xFF, 0xFF,
  0xFF, 0xFF, 0xF9, 0x00, 0x00, 0x00, 0x00, 0x00, 0x00, 0x00, 0x00, 0x00, 0x00, 0x00, 0x00, 0x00, 0x00, 0x00, 0x00, 0x00, 0x00, 0x00, 0x9F, 0xFF,
  0xFF, 0xFF, 0xFF, 0xFF, 0x20, 0x00, 0x00, 0x00, 0x00, 0x00, 0x00, 0x00, 0x00, 0x00, 0x00, 0x00, 0x00, 0x00, 0x00, 0x00, 0x00, 0x00, 0x00, 0x2F,
  0xFF, 0xFF, 0xFF, 0xFF, 0xFF, 0x90, 0x00, 0x00, 0x00, 0x00, 0x00, 0x00, 0x00, 0x00, 0x00, 0x00, 0x00, 0x00, 0x00, 0x00, 0x00, 0x00, 0x00, 0x00,
  0x00, 0x00, 0x00, 0x00, 0x00, 0x00, 0x00, 0x00, 0x00, 0x01, 0x23, 0x43, 0x32, 0x10, 0x00, 0x00, 0x00, 0x00, 0x00, 0x00, 0x00, 0x00, 0x00, 0x00,
  0x00, 0x00, 0x00, 0x00, 0x00, 0x00, 0x00, 0x00, 0x00, 0x00, 0x26, 0xAC, 0xEF, 0xFF, 0xFF, 0xFF, 0xFE, 0xB9, 0x51, 0x00, 0x00, 0x00, 0x00, 0x00,
  0x00, 0x00, 0x00, 0x00, 0x00, 0x00, 0x00, 0x00, 0x00, 0x00, 0x00, 0x01, 0x7D, 0xFF, 0xFF, 0xFF, 0xFF, 0xFF, 0xFF, 0xFF, 0xFF, 0xFF, 0xB5, 0x00,
  0x00, 0x00, 0x00, 0x00, 0x00, 0x00, 0x00, 0x00, 0x00, 0x00, 0x00, 0x00, 0x00, 0x02, 0xAF, 0xFF, 0xFF, 0xFF, 0xFF, 0xFF, 0xFF, 0xFF, 0xFF, 0xFF,
  0xFF, 0xFF, 0xE7, 0x00, 0x00, 0x00, 0x00, 0x00, 0x00, 0x00, 0x00, 0x00, 0x00, 0x00, 0x00, 0x01, 0x8F, 0xFF, 0xFF, 0xFF, 0xFF, 0xFF, 0xFF, 0xFF,
  0xFF, 0xFF, 0xFF, 0xFF, 0xFF, 0xFF, 0xD5, 0x00, 0x00, 0x00, 0x00, 0x00, 0x00, 0x00, 0x00, 0x00, 0x00, 0x00, 0x3D, 0xFF, 0xFF, 0xFF, 0xFF, 0xFF,
  0xFF, 0xFF, 0xFF, 0xFF, 0xFF, 0xFF, 0xFF, 0xFF, 0xFF, 0xFF, 0xA1, 0x00, 0x00, 0x00, 0x00, 0x00, 0x00, 0x00, 0x00, 0x00, 0x06, 0xFF, 0xFF, 0xFF,
  0xFF, 0xFF, 0xFF, 0xFF, 0xFF, 0xFF, 0xFF, 0xFF, 0xFF, 0xFF, 0xFF, 0xFF, 0xFF, 0xFD, 0x20, 0x00, 0x00, 0x00, 0x00, 0x00, 0x00, 0x00, 0x00, 0x7F,
  0xFF, 0xFF, 0xFF, 0xFF, 0xFF, 0xFF, 0xFF, 0xFF, 0xFF, 0xFF, 0xFF, 0xFF, 0xFF, 0xFF, 0xFF, 0xFF, 0xFF, 0xE2, 0x00, 0x00, 0x00, 0x00, 0x00, 0x00,
  0x00, 0x06, 0xFF, 0xFF, 0xFF, 0xFF, 0xFF, 0xFF, 0xFF, 0xFF, 0xFF, 0xFF, 0xFF, 0xFF, 0xFF, 0xFF, 0xFF, 0xFF, 0xFF, 0xFF, 0xFE, 0x20, 0x00, 0x00,
  0x00, 0x00, 0x00, 0x00, 0x4F, 0xFF, 0xFF, 0xFF, 0xFF, 0xFF, 0xFF, 0xFF, 0xFF, 0xFF, 0xFF, 0xFF, 0xFF, 0xFF, 0xFF, 0xFF, 0xFF, 0xFF, 0xFF, 0xFF,
  0xC0, 0x00, 0x00, 0x00, 0x00, 0x00, 0x01, 0xEF, 0xFF, 0xFF, 0xFF, 0xFF, 0xFF, 0xFF, 0xFD, 0x95, 0x31, 0x01, 0x23, 0x6A, 0xEF, 0xFF, 0xFF, 0xFF,
  0xFF, 0xFF, 0xFF, 0xF9, 0x00, 0x00, 0x00, 0x00, 0x00, 0x09, 0xFF, 0xFF, 0xFF, 0xFF, 0xFF, 0xFF, 0xFB, 0x40, 0x00, 0x00, 0x00, 0x00, 0x00, 0x17,
  0xDF, 0xFF, 0xFF, 0xFF, 0xFF, 0xFF, 0xFF, 0x30, 0x00, 0x00, 0x00, 0x00, 0x3F, 0xFF, 0xFF, 0xFF, 0xFF, 0xFF, 0xFE, 0x60, 0x00, 0x00, 0x00, 0x00,
  0x00, 0x00, 0x00, 0x1A, 0xFF, 0xFF, 0xFF, 0xFF, 0xFF, 0xFF, 0xC0, 0x00, 0x00, 0x00, 0x00, 0xAF, 0xFF, 0xFF, 0xFF, 0xFF, 0xFF, 0xE3, 0x00, 0x00,
  0x00, 0x00, 0x00, 0x00, 0x00, 0x00, 0x00, 0x8F, 0xFF, 0xFF, 0xFF, 0xFF, 0xFF, 0xF4, 0x00, 0x00, 0x00, 0x01, 0xEF, 0xFF, 0xFF, 0xFF, 0xFF, 0xFE,
  0x30, 0x00, 0x00, 0x00, 0x00, 0x00, 0x00, 0x00, 0x00, 0x00, 0x09, 0xFF, 0xFF, 0xFF, 0xFF, 0xFF, 0xF9, 0x00, 0x00, 0x00, 0x06, 0xFF, 0xFF, 0xFF,
  0xFF, 0xFF, 0xF7, 0x00, 0x00, 0x00, 0x00, 0x00, 0x00, 0x00, 0x00, 0x00, 0x00, 0x00, 0xDF, 0xFF, 0xFF, 0xFF, 0xFF, 0xFE, 0x00, 0x00, 0x00, 0x09,
  0xFF, 0xFF, 0xFF, 0xFF, 0xFF, 0xD0, 0x00, 0x00, 0x00, 0x00, 0x00, 0x00, 0x00, 0x00, 0x00, 0x00, 0x00, 0x5F, 0xFF, 0xFF, 0xFF, 0xFF, 0xFF, 0x30,
  0x00, 0x00, 0x0D, 0xFF, 0xFF, 0xFF, 0xFF, 0xFF, 0x70, 0x00, 0x00, 0x00, 0x00, 0x00, 0x00, 0x00, 0x00, 0x00, 0x00, 0x00, 0x0D, 0xFF, 0xFF, 0xFF,
  0xFF, 0xFF, 0x70, 0x00, 0x00, 0x0F, 0xFF, 0xFF, 0xFF, 0xFF, 0xFF, 0x20, 0x00, 0x00, 0x00, 0x00, 0x00, 0x00, 0x00, 0x00, 0x00, 0x00, 0x00, 0x08,
  0xFF, 0xFF, 0xFF, 0xFF, 0xFF, 0x90, 0x00, 0x00, 0x1F, 0xFF, 0xFF, 0xFF, 0xFF, 0xFD, 0x00, 0x00, 0x00, 0x00, 0x00, 0x00, 0x00, 0x00, 0x00, 0x00,
  0x00, 0x00, 0x05, 0xFF, 0xFF, 0xFF, 0xFF, 0xFF, 0xA0, 0x00, 0x00, 0x2F, 0xFF, 0xFF, 0xFF, 0xFF, 0xFC, 0x00, 0x00, 0x00, 0x00, 0x00, 0x00, 0x00,
  0x00, 0x00, 0x00, 0x00, 0x00, 0x03, 0xFF, 0xFF, 0xFF, 0xFF, 0xFF, 0xB0, 0x00, 0x00, 0x2F, 0xFF, 0xFF, 0xFF, 0xFF, 0xFB, 0x00, 0x00, 0x00, 0x00,
  0x00, 0x00, 0x00, 0x00, 0x00, 0x00, 0x00, 0x00, 0x02, 0xFF, 0xFF, 0xFF, 0xFF, 0xFF, 0xB0, 0x00, 0x00, 0x1F, 0xFF, 0xFF, 0xFF, 0xFF, 0xFB, 0x00,
  0x00, 0x00, 0x00, 0x00, 0x00, 0x00, 0x00, 0x00, 0x00, 0x00, 0x00, 0x02, 0xFF, 0xFF, 0xFF, 0xFF, 0xFF, 0xA0, 0x00, 0x00, 0x0F, 0xFF, 0xFF, 0xFF,
  0xFF, 0xFC, 0x00, 0x00, 0x00, 0x00, 0x00, 0x00, 0x00, 0x00, 0x00, 0x00, 0x00, 0x00, 0x03, 0xFF, 0xFF, 0xFF, 0xFF, 0xFF, 0x90, 0x00, 0x00, 0x0D,
  0xFF, 0xFF, 0xFF, 0xFF, 0xFE, 0x00, 0x00, 0x00, 0x00, 0x00, 0x00, 0x00, 0x00, 0x00, 0x00, 0x00, 0x00, 0x05, 0xFF, 0xFF, 0xFF, 0xFF, 0xFF, 0x70,
  0x00, 0x00, 0x0A, 0xFF, 0xFF, 0xFF, 0xFF, 0xFF, 0x30, 0x00, 0x00, 0x00, 0x00, 0x00, 0x00, 0x00, 0x00, 0x00, 0x00, 0x00, 0x09, 0xFF, 0xFF, 0xFF,
  0xFF, 0xFF, 0x40, 0x00, 0x00, 0x06, 0xFF, 0xFF, 0xFF, 0xFF, 0xFF, 0x70, 0x00, 0x00, 0x00, 0x00, 0x00, 0x00, 0x00, 0x00, 0x00, 0x00, 0x00, 0x0D,
  0xFF, 0xFF, 0xFF, 0xFF, 0xFF, 0x00, 0x00, 0x00, 0x02, 0xFF, 0xFF, 0xFF, 0xFF, 0xFF, 0xE1, 0x00, 0x00, 0x00, 0x00, 0x00, 0x00, 0x00, 0x00, 0x00,
  0x00, 0x00, 0x5F, 0xFF, 0xFF, 0xFF, 0xFF, 0xFA, 0x00, 0x00, 0x00, 0x00, 0xAF, 0xFF, 0xFF, 0xFF, 0xFF, 0xF8, 0x00, 0x00, 0x00, 0x00, 0x00, 0x00,
  0x00, 0x00, 0x00, 0x00, 0x00, 0xDF, 0xFF, 0xFF, 0xFF, 0xFF, 0xF4, 0x00, 0x00, 0x00, 0x00, 0x3F, 0xFF, 0xFF, 0xFF, 0xFF, 0xFF, 0x40, 0x00, 0x00,
  0x00, 0x00, 0x00, 0x00, 0x00, 0x00, 0x00, 0x0A, 0xFF, 0xFF, 0xFF, 0xFF, 0xFF, 0xC0, 0x00, 0x00, 0x00, 0x00, 0x0A, 0xFF, 0xFF, 0xFF, 0xFF, 0xFF,
  0xE3, 0x00, 0x00, 0x00, 0x00, 0x00, 0x00, 0x00, 0x00, 0x00, 0x8F, 0xFF, 0xFF, 0xFF, 0xFF, 0xFF, 0x30, 0x00, 0x00, 0x00, 0x00, 0x01, 0xDF, 0xFF,
  0xFF, 0xFF, 0xFF, 0xFF, 0x70, 0x00, 0x00, 0x00, 0x00, 0x00, 0x00, 0x00, 0x1B, 0xFF, 0xFF, 0xFF, 0xFF, 0xFF, 0xF7, 0x00, 0x00, 0x00, 0x00, 0x00,
  0x00, 0x3E, 0xFF, 0xFF, 0xFF, 0xFF, 0xFF, 0xFB, 0x40, 0x00, 0x00, 0x00, 0x00, 0x00, 0x17, 0xEF, 0xFF, 0xFF, 0xFF, 0xFF, 0xFF, 0xB0, 0x00, 0x00,
  0x00, 0x00, 0x00, 0x00, 0x04, 0xEF, 0xFF, 0xFF, 0xFF, 0xFF, 0xFF, 0xFD, 0x95, 0x31, 0x01, 0x23, 0x6A, 0xEF, 0xFF, 0xFF, 0xFF, 0xFF, 0xFF, 0xFB,
  0x00, 0x00, 0x00, 0x00, 0x00, 0x00, 0x00, 0x00, 0x3D, 0xFF, 0xFF, 0xFF, 0xFF, 0xFF, 0xFF, 0xFF, 0xFF, 0xFF, 0xFF, 0xFF, 0xFF, 0xFF, 0xFF, 0xFF,
  0xFF, 0xFF, 0xA0, 0x00, 0x00, 0x00, 0x00, 0x00, 0x00, 0x00, 0x00, 0x01, 0xAF, 0xFF, 0xFF, 0xFF, 0xFF, 0xFF, 0xFF, 0xFF, 0xFF, 0xFF, 0xFF, 0xFF,
  0xFF, 0xFF, 0xFF, 0xFF, 0xE5, 0x00, 0x00, 0x00, 0x00, 0x00, 0x00, 0x00, 0x00, 0x00, 0x00, 0x04, 0xBF, 0xFF, 0xFF, 0xFF, 0xFF, 0xFF, 0xFF, 0xFF,
  0xFF, 0xFF, 0xFF, 0xFF, 0xFF, 0xFF, 0xE8, 0x10, 0x00, 0x00, 0x00, 0x00, 0x00, 0x00, 0x00, 0x00, 0x00, 0x00, 0x00, 0x03, 0x8C, 0xFF, 0xFF, 0xFF,
  0xFF, 0xFF, 0xFF, 0xFF, 0xFF, 0xFF, 0xFF, 0xFE, 0xA6, 0x10, 0x00, 0x00, 0x00, 0x00, 0x00, 0x00, 0x00, 0x00, 0x00, 0x00, 0x00, 0x00, 0x01, 0x69,
  0xDF, 0xFF, 0xFF, 0xFF, 0xFF, 0xFF, 0xFF, 0xFF, 0xFF, 0xFF, 0xFB, 0x84, 0x00, 0x00, 0x00, 0x00, 0x00, 0x00, 0x00, 0x00, 0x00, 0x00, 0x00, 0x00,
  0x05, 0xCF, 0xFF, 0xFF, 0xFF, 0xFF, 0xFF, 0xFF, 0xFF, 0xFF, 0xFF, 0xFF, 0xFF, 0xFF, 0xFF, 0xE9, 0x20, 0x00, 0x00, 0x00, 0x00, 0x00, 0x00, 0x00,
  0x00, 0x00, 0x05, 0xDF, 0xFF, 0xFF, 0xFF, 0xFF, 0xFF, 0xFF, 0xFF, 0xFF, 0xFF, 0xFF, 0xFF, 0xFF, 0xFF, 0xFF, 0xFF, 0xFA, 0x20, 0x00, 0x00, 0x00,
  0x00, 0x00, 0x00, 0x00, 0x01, 0xAF, 0xFF, 0xFF, 0xFF, 0xFF, 0xFF, 0xFF, 0xFF, 0xFF, 0xFF, 0xFF, 0xFF, 0xFF, 0xFF, 0xFF, 0xFF, 0xFF, 0xFF, 0xE6,
  0x00, 0x00, 0x00, 0x00, 0x00, 0x00, 0x00, 0x3D, 0xFF, 0xFF, 0xFF, 0xFF, 0xFF, 0xFF, 0xFF, 0xFF, 0xFF, 0xFF, 0xFF, 0xFF, 0xFF, 0xFF, 0xFF, 0xFF,
  0xFF, 0xFF, 0xFF, 0x90, 0x00, 0x00, 0x00, 0x00, 0x00, 0x03, 0xEF, 0xFF, 0xFF, 0xFF, 0xFF, 0xFF, 0xFF, 0xFF, 0xC8, 0x75, 0x45, 0x67, 0x9D, 0xFF,
  0xFF, 0xFF, 0xFF, 0xFF, 0xFF, 0xFF, 0xFB, 0x00, 0x00, 0x00, 0x00, 0x00, 0x2E, 0xFF, 0xFF, 0xFF, 0xFF, 0xFF, 0xFF, 0xFB, 0x41, 0x00, 0x00, 0x00,
  0x00, 0x00, 0x27, 0xEF, 0xFF, 0xFF, 0xFF, 0xFF, 0xFF, 0xFF, 0xA0, 0x00, 0x00, 0x00, 0x01, 0xDF, 0xFF, 0xFF, 0xFF, 0xFF, 0xFF, 0xFB, 0x30, 0x00,
  0x00, 0x00, 0x00, 0x00, 0x00, 0x00, 0x06, 0xEF, 0xFF, 0xFF, 0xFF, 0xFF, 0xFF, 0xF8, 0x00, 0x00, 0x00, 0x09, 0xFF, 0xFF, 0xFF, 0xFF, 0xFF, 0xFF,
  0x70, 0x00, 0x00, 0x00, 0x00, 0x00, 0x00, 0x00, 0x00, 0x00, 0x2C, 0xFF, 0xFF, 0xFF, 0xFF, 0xFF, 0xFF, 0x40, 0x00, 0x00, 0x4F, 0xFF, 0xFF, 0xFF,
  0xFF, 0xFF, 0xE4, 0x00, 0x00, 0x00, 0x00, 0x00, 0x00, 0x00, 0x00, 0x00, 0x00, 0x00, 0xAF, 0xFF, 0xFF, 0xFF, 0xFF, 0xFF, 0xC0, 0x00, 0x00, 0xCF,
  0xFF, 0xFF, 0xFF, 0xFF, 0xFF, 0x40, 0x00, 0x00, 0x00, 0x00, 0x00, 0x00, 0x00, 0x00, 0x00, 0x00, 0x00, 0x0B, 0xFF, 0xFF, 0xFF, 0xFF, 0xFF, 0xF6,
  0x00, 0x04, 0xFF, 0xFF, 0xFF, 0xFF, 0xFF, 0xF8, 0x00, 0x00, 0x00, 0x00, 0x00, 0x00, 0x00, 0x00, 0x00, 0x00, 0x00, 0x00, 0x01, 0xDF, 0xFF, 0xFF,
  0xFF, 0xFF, 0xFD, 0x00, 0x0A, 0xFF, 0xFF, 0xFF, 0xFF, 0xFF, 0xD0, 0x00, 0x00, 0x00, 0x00, 0x00, 0x00, 0x00, 0x00, 0x00, 0x00, 0x00, 0x00, 0x00,
  0x5F, 0xFF, 0xFF, 0xFF, 0xFF, 0xFF, 0x40, 0x0E, 0xFF, 0xFF, 0xFF, 0xFF, 0xFF, 0x60, 0x00, 0x00, 0x00, 0x00, 0x00, 0x00, 0x00, 0x00, 0x00, 0x00,
  0x00, 0x00, 0x00, 0x0C, 0xFF, 0xFF, 0xFF, 0xFF, 0xFF, 0x90, 0x4F, 0xFF, 0xFF, 0xFF, 0xFF, 0xFE, 0x10, 0x00, 0x00, 0x00, 0x00, 0x00, 0x00, 0x00,
  0x00, 0x00, 0x00, 0x00, 0x00, 0x00, 0x07, 0xFF, 0xFF, 0xFF, 0xFF, 0xFF, 0xE0, 0x7F, 0xFF, 0xFF, 0xFF, 0xFF, 0xFA, 0x00, 0x00, 0x00, 0x00, 0x00,
  0x00, 0x00, 0x00, 0x00, 0x00, 0x00, 0x00, 0x00, 0x00, 0x02, 0xFF, 0xFF, 0xFF, 0xFF, 0xFF, 0xF2, 0xAF, 0xFF, 0xFF, 0xFF, 0xFF, 0xF7, 0x00, 0x00,
  0x00, 0x00, 0x00, 0x00, 0x00, 0x00, 0x00, 0x00, 0x00, 0x00, 0x00, 0x00, 0x00, 0xEF, 0xFF, 0xFF, 0xFF, 0xFF, 0xF4, 0xCF, 0xFF, 0xFF, 0xFF, 0xFF,
  0xF5, 0x00, 0x00, 0x00, 0x00, 0x00, 0x00, 0x00, 0x00, 0x00, 0x00, 0x00, 0x00, 0x00, 0x00, 0x00, 0xCF, 0xFF, 0xFF, 0xFF, 0xFF, 0xF6, 0xDF, 0xFF,
  0xFF, 0xFF, 0xFF, 0xF4, 0x00, 0x00, 0x00, 0x00, 0x00, 0x00, 0x00, 0x00, 0x00, 0x00, 0x00, 0x00, 0x00, 0x00, 0x00, 0xBF, 0xFF, 0xFF, 0xFF, 0xFF,
  0xF7, 0xDF, 0xFF, 0xFF, 0xFF, 0xFF, 0xF5, 0x00, 0x00, 0x00, 0x00, 0x00, 0x00, 0x00, 0x00, 0x00, 0x00, 0x00, 0x00, 0x00, 0x00, 0x00, 0xCF, 0xFF,
  0xFF, 0xFF, 0xFF, 0xF8, 0xCF, 0xFF, 0xFF, 0xFF, 0xFF, 0xF6, 0x00, 0x00, 0x00, 0x00, 0x00, 0x00, 0x00, 0x00, 0x00, 0x00, 0x00, 0x00, 0x00, 0x00,
  0x00, 0xDF, 0xFF, 0xFF, 0xFF, 0xFF, 0xF7, 0xBF, 0xFF, 0xFF, 0xFF, 0xFF, 0xF8, 0x00, 0x00, 0x00, 0x00, 0x00, 0x00, 0x00, 0x00, 0x00, 0x00, 0x00,
  0x00, 0x00, 0x00, 0x00, 0xFF, 0xFF, 0xFF, 0xFF, 0xFF, 0xF6, 0xAF, 0xFF, 0xFF, 0xFF, 0xFF, 0xFC, 0x00, 0x00, 0x00, 0x00, 0x00, 0x00, 0x00, 0x00,
  0x00, 0x00, 0x00, 0x00, 0x00, 0x00, 0x03, 0xFF, 0xFF, 0xFF, 0xFF, 0xFF, 0xF5, 0x7F, 0xFF, 0xFF, 0xFF, 0xFF, 0xFF, 0x20, 0x00, 0x00, 0x00, 0x00,
  0x00, 0x00, 0x00, 0x00, 0x00, 0x00, 0x00, 0x00, 0x00, 0x08, 0xFF, 0xFF, 0xFF, 0xFF, 0xFF, 0xF2, 0x4F, 0xFF, 0xFF, 0xFF, 0xFF, 0xFF, 0x80, 0x00,
  0x00, 0x00, 0x00, 0x00, 0x00, 0x00, 0x00, 0x00, 0x00, 0x00, 0x00, 0x00, 0x1E, 0xFF, 0xFF, 0xFF, 0xFF, 0xFF, 0xD0, 0x1E, 0xFF, 0xFF, 0xFF, 0xFF,
  0xFF, 0xF2, 0x00, 0x00, 0x00, 0x00, 0x00, 0x00, 0x00, 0x00, 0x00, 0x00, 0x00, 0x00, 0x00, 0x8F, 0xFF, 0xFF, 0xFF, 0xFF, 0xFF, 0xA0, 0x09, 0xFF,
  0xFF, 0xFF, 0xFF, 0xFF, 0xFC, 0x10, 0x00, 0x00, 0x00, 0x00, 0x00, 0x00, 0x00, 0x00, 0x00, 0x00, 0x00, 0x04, 0xFF, 0xFF, 0xFF, 0xFF, 0xFF, 0xFF,
  0x40, 0x03, 0xFF, 0xFF, 0xFF, 0xFF, 0xFF, 0xFF, 0xB1, 0x00, 0x00, 0x00, 0x00, 0x00, 0x00, 0x00, 0x00, 0x00, 0x00, 0x00, 0x3E, 0xFF, 0xFF, 0xFF,
  0xFF, 0xFF, 0xFD, 0x00, 0x00, 0xBF, 0xFF, 0xFF, 0xFF, 0xFF, 0xFF, 0xFC, 0x20, 0x00, 0x00, 0x00, 0x00, 0x00, 0x00, 0x00, 0x00, 0x00, 0x06, 0xEF,
  0xFF, 0xFF, 0xFF, 0xFF, 0xFF, 0xF6, 0x00, 0x00, 0x3F, 0xFF, 0xFF, 0xFF, 0xFF, 0xFF, 0xFF, 0xF7, 0x10, 0x00, 0x00, 0x00, 0x00, 0x00, 0x00, 0x00,
  0x02, 0xBF, 0xFF, 0xFF, 0xFF, 0xFF, 0xFF, 0xFF, 0xC0, 0x00, 0x00, 0x08, 0xFF, 0xFF, 0xFF, 0xFF, 0xFF, 0xFF, 0xFF, 0xE8, 0x20, 0x00, 0x00, 0x00,
  0x00, 0x00, 0x04, 0xBF, 0xFF, 0xFF, 0xFF, 0xFF, 0xFF, 0xFF, 0xFF, 0x30, 0x00, 0x00, 0x00, 0xCF, 0xFF, 0xFF, 0xFF, 0xFF, 0xFF, 0xFF, 0xFF, 0xFE,
  0xA7, 0x65, 0x45, 0x67, 0x8C, 0xFF, 0xFF, 0xFF, 0xFF, 0xFF, 0xFF, 0xFF, 0xFF, 0xF7, 0x00, 0x00, 0x00, 0x00, 0x1D, 0xFF, 0xFF, 0xFF, 0xFF, 0xFF,
  0xFF, 0xFF, 0xFF, 0xFF, 0xFF, 0xFF, 0xFF, 0xFF, 0xFF, 0xFF, 0xFF, 0xFF, 0xFF, 0xFF, 0xFF, 0xFF, 0x90, 0x00, 0x00, 0x00, 0x00, 0x02, 0xDF, 0xFF,
  0xFF, 0xFF, 0xFF, 0xFF, 0xFF, 0xFF, 0xFF, 0xFF, 0xFF, 0xFF, 0xFF, 0xFF, 0xFF, 0xFF, 0xFF, 0xFF, 0xFF, 0xFF, 0xFA, 0x00, 0x00, 0x00, 0x00, 0x00,
  0x00, 0x2D, 0xFF, 0xFF, 0xFF, 0xFF, 0xFF, 0xFF, 0xFF, 0xFF, 0xFF, 0xFF, 0xFF, 0xFF, 0xFF, 0xFF, 0xFF, 0xFF, 0xFF, 0xFF, 0xFF, 0x90, 0x00, 0x00,
  0x00, 0x00, 0x00, 0x00, 0x01, 0x9F, 0xFF, 0xFF, 0xFF, 0xFF, 0xFF, 0xFF, 0xFF, 0xFF, 0xFF, 0xFF, 0xFF, 0xFF, 0xFF, 0xFF, 0xFF, 0xFF, 0xFF, 0xE6,
  0x00, 0x00, 0x00, 0x00, 0x00, 0x00, 0x00, 0x00, 0x05, 0xEF, 0xFF, 0xFF, 0xFF, 0xFF, 0xFF, 0xFF, 0xFF, 0xFF, 0xFF, 0xFF, 0xFF, 0xFF, 0xFF, 0xFF,
  0xFF, 0xFB, 0x20, 0x00, 0x00, 0x00, 0x00, 0x00, 0x00, 0x00, 0x00, 0x00, 0x17, 0xEF, 0xFF, 0xFF, 0xFF, 0xFF, 0xFF, 0xFF, 0xFF, 0xFF, 0xFF, 0xFF,
  0xFF, 0xFF, 0xFF, 0xFC, 0x40, 0x00, 0x00, 0x00, 0x00, 0x00, 0x00, 0x00, 0x00, 0x00, 0x00, 0x00, 0x17, 0xDF, 0xFF, 0xFF, 0xFF, 0xFF, 0xFF, 0xFF,
  0xFF, 0xFF, 0xFF, 0xFF, 0xFF, 0xFB, 0x50, 0x00, 0x00, 0x00, 0x00, 0x00, 0x00, 0x00, 0x00, 0x00, 0x00, 0x00, 0x00, 0x00, 0x04, 0x9C, 0xFF, 0xFF,
  0xFF, 0xFF, 0xFF, 0xFF, 0xFF, 0xFF, 0xFE, 0xB7, 0x20, 0x00, 0x00, 0x00, 0x00, 0x00, 0x00, 0x00, 0x00, 0x00, 0x00, 0x00, 0x00, 0x00, 0x00, 0x00,
  0x00, 0x15, 0x79, 0xBD, 0xDE, 0xFF, 0xED, 0xCB, 0x86, 0x30, 0x00, 0x00, 0x00, 0x00, 0x00, 0x00, 0x00, 0x00, 0x00, 0x00, 0x00, 0x00, 0x00, 0x00,
  0x00, 0x00, 0x00, 0x00, 0x00, 0x00, 0x12, 0x23, 0x43, 0x21, 0x00, 0x00, 0x00, 0x00, 0x00, 0x00, 0x00, 0x00, 0x00, 0x00, 0x00, 0x00, 0x00, 0x00,
  0x00, 0x00, 0x00, 0x00, 0x00, 0x00, 0x00, 0x48, 0xBD, 0xFF, 0xFF, 0xFF, 0xFF, 0xEC, 0xA6, 0x20, 0x00, 0x00, 0x00, 0x00, 0x00, 0x00, 0x00, 0x00,
  0x00, 0x00, 0x00, 0x00, 0x00, 0x00, 0x00, 0x00, 0x05, 0xAE, 0xFF, 0xFF, 0xFF, 0xFF, 0xFF, 0xFF, 0xFF, 0xFF, 0xFD, 0x71, 0x00, 0x00, 0x00, 0x00,
  0x00, 0x00, 0x00, 0x00, 0x00, 0x00, 0x00, 0x00, 0x00, 0x00, 0x16, 0xDF, 0xFF, 0xFF, 0xFF, 0xFF, 0xFF, 0xFF, 0xFF, 0xFF, 0xFF, 0xFF, 0xFF, 0x91,
  0x00, 0x00, 0x00, 0x00, 0x00, 0x00, 0x00, 0x00, 0x00, 0x00, 0x00, 0x00, 0x05, 0xDF, 0xFF, 0xFF, 0xFF, 0xFF, 0xFF, 0xFF, 0xFF, 0xFF, 0xFF, 0xFF,
  0xFF, 0xFF, 0xFE, 0x70, 0x00, 0x00, 0x00, 0x00, 0x00, 0x00, 0x00, 0x00, 0x00, 0x00, 0x01, 0xAF, 0xFF, 0xFF, 0xFF, 0xFF, 0xFF, 0xFF, 0xFF, 0xFF,
  0xFF, 0xFF, 0xFF, 0xFF, 0xFF, 0xFF, 0xFB, 0x10, 0x00, 0x00, 0x00, 0x00, 0x00, 0x00, 0x00, 0x00, 0x00, 0x3D, 0xFF, 0xFF, 0xFF, 0xFF, 0xFF, 0xFF,
  0xFF, 0xFF, 0xFF, 0xFF, 0xFF, 0xFF, 0xFF, 0xFF, 0xFF, 0xFF, 0xE3, 0x00, 0x00, 0x00, 0x00, 0x00, 0x00, 0x00, 0x00, 0x04, 0xEF, 0xFF, 0xFF, 0xFF,
  0xFF, 0xFF, 0xFF, 0xFF, 0xFF, 0xFF, 0xFF, 0xFF, 0xFF, 0xFF, 0xFF, 0xFF, 0xFF, 0xFE, 0x30, 0x00, 0x00, 0x00, 0x00, 0x00, 0x00, 0x00, 0x4F, 0xFF,
  0xFF, 0xFF, 0xFF, 0xFF, 0xFF, 0xFF, 0xFF, 0xFF, 0xFF, 0xFF, 0xFF, 0xFF, 0xFF, 0xFF, 0xFF, 0xFF, 0xFF, 0xE3, 0x00, 0x00, 0x00, 0x00, 0x00, 0x00,
  0x03, 0xEF, 0xFF, 0xFF, 0xFF, 0xFF, 0xFF, 0xFF, 0xFF, 0xFF, 0xFF, 0xFF, 0xFF, 0xFF, 0xFF, 0xFF, 0xFF, 0xFF, 0xFF, 0xFF, 0xFD, 0x10, 0x00, 0x00,
  0x00, 0x00, 0x00, 0x1D, 0xFF, 0xFF, 0xFF, 0xFF, 0xFF, 0xFF, 0xFF, 0xFC, 0x74, 0x21, 0x01, 0x35, 0x9E, 0xFF, 0xFF, 0xFF, 0xFF, 0xFF, 0xFF, 0xFF,
  0xB0, 0x00, 0x00, 0x00, 0x00, 0x00, 0x9F, 0xFF, 0xFF, 0xFF, 0xFF, 0xFF, 0xFF, 0xFA, 0x20, 0x00, 0x00, 0x00, 0x00, 0x00, 0x5D, 0xFF, 0xFF, 0xFF,
  0xFF, 0xFF, 0xFF, 0xF7, 0x00, 0x00, 0x00, 0x00, 0x04, 0xFF, 0xFF, 0xFF, 0xFF, 0xFF, 0xFF, 0xFD, 0x30, 0x00, 0x00, 0x00, 0x00, 0x00, 0x00, 0x00,
  0x7F, 0xFF, 0xFF, 0xFF, 0xFF, 0xFF, 0xFF, 0x20, 0x00, 0x00, 0x00, 0x0D, 0xFF, 0xFF, 0xFF, 0xFF, 0xFF, 0xFF, 0xA1, 0x00, 0x00, 0x00, 0x00, 0x00,
  0x00, 0x00, 0x00, 0x03, 0xDF, 0xFF, 0xFF, 0xFF, 0xFF, 0xFF, 0xA0, 0x00, 0x00, 0x00, 0x5F, 0xFF, 0xFF, 0xFF, 0xFF, 0xFF, 0xF9, 0x00, 0x00, 0x00,
  0x00, 0x00, 0x00, 0x00, 0x00, 0x00, 0x00, 0x2D, 0xFF, 0xFF, 0xFF, 0xFF, 0xFF, 0xF3, 0x00, 0x00, 0x00, 0xCF, 0xFF, 0xFF, 0xFF, 0xFF, 0xFF, 0xA0,
  0x00, 0x00, 0x00, 0x00, 0x00, 0x00, 0x00, 0x00, 0x00, 0x00, 0x02, 0xEF, 0xFF, 0xFF, 0xFF, 0xFF, 0xFB, 0x00, 0x00, 0x03, 0xFF, 0xFF, 0xFF, 0xFF,
  0xFF, 0xFD, 0x10, 0x00, 0x00, 0x00, 0x00, 0x00, 0x00, 0x00, 0x00, 0x00, 0x00, 0x00, 0x5F, 0xFF, 0xFF, 0xFF, 0xFF, 0xFF, 0x30, 0x00, 0x08, 0xFF,
  0xFF, 0xFF, 0xFF, 0xFF, 0xF4, 0x00, 0x00, 0x00, 0x00, 0x00, 0x00, 0x00, 0x00, 0x00, 0x00, 0x00, 0x00, 0x0A, 0xFF, 0xFF, 0xFF, 0xFF, 0xFF, 0x90,
  0x00, 0x0D, 0xFF, 0xFF, 0xFF, 0xFF, 0xFF, 0xB0, 0x00, 0x00, 0x00, 0x00, 0x00, 0x00, 0x00, 0x00, 0x00, 0x00, 0x00, 0x00, 0x02, 0xFF, 0xFF, 0xFF,
  0xFF, 0xFF, 0xE1, 0x00, 0x2F, 0xFF, 0xFF, 0xFF, 0xFF, 0xFF, 0x40, 0x00, 0x00, 0x00, 0x00, 0x00, 0x00, 0x00, 0x00, 0x00, 0x00, 0x00, 0x00, 0x00,
  0xAF, 0xFF, 0xFF, 0xFF, 0xFF, 0xF5, 0x00, 0x5F, 0xFF, 0xFF, 0xFF, 0xFF, 0xFD, 0x00, 0x00, 0x00, 0x00, 0x00, 0x00, 0x00, 0x00, 0x00, 0x00, 0x00,
  0x00, 0x00, 0x00, 0x5F, 0xFF, 0xFF, 0xFF, 0xFF, 0xF9, 0x00, 0x7F, 0xFF, 0xFF, 0xFF, 0xFF, 0xF8, 0x00, 0x00, 0x00, 0x00, 0x00, 0x00, 0x00, 0x00,
  0x00, 0x00, 0x00, 0x00, 0x00, 0x00, 0x0E, 0xFF, 0xFF, 0xFF, 0xFF, 0xFE, 0x00, 0xAF, 0xFF, 0xFF, 0xFF, 0xFF, 0xF5, 0x00, 0x00, 0x00, 0x00, 0x00,
  0x00, 0x00, 0x00, 0x00, 0x00, 0x00, 0x00, 0x00, 0x00, 0x0C, 0xFF, 0xFF, 0xFF, 0xFF, 0xFF, 0x30, 0xBF, 0xFF, 0xFF, 0xFF, 0xFF, 0xF2, 0x00, 0x00,
  0x00, 0x00, 0x00, 0x00, 0x00, 0x00, 0x00, 0x00, 0x00, 0x00, 0x00, 0x00, 0x09, 0xFF, 0xFF, 0xFF, 0xFF, 0xFF, 0x60, 0xCF, 0xFF, 0xFF, 0xFF, 0xFF,
  0xF0, 0x00, 0x00, 0x00, 0x00, 0x00, 0x00, 0x00, 0x00, 0x00, 0x00, 0x00, 0x00, 0x00, 0x00, 0x07, 0xFF, 0xFF, 0xFF, 0xFF, 0xFF, 0x90, 0xDF, 0xFF,
  0xFF, 0xFF, 0xFF, 0xF0, 0x00, 0x00, 0x00, 0x00, 0x00, 0x00, 0x00, 0x00, 0x00, 0x00, 0x00, 0x00, 0x00, 0x00, 0x06, 0xFF, 0xFF, 0xFF, 0xFF, 0xFF,
  0xC0, 0xDF, 0xFF, 0xFF, 0xFF, 0xFF, 0xE0, 0x00, 0x00, 0x00, 0x00, 0x00, 0x00, 0x00, 0x00, 0x00, 0x00, 0x00, 0x00, 0x00, 0x00, 0x06, 0xFF, 0xFF,
  0xFF, 0xFF, 0xFF, 0xF0, 0xCF, 0xFF, 0xFF, 0xFF, 0xFF, 0xF0, 0x00, 0x00, 0x00, 0x00, 0x00, 0x00, 0x00, 0x00, 0x00, 0x00, 0x00, 0x00, 0x00, 0x00,
  0x07, 0xFF, 0xFF, 0xFF, 0xFF, 0xFF, 0xF2, 0xCF, 0xFF, 0xFF, 0xFF, 0xFF, 0xF1, 0x00, 0x00, 0x00, 0x00, 0x00, 0x00, 0x00, 0x00, 0x00, 0x00, 0x00,
  0x00, 0x00, 0x00, 0x09, 0xFF, 0xFF, 0xFF, 0xFF, 0xFF, 0xF4, 0xBF, 0xFF, 0xFF, 0xFF, 0xFF, 0xF4, 0x00, 0x00, 0x00, 0x00, 0x00, 0x00, 0x00, 0x00,
  0x00, 0x00, 0x00, 0x00, 0x00, 0x00, 0x0B, 0xFF, 0xFF, 0xFF, 0xFF, 0xFF, 0xF6, 0x8F, 0xFF, 0xFF, 0xFF, 0xFF, 0xF7, 0x00, 0x00, 0x00, 0x00, 0x00,
  0x00, 0x00, 0x00, 0x00, 0x00, 0x00, 0x00, 0x00, 0x00, 0x0E, 0xFF, 0xFF, 0xFF, 0xFF, 0xFF, 0xF7, 0x6F, 0xFF, 0xFF, 0xFF, 0xFF, 0xFC, 0x00, 0x00,
  0x00, 0x00, 0x00, 0x00, 0x00, 0x00, 0x00, 0x00, 0x00, 0x00, 0x00, 0x00, 0x5F, 0xFF, 0xFF, 0xFF, 0xFF, 0xFF, 0xF9, 0x3F, 0xFF, 0xFF, 0xFF, 0xFF,
  0xFF, 0x20, 0x00, 0x00, 0x00, 0x00, 0x00, 0x00, 0x00, 0x00, 0x00, 0x00, 0x00, 0x00, 0x00, 0xAF, 0xFF, 0xFF, 0xFF, 0xFF, 0xFF, 0xFA, 0x0E, 0xFF,
  0xFF, 0xFF, 0xFF, 0xFF, 0x90, 0x00, 0x00, 0x00, 0x00, 0x00, 0x00, 0x00, 0x00, 0x00, 0x00, 0x00, 0x00, 0x03, 0xFF, 0xFF, 0xFF, 0xFF, 0xFF, 0xFF,
  0xFA, 0x0A, 0xFF, 0xFF, 0xFF, 0xFF, 0xFF, 0xE2, 0x00, 0x00, 0x00, 0x00, 0x00, 0x00, 0x00, 0x00, 0x00, 0x00, 0x00, 0x00, 0x0B, 0xFF, 0xFF, 0xFF,
  0xFF, 0xFF, 0xFF, 0xFB, 0x05, 0xFF, 0xFF, 0xFF, 0xFF, 0xFF, 0xFB, 0x00, 0x00, 0x00, 0x00, 0x00, 0x00, 0x00, 0x00, 0x00, 0x00, 0x00, 0x00, 0x6F,
  0xFF, 0xFF, 0xFF, 0xFF, 0xFF, 0xFF, 0xFB, 0x01, 0xEF, 0xFF, 0xFF, 0xFF, 0xFF, 0xFF, 0x70, 0x00, 0x00, 0x00, 0x00, 0x00, 0x00, 0x00, 0x00, 0x00,
  0x00, 0x03, 0xEF, 0xFF, 0xFF, 0xFF, 0xFF, 0xFF, 0xFF, 0xFC, 0x00, 0x8F, 0xFF, 0xFF, 0xFF, 0xFF, 0xFF, 0xF5, 0x00, 0x00, 0x00, 0x00, 0x00, 0x00,
  0x00, 0x00, 0x00, 0x00, 0x2D, 0xFF, 0xFF, 0xFF, 0xFF, 0xFF, 0xFF, 0xFF, 0xFC, 0x00, 0x1E, 0xFF, 0xFF, 0xFF, 0xFF, 0xFF, 0xFF, 0x70, 0x00, 0x00,
  0x00, 0x00, 0x00, 0x00, 0x00, 0x00, 0x04, 0xEF, 0xFF, 0xFF, 0xFF, 0xFF, 0xFF, 0xFF, 0xFF, 0xFB, 0x00, 0x07, 0xFF, 0xFF, 0xFF, 0xFF, 0xFF, 0xFF,
  0xFA, 0x10, 0x00, 0x00, 0x00, 0x00, 0x00, 0x00, 0x00, 0x8F, 0xFF, 0xFF, 0xFF, 0xFF, 0xFF, 0xFF, 0xFF, 0xFF, 0xFB, 0x00, 0x00, 0xCF, 0xFF, 0xFF,
  0xFF, 0xFF, 0xFF, 0xFF, 0xE7, 0x10, 0x00, 0x00, 0x00, 0x00, 0x00, 0x6D, 0xFF, 0xFF, 0xFF, 0xFF, 0xFF, 0xFF, 0xFF, 0xFF, 0xFF, 0xFA, 0x00, 0x00,
  0x3F, 0xFF, 0xFF, 0xFF, 0xFF, 0xFF, 0xFF, 0xFF, 0xFA, 0x63, 0x10, 0x01, 0x36, 0xAE, 0xFF, 0xFF, 0xFF, 0xFF, 0xFF, 0xFF, 0xFF, 0xFF, 0xFF, 0xFF,
  0xFA, 0x00, 0x00, 0x06, 0xFF, 0xFF, 0xFF, 0xFF, 0xFF, 0xFF, 0xFF, 0xFF, 0xFF, 0xFF, 0xFF, 0xFF, 0xFF, 0xFF, 0xFF, 0xFF, 0xFF, 0xFF, 0xBF, 0xFF,
  0xFF, 0xFF, 0xFF, 0xF9, 0x00, 0x00, 0x00, 0x9F, 0xFF, 0xFF, 0xFF, 0xFF, 0xFF, 0xFF, 0xFF, 0xFF, 0xFF, 0xFF, 0xFF, 0xFF, 0xFF, 0xFF, 0xFF, 0xFF,
  0xFE, 0x2F, 0xFF, 0xFF, 0xFF, 0xFF, 0xF8, 0x00, 0x00, 0x00, 0x09, 0xFF, 0xFF, 0xFF, 0xFF, 0xFF, 0xFF, 0xFF, 0xFF, 0xFF, 0xFF, 0xFF, 0xFF, 0xFF,
  0xFF, 0xFF, 0xFF, 0xF4, 0x2F, 0xFF, 0xFF, 0xFF, 0xFF, 0xF7, 0x00, 0x00, 0x00, 0x00, 0x8F, 0xFF, 0xFF, 0xFF, 0xFF, 0xFF, 0xFF, 0xFF, 0xFF, 0xFF,
  0xFF, 0xFF, 0xFF, 0xFF, 0xFF, 0xFF, 0x40, 0x2F, 0xFF, 0xFF, 0xFF, 0xFF, 0xF5, 0x00, 0x00, 0x00, 0x00, 0x06, 0xEF, 0xFF, 0xFF, 0xFF, 0xFF, 0xFF,
  0xFF, 0xFF, 0xFF, 0xFF, 0xFF, 0xFF, 0xFF, 0xFF, 0xE4, 0x00, 0x3F, 0xFF, 0xFF, 0xFF, 0xFF, 0xF4, 0x00, 0x00, 0x00, 0x00, 0x00, 0x2B, 0xFF, 0xFF,
  0xFF, 0xFF, 0xFF, 0xFF, 0xFF, 0xFF, 0xFF, 0xFF, 0xFF, 0xFF, 0xFB, 0x10, 0x00, 0x4F, 0xFF, 0xFF, 0xFF, 0xFF, 0xF2, 0x00, 0x00, 0x00, 0x00, 0x00,
  0x00, 0x5C, 0xFF, 0xFF, 0xFF, 0xFF, 0xFF, 0xFF, 0xFF, 0xFF, 0xFF, 0xFF, 0xFC, 0x40, 0x00, 0x00, 0x6F, 0xFF, 0xFF, 0xFF, 0xFF, 0xF1, 0x00, 0x00,
  0x00, 0x00, 0x00, 0x00, 0x00, 0x5B, 0xFF, 0xFF, 0xFF, 0xFF, 0xFF, 0xFF, 0xFF, 0xFF, 0xFA, 0x40, 0x00, 0x00, 0x00, 0x7F, 0xFF, 0xFF, 0xFF, 0xFF,
  0xE0, 0x00, 0x00, 0x00, 0x00, 0x00, 0x00, 0x00, 0x00, 0x15, 0x9C, 0xEF, 0xFF, 0xFF, 0xFF, 0xEC, 0x95, 0x10, 0x00, 0x00, 0x00, 0x00, 0xAF, 0xFF,
  0xFF, 0xFF, 0xFF, 0xB0, 0x00, 0x00, 0x00, 0x00, 0x00, 0x00, 0x00, 0x00, 0x00, 0x00, 0x01, 0x23, 0x43, 0x21, 0x00, 0x00, 0x00, 0x00, 0x00, 0x00,
  0x00, 0xCF, 0xFF, 0xFF, 0xFF, 0xFF, 0x80, 0x00, 0x00, 0x00, 0x00, 0x00, 0x00, 0x00, 0x00, 0x00, 0x00, 0x00, 0x00, 0x00, 0x00, 0x00, 0x00, 0x00,
  0x00, 0x00, 0x00, 0x00, 0xFF, 0xFF, 0xFF, 0xFF, 0xFF, 0x50, 0x00, 0x00, 0x00, 0x00, 0x00, 0x00, 0x00, 0x00, 0x00, 0x00, 0x00, 0x00, 0x00, 0x00,
  0x00, 0x00, 0x00, 0x00, 0x00, 0x00, 0x03, 0xFF, 0xFF, 0xFF, 0xFF, 0xFF, 0x20, 0x00, 0x00, 0x00, 0x00, 0x00, 0x00, 0x00, 0x00, 0x00, 0x00, 0x00,
  0x00, 0x00, 0x00, 0x00, 0x00, 0x00, 0x00, 0x00, 0x00, 0x07, 0xFF, 0xFF, 0xFF, 0xFF, 0xFE, 0x00, 0x00, 0x00, 0x00, 0x00, 0x00, 0x00, 0x00, 0x00,
  0x00, 0x00, 0x00, 0x00, 0x00, 0x00, 0x00, 0x00, 0x00, 0x00, 0x00, 0x00, 0x0B, 0xFF, 0xFF, 0xFF, 0xFF, 0xFA, 0x00, 0x00, 0x00, 0x00, 0x00, 0x00,
  0x00, 0x00, 0x00, 0x00, 0x00, 0x00, 0x00, 0x00, 0x00, 0x00, 0x00, 0x00, 0x00, 0x00, 0x00, 0x1F, 0xFF, 0xFF, 0xFF, 0xFF, 0xF6, 0x00, 0x00, 0x00,
  0x00, 0x00, 0x00, 0x00, 0x00, 0x00, 0x00, 0x00, 0x00, 0x00, 0x00, 0x00, 0x00, 0x00, 0x00, 0x00, 0x00, 0x00, 0x6F, 0xFF, 0xFF, 0xFF, 0xFF, 0xF2,
  0x00, 0x49, 0x99, 0x99, 0x99, 0x99, 0x93, 0x00, 0x00, 0x00, 0x00, 0x00, 0x00, 0x00, 0x00, 0x00, 0x00, 0x00, 0x00, 0x00, 0x00, 0xCF, 0xFF, 0xFF,
  0xFF, 0xFF, 0xC0, 0x00, 0x5F, 0xFF, 0xFF, 0xFF, 0xFF, 0xF9, 0x00, 0x00, 0x00, 0x00, 0x00, 0x00, 0x00, 0x00, 0x00, 0x00, 0x00, 0x00, 0x00, 0x03,
  0xFF, 0xFF, 0xFF, 0xFF, 0xFF, 0x80, 0x00, 0x2F, 0xFF, 0xFF, 0xFF, 0xFF, 0xFD, 0x00, 0x00, 0x00, 0x00, 0x00, 0x00, 0x00, 0x00, 0x00, 0x00, 0x00,
  0x00, 0x00, 0x0A, 0xFF, 0xFF, 0xFF, 0xFF, 0xFF, 0x20, 0x00, 0x0E, 0xFF, 0xFF, 0xFF, 0xFF, 0xFF, 0x30, 0x00, 0x00, 0x00, 0x00, 0x00, 0x00, 0x00,
  0x00, 0x00, 0x00, 0x00, 0x00, 0x3F, 0xFF, 0xFF, 0xFF, 0xFF, 0xFC, 0x00, 0x00, 0x0A, 0xFF, 0xFF, 0xFF, 0xFF, 0xFF, 0xA0, 0x00, 0x00, 0x00, 0x00,
  0x00, 0x00, 0x00, 0x00, 0x00, 0x00, 0x00, 0x00, 0xCF, 0xFF, 0xFF, 0xFF, 0xFF, 0xF5, 0x00, 0x00, 0x06, 0xFF, 0xFF, 0xFF, 0xFF, 0xFF, 0xF3, 0x00,
  0x00, 0x00, 0x00, 0x00, 0x00, 0x00, 0x00, 0x00, 0x00, 0x00, 0x09, 0xFF, 0xFF, 0xFF, 0xFF, 0xFF, 0xD0, 0x00, 0x00, 0x01, 0xEF, 0xFF, 0xFF, 0xFF,
  0xFF, 0xFC, 0x00, 0x00, 0x00, 0x00, 0x00, 0x00, 0x00, 0x00, 0x00, 0x00, 0x00, 0x5F, 0xFF, 0xFF, 0xFF, 0xFF, 0xFF, 0x60, 0x00, 0x00, 0x00, 0x9F,
  0xFF, 0xFF, 0xFF, 0xFF, 0xFF, 0xA0, 0x00, 0x00, 0x00, 0x00, 0x00, 0x00, 0x00, 0x00, 0x00, 0x05, 0xFF, 0xFF, 0xFF, 0xFF, 0xFF, 0xFD, 0x00, 0x00,
  0x00, 0x00, 0x2F, 0xFF, 0xFF, 0xFF, 0xFF, 0xFF, 0xF9, 0x00, 0x00, 0x00, 0x00, 0x00, 0x00, 0x00, 0x00, 0x00, 0x7F, 0xFF, 0xFF, 0xFF, 0xFF, 0xFF,
  0xF5, 0x00, 0x00, 0x00, 0x00, 0x09, 0xFF, 0xFF, 0xFF, 0xFF, 0xFF, 0xFF, 0xC2, 0x00, 0x00, 0x00, 0x00, 0x00, 0x00, 0x00, 0x2B, 0xFF, 0xFF, 0xFF,
  0xFF, 0xFF, 0xFF, 0xA0, 0x00, 0x00, 0x00, 0x00, 0x01, 0xEF, 0xFF, 0xFF, 0xFF, 0xFF, 0xFF, 0xFF, 0x92, 0x00, 0x00, 0x00, 0x00, 0x00, 0x3A, 0xFF,
  0xFF, 0xFF, 0xFF, 0xFF, 0xFF, 0xFE, 0x10, 0x00, 0x00, 0x00, 0x00, 0x00, 0x5F, 0xFF, 0xFF, 0xFF, 0xFF, 0xFF, 0xFF, 0xFF, 0xD9, 0x65, 0x45, 0x67,
  0xAE, 0xFF, 0xFF, 0xFF, 0xFF, 0xFF, 0xFF, 0xFF, 0xF4, 0x00, 0x00, 0x00, 0x00, 0x00, 0x00, 0x08, 0xFF, 0xFF, 0xFF, 0xFF, 0xFF, 0xFF, 0xFF, 0xFF,
  0xFF, 0xFF, 0xFF, 0xFF, 0xFF, 0xFF, 0xFF, 0xFF, 0xFF, 0xFF, 0xFF, 0x70, 0x00, 0x00, 0x00, 0x00, 0x00, 0x00, 0x00, 0xAF, 0xFF, 0xFF, 0xFF, 0xFF,
  0xFF, 0xFF, 0xFF, 0xFF, 0xFF, 0xFF, 0xFF, 0xFF, 0xFF, 0xFF, 0xFF, 0xFF, 0xFF, 0xF8, 0x00, 0x00, 0x00, 0x00, 0x00, 0x00, 0x00, 0x00, 0x0A, 0xFF,
  0xFF, 0xFF, 0xFF, 0xFF, 0xFF, 0xFF, 0xFF, 0xFF, 0xFF, 0xFF, 0xFF, 0xFF, 0xFF, 0xFF, 0xFF, 0xFF, 0x80, 0x00, 0x00, 0x00, 0x00, 0x00, 0x00, 0x00,
  0x00, 0x00, 0x8F, 0xFF, 0xFF, 0xFF, 0xFF, 0xFF, 0xFF, 0xFF, 0xFF, 0xFF, 0xFF, 0xFF, 0xFF, 0xFF, 0xFF, 0xFF, 0xF7, 0x00, 0x00, 0x00, 0x00, 0x00,
  0x00, 0x00, 0x00, 0x00, 0x00, 0x04, 0xEF, 0xFF, 0xFF, 0xFF, 0xFF, 0xFF, 0xFF, 0xFF, 0xFF, 0xFF, 0xFF, 0xFF, 0xFF, 0xFF, 0xFE, 0x40, 0x00, 0x00,
  0x00, 0x00, 0x00, 0x00, 0x00, 0x00, 0x00, 0x00, 0x00, 0x19, 0xFF, 0xFF, 0xFF, 0xFF, 0xFF, 0xFF, 0xFF, 0xFF, 0xFF, 0xFF, 0xFF, 0xFF, 0xFF, 0x91,
  0x00, 0x00, 0x00, 0x00, 0x00, 0x00, 0x00, 0x00, 0x00, 0x00, 0x00, 0x00, 0x00, 0x29, 0xFF, 0xFF, 0xFF, 0xFF, 0xFF, 0xFF, 0xFF, 0xFF, 0xFF, 0xFF,
  0xFF, 0xA3, 0x00, 0x00, 0x00, 0x00, 0x00, 0x00, 0x00, 0x00, 0x00, 0x00, 0x00, 0x00, 0x00, 0x00, 0x00, 0x17, 0xBF, 0xFF, 0xFF, 0xFF, 0xFF, 0xFF,
  0xFF, 0xFF, 0xFC, 0x72, 0x00, 0x00, 0x00, 0x00, 0x00, 0x00, 0x00, 0x00, 0x00, 0x00, 0x00, 0x00, 0x00, 0x00, 0x00, 0x00, 0x00, 0x01, 0x57, 0xAC,
  0xDE, 0xFF, 0xEE, 0xCA, 0x85, 0x10, 0x00, 0x00, 0x00, 0x00, 0x00, 0x00, 0x00, 0x00, 0x00, 0x00, 0x00, 0x00, 0x39, 0xDF, 0xEC, 0x71, 0x00, 0x00,
  0x00, 0x8F, 0xFF, 0xFF, 0xFF, 0xE4, 0x00, 0x00, 0x8F, 0xFF, 0xFF, 0xFF, 0xFF, 0xF4, 0x00, 0x4F, 0xFF, 0xFF, 0xFF, 0xFF, 0xFF, 0xE1, 0x0B, 0xFF,
  0xFF, 0xFF, 0xFF, 0xFF, 0xFF, 0x71, 0xFF, 0xFF, 0xFF, 0xFF, 0xFF, 0xFF, 0xFB, 0x3F, 0xFF, 0xFF, 0xFF, 0xFF, 0xFF, 0xFF, 0xD3, 0xFF, 0xFF, 0xFF,
  0xFF, 0xFF, 0xFF, 0xFD, 0x1F, 0xFF, 0xFF, 0xFF, 0xFF, 0xFF, 0xFF, 0xB0, 0xCF, 0xFF, 0xFF, 0xFF, 0xFF, 0xFF, 0xF7, 0x04, 0xFF, 0xFF, 0xFF, 0xFF,
  0xFF, 0xFE, 0x10, 0x09, 0xFF, 0xFF, 0xFF, 0xFF, 0xFF, 0x40, 0x00, 0x08, 0xFF, 0xFF, 0xFF, 0xFE, 0x40, 0x00, 0x00, 0x03, 0x9D, 0xFE, 0xC8, 0x10,
  0x00, 0x00, 0x00, 0x00, 0x00, 0x00, 0x00, 0x00, 0x00, 0x00, 0x00, 0x00, 0x00, 0x00, 0x00, 0x00, 0x00, 0x00, 0x00, 0x00, 0x00, 0x00, 0x00, 0x00,
  0x00, 0x00, 0x00, 0x00, 0x00, 0x00, 0x00, 0x00, 0x00, 0x00, 0x00, 0x00, 0x00, 0x00, 0x00, 0x00, 0x00, 0x00, 0x00, 0x00, 0x00, 0x00, 0x00, 0x00,
  0x00, 0x00, 0x00, 0x00, 0x00, 0x00, 0x00, 0x00, 0x00, 0x00, 0x00, 0x00, 0x00, 0x00, 0x00, 0x00, 0x00, 0x00, 0x00, 0x00, 0x00, 0x00, 0x00, 0x00,
  0x00, 0x00, 0x00, 0x00, 0x00, 0x00, 0x00, 0x00, 0x00, 0x00, 0x00, 0x00, 0x00, 0x00, 0x00, 0x00, 0x00, 0x00, 0x00, 0x00, 0x00, 0x00, 0x00, 0x00,
  0x00, 0x00, 0x00, 0x00, 0x00, 0x00, 0x00, 0x00, 0x00, 0x00, 0x00, 0x00, 0x00, 0x00, 0x00, 0x00, 0x00, 0x00, 0x00, 0x00, 0x00, 0x00, 0x00, 0x00,
  0x00, 0x00, 0x00, 0x00, 0x00, 0x00, 0x00, 0x00, 0x00, 0x00, 0x00, 0x00, 0x00, 0x00, 0x00, 0x00, 0x00, 0x00, 0x00, 0x00, 0x00, 0x00, 0x00, 0x00,
  0x00, 0x00, 0x00, 0x00, 0x00, 0x00, 0x00, 0x00, 0x00, 0x00, 0x00, 0x00, 0x00, 0x00, 0x00, 0x00, 0x00, 0x00, 0x00, 0x00, 0x00, 0x00, 0x00, 0x00,
  0x00, 0x00, 0x00, 0x00, 0x00, 0x00, 0x00, 0x00, 0x00, 0x00, 0x00, 0x00, 0x00, 0x00, 0x00, 0x39, 0xDF, 0xEC, 0x71, 0x00, 0x00, 0x00, 0x8F, 0xFF,
  0xFF, 0xFF, 0xE4, 0x00, 0x00, 0x8F, 0xFF, 0xFF, 0xFF, 0xFF, 0xF4, 0x00, 0x4F, 0xFF, 0xFF, 0xFF, 0xFF, 0xFF, 0xE1, 0x0B, 0xFF, 0xFF, 0xFF, 0xFF,
  0xFF, 0xFF, 0x71, 0xFF, 0xFF, 0xFF, 0xFF, 0xFF, 0xFF, 0xFB, 0x3F, 0xFF, 0xFF, 0xFF, 0xFF, 0xFF, 0xFF, 0xD3, 0xFF, 0xFF, 0xFF, 0xFF, 0xFF, 0xFF,
  0xFD, 0x1F, 0xFF, 0xFF, 0xFF, 0xFF, 0xFF, 0xFF, 0xB0, 0xCF, 0xFF, 0xFF, 0xFF, 0xFF, 0xFF, 0xF7, 0x04, 0xFF, 0xFF, 0xFF, 0xFF, 0xFF, 0xFE, 0x10,
  0x09, 0xFF, 0xFF, 0xFF, 0xFF, 0xFF, 0x40, 0x00, 0x08, 0xFF, 0xFF, 0xFF, 0xFE, 0x40, 0x00, 0x00, 0x03, 0x9D, 0xFE, 0xC8, 0x10, 0x00,
};
static const Glyph CLOCK_GLYPHS[] PROGMEM = {
  {0, 57, 78, 4, -77, 65}, {2223, 30, 76, 2, -76, 39}, {3363, 52, 77, 4, -77, 60}, {5365, 55, 79, 4, -78, 63},
  {7538, 61, 76, 2, -76, 66}, {9856, 54, 77, 3, -76, 61}, {11935, 54, 79, 4, -78, 62}, {14068, 51, 76, 2, -76, 55},
  {16006, 54, 79, 4, -78, 62}, {18139, 54, 79, 4, -78, 62}, {20272, 15, 52, 4, -51, 24},
};
static const Font CLOCK_FONT = {CLOCK_BITS, CLOCK_GLYPHS, 48, 58, 104, 78};
